filename,nearest_region,poverty_level
10.0028716514_8.863027769988006_10.0028716514_8.877999691389999.png,Plateau,30-40
10.0028716514_8.89297161279199_10.0028716514_8.877999691389999.png,Plateau,30-40
10.017843572801992_8.833083927184022_10.0028716514_8.877999691389999.png,Plateau,30-40
10.017843572801992_8.848055848586014_10.0028716514_8.877999691389999.png,Plateau,30-40
10.017843572801992_8.863027769988006_10.0028716514_8.877999691389999.png,Plateau,30-40
10.017843572801992_8.907943534193983_10.0028716514_8.877999691389999.png,Plateau,30-40
10.029472774996016_8.582877147633985_10.0594166178_8.55293330483.png,Plateau,30-40
10.032815494203984_8.863027769988006_10.0028716514_8.877999691389999.png,Plateau,30-40
10.044718453896015_9.563723893414023_10.0746622967_9.60863965762.png,Plateau,30-40
10.044718453896015_9.593667736218007_10.0746622967_9.60863965762.png,Plateau,30-40
10.044718453896015_9.623611579021992_10.0746622967_9.60863965762.png,Plateau,30-40
10.0746622967_9.578695814816015_10.0746622967_9.60863965762.png,Plateau,30-40
10.0746622967_9.638583500423984_10.0746622967_9.60863965762.png,Plateau,30-40
10.0746622967_9.653555421825976_10.0746622967_9.60863965762.png,Plateau,30-40
10.089634218101992_9.60863965762_10.0746622967_9.60863965762.png,Plateau,30-40
10.089634218101992_9.653555421825976_10.0746622967_9.60863965762.png,Plateau,30-40
10.104606139503984_9.623611579021992_10.0746622967_9.60863965762.png,Plateau,30-40
10.104606139503984_9.638583500423984_10.0746622967_9.60863965762.png,Plateau,30-40
10.119578060905976_9.563723893414023_10.0746622967_9.60863965762.png,Plateau,30-40
10.119578060905976_9.578695814816015_10.0746622967_9.60863965762.png,Plateau,30-40
10.241308921794024_9.637662894930001_10.286224686_9.637662894930001.png,Plateau,30-40
10.256280843196016_9.652634816331993_10.286224686_9.637662894930001.png,Plateau,30-40
10.271252764598009_9.652634816331993_10.286224686_9.637662894930001.png,Plateau,30-40
10.286224686_9.607719052126017_10.286224686_9.637662894930001.png,Plateau,30-40
10.286224686_9.637662894930001_10.286224686_9.637662894930001.png,Plateau,30-40
10.301196607401993_9.592747130724025_10.286224686_9.637662894930001.png,Plateau,30-40
10.301196607401993_9.607719052126017_10.286224686_9.637662894930001.png,Plateau,30-40
10.316168528803985_9.592747130724025_10.286224686_9.637662894930001.png,Plateau,30-40
10.316168528803985_9.637662894930001_10.286224686_9.637662894930001.png,Plateau,30-40
10.322065923694023_9.457791493814023_10.3669816879_9.50270725802.png,Plateau,30-40
10.322065923694023_9.50270725802_10.3669816879_9.50270725802.png,Plateau,30-40
10.331140450205977_9.607719052126017_10.286224686_9.637662894930001.png,Plateau,30-40
10.337037845096015_9.50270725802_10.3669816879_9.50270725802.png,Plateau,30-40
10.337037845096015_9.547623022225975_10.3669816879_9.50270725802.png,Plateau,30-40
10.352009766498007_9.517679179421991_10.3669816879_9.50270725802.png,Plateau,30-40
10.3669816879_9.50270725802_10.3669816879_9.50270725802.png,Plateau,30-40
10.3669816879_9.532651100823983_10.3669816879_9.50270725802.png,Plateau,30-40
10.381953609301991_9.457791493814023_10.3669816879_9.50270725802.png,Plateau,30-40
10.396925530703983_9.487735336618007_10.3669816879_9.50270725802.png,Plateau,30-40
10.396925530703983_9.532651100823983_10.3669816879_9.50270725802.png,Plateau,30-40
10.411897452105976_9.487735336618007_10.3669816879_9.50270725802.png,Plateau,30-40
10.411897452105976_9.50270725802_10.3669816879_9.50270725802.png,Plateau,30-40
10.411897452105976_9.547623022225975_10.3669816879_9.50270725802.png,Plateau,30-40
8.701375911974024_9.578226704126015_8.74629167618_9.60817054693.png,Plateau,30-40
8.716347833376016_9.578226704126015_8.74629167618_9.60817054693.png,Plateau,30-40
8.731319754778008_9.578226704126015_8.74629167618_9.60817054693.png,Plateau,30-40
8.731319754778008_9.593198625528007_8.74629167618_9.60817054693.png,Plateau,30-40
8.74629167618_9.578226704126015_8.74629167618_9.60817054693.png,Plateau,30-40
8.74629167618_9.593198625528007_8.74629167618_9.60817054693.png,Plateau,30-40
8.74629167618_9.653086311135976_8.74629167618_9.60817054693.png,Plateau,30-40
8.761263597581992_9.578226704126015_8.74629167618_9.60817054693.png,Plateau,30-40
8.761263597581992_9.593198625528007_8.74629167618_9.60817054693.png,Plateau,30-40
8.776235518983984_9.578226704126015_8.74629167618_9.60817054693.png,Plateau,30-40
8.776235518983984_9.593198625528007_8.74629167618_9.60817054693.png,Plateau,30-40
8.791207440385977_9.60817054693_8.74629167618_9.60817054693.png,Plateau,30-40
8.791207440385977_9.653086311135976_8.74629167618_9.60817054693.png,Plateau,30-40
9.009691403184023_9.597610285676016_9.05460716739_9.62755412848.png,Plateau,30-40
9.009691403184023_9.642526049881992_9.05460716739_9.62755412848.png,Plateau,30-40
9.024663324586015_9.597610285676016_9.05460716739_9.62755412848.png,Plateau,30-40
9.024663324586015_9.612582207078008_9.05460716739_9.62755412848.png,Plateau,30-40
9.024663324586015_9.657497971283984_9.05460716739_9.62755412848.png,Plateau,30-40
9.038334325024023_9.875452234539999_9.083250089229999_9.875452234539999.png,Plateau,30-40
9.038334325024023_9.905396077343983_9.083250089229999_9.875452234539999.png,Plateau,30-40
9.038334325024023_9.920367998745975_9.083250089229999_9.875452234539999.png,Plateau,30-40
9.039635245988007_9.612582207078008_9.05460716739_9.62755412848.png,Plateau,30-40
9.039635245988007_9.62755412848_9.05460716739_9.62755412848.png,Plateau,30-40
9.053306246426015_9.830536470334023_9.083250089229999_9.875452234539999.png,Plateau,30-40
9.053306246426015_9.890424155941991_9.083250089229999_9.875452234539999.png,Plateau,30-40
9.053306246426015_9.905396077343983_9.083250089229999_9.875452234539999.png,Plateau,30-40
9.053306246426015_9.920367998745975_9.083250089229999_9.875452234539999.png,Plateau,30-40
9.05460716739_9.582638364274024_9.05460716739_9.62755412848.png,Plateau,30-40
9.068278167828007_9.905396077343983_9.083250089229999_9.875452234539999.png,Plateau,30-40
9.069579088791992_9.597610285676016_9.05460716739_9.62755412848.png,Plateau,30-40
9.069579088791992_9.672469892685976_9.05460716739_9.62755412848.png,Plateau,30-40
9.083250089229999_9.860480313138007_9.083250089229999_9.875452234539999.png,Plateau,30-40
9.084551010193984_9.672469892685976_9.05460716739_9.62755412848.png,Plateau,30-40
9.093112038674024_8.720822914456017_9.13802780288_8.750766757260001.png,Plateau,30-40
9.093112038674024_8.780710600063985_9.13802780288_8.750766757260001.png,Plateau,30-40
9.098834207446016_8.940462993958008_9.12877805025_8.95543491536.png,Plateau,30-40
9.099522931595976_9.582638364274024_9.05460716739_9.62755412848.png,Plateau,30-40
9.099522931595976_9.657497971283984_9.05460716739_9.62755412848.png,Plateau,30-40
9.108083960076016_8.735794835858009_9.13802780288_8.750766757260001.png,Plateau,30-40
9.108083960076016_8.765738678661993_9.13802780288_8.750766757260001.png,Plateau,30-40
9.108083960076016_8.780710600063985_9.13802780288_8.750766757260001.png,Plateau,30-40
9.113193932033983_9.860480313138007_9.083250089229999_9.875452234539999.png,Plateau,30-40
9.113806128848008_8.970406836761992_9.12877805025_8.95543491536.png,Plateau,30-40
9.123055881478008_8.750766757260001_9.13802780288_8.750766757260001.png,Plateau,30-40
9.128165853435975_9.845508391736015_9.083250089229999_9.875452234539999.png,Plateau,30-40
9.128165853435975_9.875452234539999_9.083250089229999_9.875452234539999.png,Plateau,30-40
9.128165853435975_9.905396077343983_9.083250089229999_9.875452234539999.png,Plateau,30-40
9.12877805025_8.910519151154023_9.12877805025_8.95543491536.png,Plateau,30-40
9.12877805025_8.970406836761992_9.12877805025_8.95543491536.png,Plateau,30-40
9.12877805025_9.000350679565976_9.12877805025_8.95543491536.png,Plateau,30-40
9.143749971651992_8.910519151154023_9.12877805025_8.95543491536.png,Plateau,30-40
9.143749971651992_8.940462993958008_9.12877805025_8.95543491536.png,Plateau,30-40
9.143749971651992_8.985378758163984_9.12877805025_8.95543491536.png,Plateau,30-40
9.158721893053984_8.910519151154023_9.12877805025_8.95543491536.png,Plateau,30-40
9.164621487174024_8.488862338771993_9.20953725138_8.47389041737.png,Plateau,30-40
9.167971645683984_8.735794835858009_9.13802780288_8.750766757260001.png,Plateau,30-40
9.167971645683984_8.765738678661993_9.13802780288_8.750766757260001.png,Plateau,30-40
9.167971645683984_8.780710600063985_9.13802780288_8.750766757260001.png,Plateau,30-40
9.173693814455977_8.95543491536_9.12877805025_8.95543491536.png,Plateau,30-40
9.173693814455977_8.985378758163984_9.12877805025_8.95543491536.png,Plateau,30-40
9.173693814455977_9.000350679565976_9.12877805025_8.95543491536.png,Plateau,30-40
9.179593408576016_8.518806181575977_9.20953725138_8.47389041737.png,Plateau,30-40
9.182943567085976_8.705850993054025_9.13802780288_8.750766757260001.png,Plateau,30-40
9.182943567085976_8.780710600063985_9.13802780288_8.750766757260001.png,Plateau,30-40
9.20953725138_8.518806181575977_9.20953725138_8.47389041737.png,Plateau,30-40
9.224509172781993_8.503834260173985_9.20953725138_8.47389041737.png,Plateau,30-40
9.230310466354023_9.806280073930001_9.27522623056_9.806280073930001.png,Plateau,30-40
9.239481094183985_8.458918495968009_9.20953725138_8.47389041737.png,Plateau,30-40
9.239481094183985_8.503834260173985_9.20953725138_8.47389041737.png,Plateau,30-40
9.239481094183985_8.518806181575977_9.20953725138_8.47389041737.png,Plateau,30-40
9.245282387756015_9.806280073930001_9.27522623056_9.806280073930001.png,Plateau,30-40
9.245282387756015_9.851195838135977_9.27522623056_9.806280073930001.png,Plateau,30-40
9.254453015585977_8.488862338771993_9.20953725138_8.47389041737.png,Plateau,30-40
9.260254309158007_9.836223916733985_9.27522623056_9.806280073930001.png,Plateau,30-40
9.358670611896017_9.482257392063984_9.3886144547_9.45231354926.png,Plateau,30-40
9.372784502064023_9.055118751358009_9.41770026627_9.070090672760001.png,Plateau,30-40
9.372784502064023_9.070090672760001_9.41770026627_9.070090672760001.png,Plateau,30-40
9.373642533298009_9.422369706456015_9.3886144547_9.45231354926.png,Plateau,30-40
9.373642533298009_9.482257392063984_9.3886144547_9.45231354926.png,Plateau,30-40
9.387756423466016_9.100034515563985_9.41770026627_9.070090672760001.png,Plateau,30-40
9.387756423466016_9.115006436965977_9.41770026627_9.070090672760001.png,Plateau,30-40
9.3886144547_9.407397785054023_9.3886144547_9.45231354926.png,Plateau,30-40
9.3886144547_9.45231354926_9.3886144547_9.45231354926.png,Plateau,30-40
9.402728344868008_9.025174908554025_9.41770026627_9.070090672760001.png,Plateau,30-40
9.402728344868008_9.085062594161993_9.41770026627_9.070090672760001.png,Plateau,30-40
9.403586376101993_9.497229313465976_9.3886144547_9.45231354926.png,Plateau,30-40
9.41770026627_9.040146829956017_9.41770026627_9.070090672760001.png,Plateau,30-40
9.41770026627_9.070090672760001_9.41770026627_9.070090672760001.png,Plateau,30-40
9.41770026627_9.115006436965977_9.41770026627_9.070090672760001.png,Plateau,30-40
9.418558297503985_9.467285470661992_9.3886144547_9.45231354926.png,Plateau,30-40
9.418558297503985_9.482257392063984_9.3886144547_9.45231354926.png,Plateau,30-40
9.432672187671992_9.070090672760001_9.41770026627_9.070090672760001.png,Plateau,30-40
9.433530218905977_9.407397785054023_9.3886144547_9.45231354926.png,Plateau,30-40
9.433530218905977_9.422369706456015_9.3886144547_9.45231354926.png,Plateau,30-40
9.433530218905977_9.437341627858007_9.3886144547_9.45231354926.png,Plateau,30-40
9.433530218905977_9.482257392063984_9.3886144547_9.45231354926.png,Plateau,30-40
9.433530218905977_9.497229313465976_9.3886144547_9.45231354926.png,Plateau,30-40
9.447644109073984_9.055118751358009_9.41770026627_9.070090672760001.png,Plateau,30-40
9.462616030475976_9.040146829956017_9.41770026627_9.070090672760001.png,Plateau,30-40
9.565112867944023_8.908918457473984_9.61002863215_8.87897461467.png,Plateau,30-40
9.580084789346015_8.849030771866015_9.61002863215_8.87897461467.png,Plateau,30-40
9.580084789346015_8.864002693268008_9.61002863215_8.87897461467.png,Plateau,30-40
9.580084789346015_8.87897461467_9.61002863215_8.87897461467.png,Plateau,30-40
9.580084789346015_8.893946536071992_9.61002863215_8.87897461467.png,Plateau,30-40
9.603998132384024_8.735700306024023_9.64891389659_8.78061607023.png,Plateau,30-40
9.603998132384024_8.765644148828008_9.64891389659_8.78061607023.png,Plateau,30-40
9.603998132384024_8.795587991631992_9.64891389659_8.78061607023.png,Plateau,30-40
9.61002863215_8.834058850464023_9.61002863215_8.87897461467.png,Plateau,30-40
9.61002863215_8.849030771866015_9.61002863215_8.87897461467.png,Plateau,30-40
9.61002863215_8.893946536071992_9.61002863215_8.87897461467.png,Plateau,30-40
9.618970053786017_8.735700306024023_9.64891389659_8.78061607023.png,Plateau,30-40
9.618970053786017_8.795587991631992_9.64891389659_8.78061607023.png,Plateau,30-40
9.618970053786017_8.825531834435976_9.64891389659_8.78061607023.png,Plateau,30-40
9.625000553551992_8.864002693268008_9.61002863215_8.87897461467.png,Plateau,30-40
9.633941975188009_8.795587991631992_9.64891389659_8.78061607023.png,Plateau,30-40
9.639972474953984_8.864002693268008_9.61002863215_8.87897461467.png,Plateau,30-40
9.639972474953984_8.893946536071992_9.61002863215_8.87897461467.png,Plateau,30-40
9.64891389659_8.795587991631992_9.64891389659_8.78061607023.png,Plateau,30-40
9.64891389659_8.825531834435976_9.64891389659_8.78061607023.png,Plateau,30-40
9.654944396355976_8.923890378875976_9.61002863215_8.87897461467.png,Plateau,30-40
9.663885817991993_8.750672227426016_9.64891389659_8.78061607023.png,Plateau,30-40
9.693829660795977_8.765644148828008_9.64891389659_8.78061607023.png,Plateau,30-40
9.693829660795977_8.78061607023_9.64891389659_8.78061607023.png,Plateau,30-40
9.697468296084024_8.433194291316015_9.74238406029_8.46313813412.png,Plateau,30-40
9.697468296084024_8.508053898325976_9.74238406029_8.46313813412.png,Plateau,30-40
9.712440217486016_8.46313813412_9.74238406029_8.46313813412.png,Plateau,30-40
9.727412138888008_8.493081976923984_9.74238406029_8.46313813412.png,Plateau,30-40
9.74238406029_8.418222369914023_9.74238406029_8.46313813412.png,Plateau,30-40
9.74238406029_8.433194291316015_9.74238406029_8.46313813412.png,Plateau,30-40
9.757355981691992_8.448166212718007_9.74238406029_8.46313813412.png,Plateau,30-40
9.772327903093984_8.418222369914023_9.74238406029_8.46313813412.png,Plateau,30-40
9.772327903093984_8.433194291316015_9.74238406029_8.46313813412.png,Plateau,30-40
9.772327903093984_8.508053898325976_9.74238406029_8.46313813412.png,Plateau,30-40
9.787299824495976_8.46313813412_9.74238406029_8.46313813412.png,Plateau,30-40
9.787299824495976_8.493081976923984_9.74238406029_8.46313813412.png,Plateau,30-40
9.848197876954025_8.821915421384023_9.893113641160001_8.86683118559.png,Plateau,30-40
9.848197876954025_8.836887342786016_9.893113641160001_8.86683118559.png,Plateau,30-40
9.848197876954025_8.851859264188008_9.893113641160001_8.86683118559.png,Plateau,30-40
9.848197876954025_8.86683118559_9.893113641160001_8.86683118559.png,Plateau,30-40
9.848197876954025_8.881803106991992_9.893113641160001_8.86683118559.png,Plateau,30-40
9.848197876954025_8.896775028393984_9.893113641160001_8.86683118559.png,Plateau,30-40
9.848197876954025_8.911746949795976_9.893113641160001_8.86683118559.png,Plateau,30-40
9.854423218127863_8.826509085804842_9.893113641160001_8.86683118559.png,Plateau,30-40
9.863169798356017_8.821915421384023_9.893113641160001_8.86683118559.png,Plateau,30-40
9.863169798356017_8.836887342786016_9.893113641160001_8.86683118559.png,Plateau,30-40
9.863169798356017_8.851859264188008_9.893113641160001_8.86683118559.png,Plateau,30-40
9.863169798356017_8.86683118559_9.893113641160001_8.86683118559.png,Plateau,30-40
9.863169798356017_8.881803106991992_9.893113641160001_8.86683118559.png,Plateau,30-40
9.863169798356017_8.896775028393984_9.893113641160001_8.86683118559.png,Plateau,30-40
9.863169798356017_8.911746949795976_9.893113641160001_8.86683118559.png,Plateau,30-40
9.867295257435254_8.906895087798317_9.893113641160001_8.86683118559.png,Plateau,30-40
9.871811752984023_8.842375961954025_9.91672751719_8.88729172616.png,Plateau,30-40
9.871811752984023_8.857347883356017_9.91672751719_8.88729172616.png,Plateau,30-40
9.871811752984023_8.872319804758009_9.91672751719_8.88729172616.png,Plateau,30-40
9.871811752984023_8.88729172616_9.91672751719_8.88729172616.png,Plateau,30-40
9.871811752984023_8.902263647561993_9.91672751719_8.88729172616.png,Plateau,30-40
9.871811752984023_8.917235568963985_9.91672751719_8.88729172616.png,Plateau,30-40
9.871811752984023_8.932207490365977_9.91672751719_8.88729172616.png,Plateau,30-40
9.878141719758009_8.821915421384023_9.893113641160001_8.86683118559.png,Plateau,30-40
9.878141719758009_8.836887342786016_9.893113641160001_8.86683118559.png,Plateau,30-40
9.878141719758009_8.851859264188008_9.893113641160001_8.86683118559.png,Plateau,30-40
9.878141719758009_8.86683118559_9.893113641160001_8.86683118559.png,Plateau,30-40
9.878141719758009_8.881803106991992_9.893113641160001_8.86683118559.png,Plateau,30-40
9.878141719758009_8.896775028393984_9.893113641160001_8.86683118559.png,Plateau,30-40
9.878141719758009_8.911746949795976_9.893113641160001_8.86683118559.png,Plateau,30-40
9.886783674386015_8.842375961954025_9.91672751719_8.88729172616.png,Plateau,30-40
9.886783674386015_8.857347883356017_9.91672751719_8.88729172616.png,Plateau,30-40
9.886783674386015_8.872319804758009_9.91672751719_8.88729172616.png,Plateau,30-40
9.886783674386015_8.88729172616_9.91672751719_8.88729172616.png,Plateau,30-40
9.886783674386015_8.902263647561993_9.91672751719_8.88729172616.png,Plateau,30-40
9.886783674386015_8.917235568963985_9.91672751719_8.88729172616.png,Plateau,30-40
9.886783674386015_8.932207490365977_9.91672751719_8.88729172616.png,Plateau,30-40
9.888713619394023_8.875177288214024_9.9336293836_8.92009305242.png,Plateau,30-40
9.888713619394023_8.890149209616016_9.9336293836_8.92009305242.png,Plateau,30-40
9.888713619394023_8.905121131018008_9.9336293836_8.92009305242.png,Plateau,30-40
9.888713619394023_8.92009305242_9.9336293836_8.92009305242.png,Plateau,30-40
9.888713619394023_8.935064973821992_9.9336293836_8.92009305242.png,Plateau,30-40
9.888713619394023_8.950036895223985_9.9336293836_8.92009305242.png,Plateau,30-40
9.888713619394023_8.965008816625977_9.9336293836_8.92009305242.png,Plateau,30-40
9.893113641160001_8.821915421384023_9.893113641160001_8.86683118559.png,Plateau,30-40
9.893113641160001_8.836887342786016_9.893113641160001_8.86683118559.png,Plateau,30-40
9.893113641160001_8.851859264188008_9.893113641160001_8.86683118559.png,Plateau,30-40
9.893113641160001_8.86683118559_9.893113641160001_8.86683118559.png,Plateau,30-40
9.893113641160001_8.881803106991992_9.893113641160001_8.86683118559.png,Plateau,30-40
9.893113641160001_8.896775028393984_9.893113641160001_8.86683118559.png,Plateau,30-40
9.893113641160001_8.911746949795976_9.893113641160001_8.86683118559.png,Plateau,30-40
9.901755595788007_8.842375961954025_9.91672751719_8.88729172616.png,Plateau,30-40
9.901755595788007_8.857347883356017_9.91672751719_8.88729172616.png,Plateau,30-40
9.901755595788007_8.872319804758009_9.91672751719_8.88729172616.png,Plateau,30-40
9.901755595788007_8.88729172616_9.91672751719_8.88729172616.png,Plateau,30-40
9.901755595788007_8.902263647561993_9.91672751719_8.88729172616.png,Plateau,30-40
9.901755595788007_8.917235568963985_9.91672751719_8.88729172616.png,Plateau,30-40
9.901755595788007_8.932207490365977_9.91672751719_8.88729172616.png,Plateau,30-40
9.903685540796015_8.875177288214024_9.9336293836_8.92009305242.png,Plateau,30-40
9.903685540796015_8.890149209616016_9.9336293836_8.92009305242.png,Plateau,30-40
9.903685540796015_8.905121131018008_9.9336293836_8.92009305242.png,Plateau,30-40
9.903685540796015_8.92009305242_9.9336293836_8.92009305242.png,Plateau,30-40
9.903685540796015_8.935064973821992_9.9336293836_8.92009305242.png,Plateau,30-40
9.903685540796015_8.950036895223985_9.9336293836_8.92009305242.png,Plateau,30-40
9.903685540796015_8.965008816625977_9.9336293836_8.92009305242.png,Plateau,30-40
9.908085562561993_8.821915421384023_9.893113641160001_8.86683118559.png,Plateau,30-40
9.908085562561993_8.836887342786016_9.893113641160001_8.86683118559.png,Plateau,30-40
9.908085562561993_8.851859264188008_9.893113641160001_8.86683118559.png,Plateau,30-40
9.908085562561993_8.86683118559_9.893113641160001_8.86683118559.png,Plateau,30-40
9.908085562561993_8.881803106991992_9.893113641160001_8.86683118559.png,Plateau,30-40
9.908085562561993_8.896775028393984_9.893113641160001_8.86683118559.png,Plateau,30-40
9.908085562561993_8.911746949795976_9.893113641160001_8.86683118559.png,Plateau,30-40
9.90858875848692_8.850704711686163_9.91672751719_8.88729172616.png,Plateau,30-40
9.91672751719_8.842375961954025_9.91672751719_8.88729172616.png,Plateau,30-40
9.91672751719_8.857347883356017_9.91672751719_8.88729172616.png,Plateau,30-40
9.91672751719_8.872319804758009_9.91672751719_8.88729172616.png,Plateau,30-40
9.91672751719_8.88729172616_9.91672751719_8.88729172616.png,Plateau,30-40
9.91672751719_8.902263647561993_9.91672751719_8.88729172616.png,Plateau,30-40
9.91672751719_8.917235568963985_9.91672751719_8.88729172616.png,Plateau,30-40
9.91672751719_8.932207490365977_9.91672751719_8.88729172616.png,Plateau,30-40
9.918657462198007_8.875177288214024_9.9336293836_8.92009305242.png,Plateau,30-40
9.918657462198007_8.890149209616016_9.9336293836_8.92009305242.png,Plateau,30-40
9.918657462198007_8.905121131018008_9.9336293836_8.92009305242.png,Plateau,30-40
9.918657462198007_8.92009305242_9.9336293836_8.92009305242.png,Plateau,30-40
9.918657462198007_8.935064973821992_9.9336293836_8.92009305242.png,Plateau,30-40
9.918657462198007_8.950036895223985_9.9336293836_8.92009305242.png,Plateau,30-40
9.918657462198007_8.965008816625977_9.9336293836_8.92009305242.png,Plateau,30-40
9.923057483963985_8.821915421384023_9.893113641160001_8.86683118559.png,Plateau,30-40
9.923057483963985_8.836887342786016_9.893113641160001_8.86683118559.png,Plateau,30-40
9.923057483963985_8.851859264188008_9.893113641160001_8.86683118559.png,Plateau,30-40
9.923057483963985_8.86683118559_9.893113641160001_8.86683118559.png,Plateau,30-40
9.923057483963985_8.881803106991992_9.893113641160001_8.86683118559.png,Plateau,30-40
9.923057483963985_8.896775028393984_9.893113641160001_8.86683118559.png,Plateau,30-40
9.923057483963985_8.911746949795976_9.893113641160001_8.86683118559.png,Plateau,30-40
9.924090040342643_8.930875110428113_9.91672751719_8.88729172616.png,Plateau,30-40
9.92916536883548_8.884613062505391_9.9336293836_8.92009305242.png,Plateau,30-40
9.931699438591991_8.842375961954025_9.91672751719_8.88729172616.png,Plateau,30-40
9.931699438591991_8.857347883356017_9.91672751719_8.88729172616.png,Plateau,30-40
9.931699438591991_8.872319804758009_9.91672751719_8.88729172616.png,Plateau,30-40
9.931699438591991_8.88729172616_9.91672751719_8.88729172616.png,Plateau,30-40
9.931699438591991_8.902263647561993_9.91672751719_8.88729172616.png,Plateau,30-40
9.931699438591991_8.917235568963985_9.91672751719_8.88729172616.png,Plateau,30-40
9.931699438591991_8.932207490365977_9.91672751719_8.88729172616.png,Plateau,30-40
9.9336293836_8.875177288214024_9.9336293836_8.92009305242.png,Plateau,30-40
9.9336293836_8.890149209616016_9.9336293836_8.92009305242.png,Plateau,30-40
9.9336293836_8.905121131018008_9.9336293836_8.92009305242.png,Plateau,30-40
9.9336293836_8.92009305242_9.9336293836_8.92009305242.png,Plateau,30-40
9.9336293836_8.935064973821992_9.9336293836_8.92009305242.png,Plateau,30-40
9.9336293836_8.950036895223985_9.9336293836_8.92009305242.png,Plateau,30-40
9.9336293836_8.965008816625977_9.9336293836_8.92009305242.png,Plateau,30-40
9.938029405365977_8.821915421384023_9.893113641160001_8.86683118559.png,Plateau,30-40
9.938029405365977_8.836887342786016_9.893113641160001_8.86683118559.png,Plateau,30-40
9.938029405365977_8.851859264188008_9.893113641160001_8.86683118559.png,Plateau,30-40
9.938029405365977_8.86683118559_9.893113641160001_8.86683118559.png,Plateau,30-40
9.938029405365977_8.881803106991992_9.893113641160001_8.86683118559.png,Plateau,30-40
9.938029405365977_8.896775028393984_9.893113641160001_8.86683118559.png,Plateau,30-40
9.938029405365977_8.911746949795976_9.893113641160001_8.86683118559.png,Plateau,30-40
9.946671359993983_8.842375961954025_9.91672751719_8.88729172616.png,Plateau,30-40
9.946671359993983_8.857347883356017_9.91672751719_8.88729172616.png,Plateau,30-40
9.946671359993983_8.872319804758009_9.91672751719_8.88729172616.png,Plateau,30-40
9.946671359993983_8.88729172616_9.91672751719_8.88729172616.png,Plateau,30-40
9.946671359993983_8.902263647561993_9.91672751719_8.88729172616.png,Plateau,30-40
9.946671359993983_8.917235568963985_9.91672751719_8.88729172616.png,Plateau,30-40
9.946671359993983_8.932207490365977_9.91672751719_8.88729172616.png,Plateau,30-40
9.948601305001992_8.875177288214024_9.9336293836_8.92009305242.png,Plateau,30-40
9.948601305001992_8.890149209616016_9.9336293836_8.92009305242.png,Plateau,30-40
9.948601305001992_8.905121131018008_9.9336293836_8.92009305242.png,Plateau,30-40
9.948601305001992_8.92009305242_9.9336293836_8.92009305242.png,Plateau,30-40
9.948601305001992_8.935064973821992_9.9336293836_8.92009305242.png,Plateau,30-40
9.948601305001992_8.950036895223985_9.9336293836_8.92009305242.png,Plateau,30-40
9.948601305001992_8.965008816625977_9.9336293836_8.92009305242.png,Plateau,30-40
9.957955887194023_8.833083927184022_10.0028716514_8.877999691389999.png,Plateau,30-40
9.957955887194023_8.922915455595975_10.0028716514_8.877999691389999.png,Plateau,30-40
9.961643281395975_8.842375961954025_9.91672751719_8.88729172616.png,Plateau,30-40
9.961643281395975_8.857347883356017_9.91672751719_8.88729172616.png,Plateau,30-40
9.961643281395975_8.872319804758009_9.91672751719_8.88729172616.png,Plateau,30-40
9.961643281395975_8.88729172616_9.91672751719_8.88729172616.png,Plateau,30-40
9.961643281395975_8.902263647561993_9.91672751719_8.88729172616.png,Plateau,30-40
9.961643281395975_8.917235568963985_9.91672751719_8.88729172616.png,Plateau,30-40
9.961643281395975_8.932207490365977_9.91672751719_8.88729172616.png,Plateau,30-40
9.963573226403984_8.875177288214024_9.9336293836_8.92009305242.png,Plateau,30-40
9.963573226403984_8.890149209616016_9.9336293836_8.92009305242.png,Plateau,30-40
9.963573226403984_8.905121131018008_9.9336293836_8.92009305242.png,Plateau,30-40
9.963573226403984_8.92009305242_9.9336293836_8.92009305242.png,Plateau,30-40
9.963573226403984_8.935064973821992_9.9336293836_8.92009305242.png,Plateau,30-40
9.963573226403984_8.950036895223985_9.9336293836_8.92009305242.png,Plateau,30-40
9.963573226403984_8.965008816625977_9.9336293836_8.92009305242.png,Plateau,30-40
9.972927808596015_8.877999691389999_10.0028716514_8.877999691389999.png,Plateau,30-40
9.974417730165014_8.929328013078052_9.9336293836_8.92009305242.png,Plateau,30-40
9.978545147805976_8.875177288214024_9.9336293836_8.92009305242.png,Plateau,30-40
9.978545147805976_8.890149209616016_9.9336293836_8.92009305242.png,Plateau,30-40
9.978545147805976_8.905121131018008_9.9336293836_8.92009305242.png,Plateau,30-40
9.978545147805976_8.92009305242_9.9336293836_8.92009305242.png,Plateau,30-40
9.978545147805976_8.935064973821992_9.9336293836_8.92009305242.png,Plateau,30-40
9.978545147805976_8.950036895223985_9.9336293836_8.92009305242.png,Plateau,30-40
9.978545147805976_8.965008816625977_9.9336293836_8.92009305242.png,Plateau,30-40
9.987899729998007_8.848055848586014_10.0028716514_8.877999691389999.png,Plateau,30-40
9.987899729998007_8.89297161279199_10.0028716514_8.877999691389999.png,Plateau,30-40
10.014500853594024_8.537961383428009_10.0594166178_8.55293330483.png,Taraba,30-40
10.029472774996016_8.508017540624024_10.0594166178_8.55293330483.png,Taraba,30-40
10.029472774996016_8.55293330483_10.0594166178_8.55293330483.png,Taraba,30-40
10.0594166178_8.508017540624024_10.0594166178_8.55293330483.png,Taraba,30-40
10.074388539201992_8.582877147633985_10.0594166178_8.55293330483.png,Taraba,30-40
10.089360460603984_8.508017540624024_10.0594166178_8.55293330483.png,Taraba,30-40
10.089360460603984_8.582877147633985_10.0594166178_8.55293330483.png,Taraba,30-40
10.089360460603984_8.597849069035977_10.0594166178_8.55293330483.png,Taraba,30-40
10.104332382005976_8.508017540624024_10.0594166178_8.55293330483.png,Taraba,30-40
10.104332382005976_8.55293330483_10.0594166178_8.55293330483.png,Taraba,30-40
10.104332382005976_8.597849069035977_10.0594166178_8.55293330483.png,Taraba,30-40
10.209823634594024_8.533028909264024_10.2547393988_8.57794467347.png,Taraba,30-40
10.209823634594024_8.57794467347_10.2547393988_8.57794467347.png,Taraba,30-40
10.209823634594024_8.607888516273984_10.2547393988_8.57794467347.png,Taraba,30-40
10.224795555996016_8.533028909264024_10.2547393988_8.57794467347.png,Taraba,30-40
10.224795555996016_8.562972752068008_10.2547393988_8.57794467347.png,Taraba,30-40
10.2547393988_8.562972752068008_10.2547393988_8.57794467347.png,Taraba,30-40
10.2547393988_8.607888516273984_10.2547393988_8.57794467347.png,Taraba,30-40
10.2547393988_8.622860437675977_10.2547393988_8.57794467347.png,Taraba,30-40
10.269711320201992_8.548000830666016_10.2547393988_8.57794467347.png,Taraba,30-40
10.284683241603984_8.607888516273984_10.2547393988_8.57794467347.png,Taraba,30-40
10.299655163005976_8.533028909264024_10.2547393988_8.57794467347.png,Taraba,30-40
10.299655163005976_8.548000830666016_10.2547393988_8.57794467347.png,Taraba,30-40
10.326673965394024_8.124735554718008_10.3715897296_8.13970747612.png,Taraba,30-40
10.326673965394024_8.13970747612_10.3715897296_8.13970747612.png,Taraba,30-40
10.337987406664904_8.152771039605213_10.3715897296_8.13970747612.png,Taraba,30-40
10.341645886796016_8.124735554718008_10.3715897296_8.13970747612.png,Taraba,30-40
10.341645886796016_8.169651318923984_10.3715897296_8.13970747612.png,Taraba,30-40
10.35493801934034_8.155398056265126_10.3715897296_8.13970747612.png,Taraba,30-40
10.356617808198008_8.124735554718008_10.3715897296_8.13970747612.png,Taraba,30-40
10.3715897296_8.154679397521992_10.3715897296_8.13970747612.png,Taraba,30-40
10.3715897296_8.169651318923984_10.3715897296_8.13970747612.png,Taraba,30-40
10.386561651001992_8.094791711914024_10.3715897296_8.13970747612.png,Taraba,30-40
10.386561651001992_8.154679397521992_10.3715897296_8.13970747612.png,Taraba,30-40
10.400832752696015_5.527413904026017_10.4307765955_5.557357746830001.png,Taraba,30-40
10.401533572403984_8.109763633316016_10.3715897296_8.13970747612.png,Taraba,30-40
10.401533572403984_8.184623240325976_10.3715897296_8.13970747612.png,Taraba,30-40
10.415804674098007_5.527413904026017_10.4307765955_5.557357746830001.png,Taraba,30-40
10.415804674098007_5.542385825428009_10.4307765955_5.557357746830001.png,Taraba,30-40
10.415804674098007_5.572329668231993_10.4307765955_5.557357746830001.png,Taraba,30-40
10.416505493805976_8.094791711914024_10.3715897296_8.13970747612.png,Taraba,30-40
10.422803361294024_8.49309027646402_10.4677191255_8.538006040669996.png,Taraba,30-40
10.422803361294024_8.538006040669996_10.4677191255_8.538006040669996.png,Taraba,30-40
10.4307765955_5.527413904026017_10.4307765955_5.557357746830001.png,Taraba,30-40
10.4307765955_5.587301589633985_10.4307765955_5.557357746830001.png,Taraba,30-40
10.4307765955_5.602273511035977_10.4307765955_5.557357746830001.png,Taraba,30-40
10.435816682556595_8.544143286809966_10.4677191255_8.538006040669996.png,Taraba,30-40
10.445748516901991_5.512441982624025_10.4307765955_5.557357746830001.png,Taraba,30-40
10.445748516901991_5.527413904026017_10.4307765955_5.557357746830001.png,Taraba,30-40
10.445748516901991_5.542385825428009_10.4307765955_5.557357746830001.png,Taraba,30-40
10.445748516901991_5.572329668231993_10.4307765955_5.557357746830001.png,Taraba,30-40
10.452747204098008_8.523034119268004_10.4677191255_8.538006040669996.png,Taraba,30-40
10.452747204098008_8.552977962071989_10.4677191255_8.538006040669996.png,Taraba,30-40
10.460720438303984_5.587301589633985_10.4307765955_5.557357746830001.png,Taraba,30-40
10.465600925885315_8.55018486778758_10.4677191255_8.538006040669996.png,Taraba,30-40
10.4677191255_8.49309027646402_10.4677191255_8.538006040669996.png,Taraba,30-40
10.4677191255_8.508062197866012_10.4677191255_8.538006040669996.png,Taraba,30-40
10.4677191255_8.552977962071989_10.4677191255_8.538006040669996.png,Taraba,30-40
10.482691046901992_8.49309027646402_10.4677191255_8.538006040669996.png,Taraba,30-40
10.482691046901992_8.523034119268004_10.4677191255_8.538006040669996.png,Taraba,30-40
10.496326662694024_7.397937385754024_10.5412424269_7.44285314996.png,Taraba,30-40
10.496326662694024_7.412909307156016_10.5412424269_7.44285314996.png,Taraba,30-40
10.496326662694024_7.427881228558008_10.5412424269_7.44285314996.png,Taraba,30-40
10.496326662694024_7.44285314996_10.5412424269_7.44285314996.png,Taraba,30-40
10.496326662694024_7.4578250713619925_10.5412424269_7.44285314996.png,Taraba,30-40
10.496326662694024_7.472796992763985_10.5412424269_7.44285314996.png,Taraba,30-40
10.496326662694024_7.487768914165977_10.5412424269_7.44285314996.png,Taraba,30-40
10.497662968303985_8.582921804875973_10.4677191255_8.538006040669996.png,Taraba,30-40
10.511298584096016_7.397937385754024_10.5412424269_7.44285314996.png,Taraba,30-40
10.511298584096016_7.412909307156016_10.5412424269_7.44285314996.png,Taraba,30-40
10.511298584096016_7.427881228558008_10.5412424269_7.44285314996.png,Taraba,30-40
10.511298584096016_7.44285314996_10.5412424269_7.44285314996.png,Taraba,30-40
10.511298584096016_7.4578250713619925_10.5412424269_7.44285314996.png,Taraba,30-40
10.511298584096016_7.472796992763985_10.5412424269_7.44285314996.png,Taraba,30-40
10.511298584096016_7.487768914165977_10.5412424269_7.44285314996.png,Taraba,30-40
10.512634889705977_8.56794988347398_10.4677191255_8.538006040669996.png,Taraba,30-40
10.526270505498008_7.397937385754024_10.5412424269_7.44285314996.png,Taraba,30-40
10.526270505498008_7.412909307156016_10.5412424269_7.44285314996.png,Taraba,30-40
10.526270505498008_7.427881228558008_10.5412424269_7.44285314996.png,Taraba,30-40
10.526270505498008_7.44285314996_10.5412424269_7.44285314996.png,Taraba,30-40
10.526270505498008_7.4578250713619925_10.5412424269_7.44285314996.png,Taraba,30-40
10.526270505498008_7.472796992763985_10.5412424269_7.44285314996.png,Taraba,30-40
10.526270505498008_7.487768914165977_10.5412424269_7.44285314996.png,Taraba,30-40
10.5412424269_7.397937385754024_10.5412424269_7.44285314996.png,Taraba,30-40
10.5412424269_7.412909307156016_10.5412424269_7.44285314996.png,Taraba,30-40
10.5412424269_7.427881228558008_10.5412424269_7.44285314996.png,Taraba,30-40
10.5412424269_7.44285314996_10.5412424269_7.44285314996.png,Taraba,30-40
10.5412424269_7.4578250713619925_10.5412424269_7.44285314996.png,Taraba,30-40
10.5412424269_7.472796992763985_10.5412424269_7.44285314996.png,Taraba,30-40
10.5412424269_7.487768914165977_10.5412424269_7.44285314996.png,Taraba,30-40
10.556214348301992_7.397937385754024_10.5412424269_7.44285314996.png,Taraba,30-40
10.556214348301992_7.412909307156016_10.5412424269_7.44285314996.png,Taraba,30-40
10.556214348301992_7.427881228558008_10.5412424269_7.44285314996.png,Taraba,30-40
10.556214348301992_7.44285314996_10.5412424269_7.44285314996.png,Taraba,30-40
10.556214348301992_7.4578250713619925_10.5412424269_7.44285314996.png,Taraba,30-40
10.556214348301992_7.472796992763985_10.5412424269_7.44285314996.png,Taraba,30-40
10.556214348301992_7.487768914165977_10.5412424269_7.44285314996.png,Taraba,30-40
10.571026758131174_7.481855011205845_10.5412424269_7.44285314996.png,Taraba,30-40
10.571186269703984_7.397937385754024_10.5412424269_7.44285314996.png,Taraba,30-40
10.571186269703984_7.412909307156016_10.5412424269_7.44285314996.png,Taraba,30-40
10.571186269703984_7.427881228558008_10.5412424269_7.44285314996.png,Taraba,30-40
10.571186269703984_7.44285314996_10.5412424269_7.44285314996.png,Taraba,30-40
10.571186269703984_7.4578250713619925_10.5412424269_7.44285314996.png,Taraba,30-40
10.571186269703984_7.472796992763985_10.5412424269_7.44285314996.png,Taraba,30-40
10.571186269703984_7.487768914165977_10.5412424269_7.44285314996.png,Taraba,30-40
10.584684532730352_7.458053438089239_10.5412424269_7.44285314996.png,Taraba,30-40
10.586158191105977_7.397937385754024_10.5412424269_7.44285314996.png,Taraba,30-40
10.586158191105977_7.412909307156016_10.5412424269_7.44285314996.png,Taraba,30-40
10.586158191105977_7.427881228558008_10.5412424269_7.44285314996.png,Taraba,30-40
10.586158191105977_7.44285314996_10.5412424269_7.44285314996.png,Taraba,30-40
10.586158191105977_7.4578250713619925_10.5412424269_7.44285314996.png,Taraba,30-40
10.586158191105977_7.472796992763985_10.5412424269_7.44285314996.png,Taraba,30-40
10.586158191105977_7.487768914165977_10.5412424269_7.44285314996.png,Taraba,30-40
10.732111046894023_9.127696283744024_10.777026811099999_9.17261204795.png,Taraba,30-40
10.732111046894023_9.187583969351993_10.777026811099999_9.17261204795.png,Taraba,30-40
10.732111046894023_9.217527812155977_10.777026811099999_9.17261204795.png,Taraba,30-40
10.747082968296015_9.17261204795_10.777026811099999_9.17261204795.png,Taraba,30-40
10.747082968296015_9.187583969351993_10.777026811099999_9.17261204795.png,Taraba,30-40
10.762054889698007_9.127696283744024_10.777026811099999_9.17261204795.png,Taraba,30-40
10.762054889698007_9.202555890753985_10.777026811099999_9.17261204795.png,Taraba,30-40
10.770723849818271_9.190156433524555_10.777026811099999_9.17261204795.png,Taraba,30-40
10.777026811099999_9.17261204795_10.777026811099999_9.17261204795.png,Taraba,30-40
10.777026811099999_9.187583969351993_10.777026811099999_9.17261204795.png,Taraba,30-40
10.791998732501991_9.127696283744024_10.777026811099999_9.17261204795.png,Taraba,30-40
10.792013587635557_9.190713715622957_10.777026811099999_9.17261204795.png,Taraba,30-40
10.806970653903983_9.142668205146016_10.777026811099999_9.17261204795.png,Taraba,30-40
10.806970653903983_9.217527812155977_10.777026811099999_9.17261204795.png,Taraba,30-40
10.840817903394024_5.817550833794023_10.8857336676_5.862466597999999.png,Taraba,30-40
10.855789824796016_5.817550833794023_10.8857336676_5.862466597999999.png,Taraba,30-40
10.870761746198008_5.847494676598007_10.8857336676_5.862466597999999.png,Taraba,30-40
10.870761746198008_5.877438519401991_10.8857336676_5.862466597999999.png,Taraba,30-40
10.8857336676_5.817550833794023_10.8857336676_5.862466597999999.png,Taraba,30-40
10.8857336676_5.877438519401991_10.8857336676_5.862466597999999.png,Taraba,30-40
10.8857336676_5.8924104408039835_10.8857336676_5.862466597999999.png,Taraba,30-40
10.886961321296017_5.797952645304022_10.916905164100001_5.8428684095099985.png,Taraba,30-40
10.901933242698009_5.797952645304022_10.916905164100001_5.8428684095099985.png,Taraba,30-40
10.901933242698009_5.8428684095099985_10.916905164100001_5.8428684095099985.png,Taraba,30-40
10.915677510403984_5.817550833794023_10.8857336676_5.862466597999999.png,Taraba,30-40
10.915677510403984_5.847494676598007_10.8857336676_5.862466597999999.png,Taraba,30-40
10.915677510403984_5.862466597999999_10.8857336676_5.862466597999999.png,Taraba,30-40
10.916905164100001_5.797952645304022_10.916905164100001_5.8428684095099985.png,Taraba,30-40
10.916905164100001_5.812924566706014_10.916905164100001_5.8428684095099985.png,Taraba,30-40
10.930649431805977_5.832522755196015_10.8857336676_5.862466597999999.png,Taraba,30-40
10.930649431805977_5.862466597999999_10.8857336676_5.862466597999999.png,Taraba,30-40
10.930649431805977_5.877438519401991_10.8857336676_5.862466597999999.png,Taraba,30-40
10.931877085501993_5.797952645304022_10.916905164100001_5.8428684095099985.png,Taraba,30-40
10.931877085501993_5.812924566706014_10.916905164100001_5.8428684095099985.png,Taraba,30-40
10.931877085501993_5.827896488108006_10.916905164100001_5.8428684095099985.png,Taraba,30-40
10.931877085501993_5.857840330911991_10.916905164100001_5.8428684095099985.png,Taraba,30-40
10.946849006903985_5.797952645304022_10.916905164100001_5.8428684095099985.png,Taraba,30-40
10.946849006903985_5.857840330911991_10.916905164100001_5.8428684095099985.png,Taraba,30-40
10.961820928305977_5.827896488108006_10.916905164100001_5.8428684095099985.png,Taraba,30-40
10.961820928305977_5.8428684095099985_10.916905164100001_5.8428684095099985.png,Taraba,30-40
11.015915110694024_7.694007230658009_11.0608308749_7.708979152060001.png,Taraba,30-40
11.015915110694024_7.708979152060001_11.0608308749_7.708979152060001.png,Taraba,30-40
11.030887032096016_7.679035309256017_11.0608308749_7.708979152060001.png,Taraba,30-40
11.045858953498009_7.664063387854025_11.0608308749_7.708979152060001.png,Taraba,30-40
11.045858953498009_7.679035309256017_11.0608308749_7.708979152060001.png,Taraba,30-40
11.045858953498009_7.694007230658009_11.0608308749_7.708979152060001.png,Taraba,30-40
11.056813782994023_5.218412569294024_11.1017295472_5.2633283335000005.png,Taraba,30-40
11.056813782994023_5.308244097705977_11.1017295472_5.2633283335000005.png,Taraba,30-40
11.0608308749_7.679035309256017_11.0608308749_7.708979152060001.png,Taraba,30-40
11.0608308749_7.723951073461993_11.0608308749_7.708979152060001.png,Taraba,30-40
11.065703210294025_4.535563056014023_11.110618974500001_4.58047882022.png,Taraba,30-40
11.065703210294025_4.625394584425976_11.110618974500001_4.58047882022.png,Taraba,30-40
11.071785704396016_5.248356412098008_11.1017295472_5.2633283335000005.png,Taraba,30-40
11.075802796301993_7.708979152060001_11.0608308749_7.708979152060001.png,Taraba,30-40
11.075802796301993_7.753894916265978_11.0608308749_7.708979152060001.png,Taraba,30-40
11.080675131696017_4.58047882022_11.110618974500001_4.58047882022.png,Taraba,30-40
11.080675131696017_4.625394584425976_11.110618974500001_4.58047882022.png,Taraba,30-40
11.086757625798008_5.2633283335000005_11.1017295472_5.2633283335000005.png,Taraba,30-40
11.086757625798008_5.278300254901993_11.1017295472_5.2633283335000005.png,Taraba,30-40
11.090774717703985_7.7389229948639855_11.0608308749_7.708979152060001.png,Taraba,30-40
11.090774717703985_7.753894916265978_11.0608308749_7.708979152060001.png,Taraba,30-40
11.09564705309801_4.535563056014023_11.110618974500001_4.58047882022.png,Taraba,30-40
11.097016277094024_8.768379125504024_11.1419320413_8.81329488971.png,Taraba,30-40
11.097016277094024_8.81329488971_11.1419320413_8.81329488971.png,Taraba,30-40
11.1017295472_5.218412569294024_11.1017295472_5.2633283335000005.png,Taraba,30-40
11.110618974500001_4.58047882022_11.110618974500001_4.58047882022.png,Taraba,30-40
11.110618974500001_4.595450741621992_11.110618974500001_4.58047882022.png,Taraba,30-40
11.111988198496016_8.81329488971_11.1419320413_8.81329488971.png,Taraba,30-40
11.116701468601992_5.233384490696016_11.1017295472_5.2633283335000005.png,Taraba,30-40
11.116701468601992_5.278300254901993_11.1017295472_5.2633283335000005.png,Taraba,30-40
11.116701468601992_5.308244097705977_11.1017295472_5.2633283335000005.png,Taraba,30-40
11.125590895901993_4.5505349774160155_11.110618974500001_4.58047882022.png,Taraba,30-40
11.125590895901993_4.625394584425976_11.110618974500001_4.58047882022.png,Taraba,30-40
11.126960119898008_8.858210653915977_11.1419320413_8.81329488971.png,Taraba,30-40
11.131673390003984_5.2633283335000005_11.1017295472_5.2633283335000005.png,Taraba,30-40
11.140562817303985_4.565506898818008_11.110618974500001_4.58047882022.png,Taraba,30-40
11.1419320413_8.81329488971_11.1419320413_8.81329488971.png,Taraba,30-40
11.1419320413_8.843238732513985_11.1419320413_8.81329488971.png,Taraba,30-40
11.146645311405976_5.248356412098008_11.1017295472_5.2633283335000005.png,Taraba,30-40
11.146645311405976_5.2633283335000005_11.1017295472_5.2633283335000005.png,Taraba,30-40
11.155534738705978_4.535563056014023_11.110618974500001_4.58047882022.png,Taraba,30-40
11.155534738705978_4.595450741621992_11.110618974500001_4.58047882022.png,Taraba,30-40
11.156903962701993_8.798322968308009_11.1419320413_8.81329488971.png,Taraba,30-40
11.171875884103985_8.81329488971_11.1419320413_8.81329488971.png,Taraba,30-40
11.171875884103985_8.843238732513985_11.1419320413_8.81329488971.png,Taraba,30-40
11.173627334494023_4.956244412815976_11.2185430987_4.91132864861.png,Taraba,30-40
11.186847805505977_8.783351046906017_11.1419320413_8.81329488971.png,Taraba,30-40
11.186847805505977_8.798322968308009_11.1419320413_8.81329488971.png,Taraba,30-40
11.186847805505977_8.828266811111993_11.1419320413_8.81329488971.png,Taraba,30-40
11.186847805505977_8.858210653915977_11.1419320413_8.81329488971.png,Taraba,30-40
11.188599255896015_4.926300570011992_11.2185430987_4.91132864861.png,Taraba,30-40
11.212383211494023_8.166511113618007_11.2572989757_8.18148303502.png,Taraba,30-40
11.212383211494023_8.18148303502_11.2572989757_8.18148303502.png,Taraba,30-40
11.212383211494023_8.196454956421992_11.2572989757_8.18148303502.png,Taraba,30-40
11.216732220094025_8.358835036788006_11.261647984300001_8.373806958189999.png,Taraba,30-40
11.216732220094025_8.373806958189999_11.261647984300001_8.373806958189999.png,Taraba,30-40
11.216732220094025_8.418722722395975_11.261647984300001_8.373806958189999.png,Taraba,30-40
11.2185430987_4.881384805806015_11.2185430987_4.91132864861.png,Taraba,30-40
11.2185430987_4.91132864861_11.2185430987_4.91132864861.png,Taraba,30-40
11.2185430987_4.926300570011992_11.2185430987_4.91132864861.png,Taraba,30-40
11.2185430987_4.956244412815976_11.2185430987_4.91132864861.png,Taraba,30-40
11.227355132896015_8.136567270814023_11.2572989757_8.18148303502.png,Taraba,30-40
11.227355132896015_8.166511113618007_11.2572989757_8.18148303502.png,Taraba,30-40
11.231704141496017_8.418722722395975_11.261647984300001_8.373806958189999.png,Taraba,30-40
11.233515020101992_4.926300570011992_11.2185430987_4.91132864861.png,Taraba,30-40
11.242327054298007_8.226398799225976_11.2572989757_8.18148303502.png,Taraba,30-40
11.243086128694022_5.889837028896015_11.288001892899999_5.9197808717.png,Taraba,30-40
11.24667606289801_8.373806958189999_11.261647984300001_8.373806958189999.png,Taraba,30-40
11.24667606289801_8.403750800993983_11.261647984300001_8.373806958189999.png,Taraba,30-40
11.248486941503984_4.866412884404023_11.2185430987_4.91132864861.png,Taraba,30-40
11.248486941503984_4.926300570011992_11.2185430987_4.91132864861.png,Taraba,30-40
11.248486941503984_4.956244412815976_11.2185430987_4.91132864861.png,Taraba,30-40
11.255844974394023_7.393672396119999_11.3007607386_7.393672396119999.png,Taraba,30-40
11.257126893294023_5.478484594486016_11.3020426575_5.50842843729.png,Taraba,30-40
11.257126893294023_5.493456515888008_11.3020426575_5.50842843729.png,Taraba,30-40
11.257126893294023_5.538372280093984_11.3020426575_5.50842843729.png,Taraba,30-40
11.257126893294023_5.553344201495976_11.3020426575_5.50842843729.png,Taraba,30-40
11.2572989757_8.166511113618007_11.2572989757_8.18148303502.png,Taraba,30-40
11.2572989757_8.18148303502_11.2572989757_8.18148303502.png,Taraba,30-40
11.2572989757_8.211426877823984_11.2572989757_8.18148303502.png,Taraba,30-40
11.258058050096015_5.874865107494023_11.288001892899999_5.9197808717.png,Taraba,30-40
11.258058050096015_5.9048089502980075_11.288001892899999_5.9197808717.png,Taraba,30-40
11.258058050096015_5.9197808717_11.288001892899999_5.9197808717.png,Taraba,30-40
11.258058050096015_5.949724714503984_11.288001892899999_5.9197808717.png,Taraba,30-40
11.260549908294024_7.688985797364023_11.3054656725_7.73390156157.png,Taraba,30-40
11.261647984300001_8.373806958189999_11.261647984300001_8.373806958189999.png,Taraba,30-40
11.263458862905976_4.866412884404023_11.2185430987_4.91132864861.png,Taraba,30-40
11.263458862905976_4.8963567272080075_11.2185430987_4.91132864861.png,Taraba,30-40
11.263458862905976_4.926300570011992_11.2185430987_4.91132864861.png,Taraba,30-40
11.265073061637755_5.900065295520756_11.288001892899999_5.9197808717.png,Taraba,30-40
11.270816895796015_7.393672396119999_11.3007607386_7.393672396119999.png,Taraba,30-40
11.272270897101992_8.136567270814023_11.2572989757_8.18148303502.png,Taraba,30-40
11.272270897101992_8.166511113618007_11.2572989757_8.18148303502.png,Taraba,30-40
11.272270897101992_8.18148303502_11.2572989757_8.18148303502.png,Taraba,30-40
11.275521829696016_7.7039577187660155_11.3054656725_7.73390156157.png,Taraba,30-40
11.275521829696016_7.73390156157_11.3054656725_7.73390156157.png,Taraba,30-40
11.276619905701994_8.403750800993983_11.261647984300001_8.373806958189999.png,Taraba,30-40
11.276619905701994_8.418722722395975_11.261647984300001_8.373806958189999.png,Taraba,30-40
11.285788817198007_7.423616238923983_11.3007607386_7.393672396119999.png,Taraba,30-40
11.287070736098007_5.463512673084024_11.3020426575_5.50842843729.png,Taraba,30-40
11.287070736098007_5.493456515888008_11.3020426575_5.50842843729.png,Taraba,30-40
11.287070736098007_5.538372280093984_11.3020426575_5.50842843729.png,Taraba,30-40
11.288899273962558_5.901270871532525_11.288001892899999_5.9197808717.png,Taraba,30-40
11.290493751098008_7.688985797364023_11.3054656725_7.73390156157.png,Taraba,30-40
11.290493751098008_7.7039577187660155_11.3054656725_7.73390156157.png,Taraba,30-40
11.290493751098008_7.748873482971992_11.3054656725_7.73390156157.png,Taraba,30-40
11.290493751098008_7.763845404373984_11.3054656725_7.73390156157.png,Taraba,30-40
11.290493751098008_7.778817325775976_11.3054656725_7.73390156157.png,Taraba,30-40
11.291591827103986_8.328891193984022_11.261647984300001_8.373806958189999.png,Taraba,30-40
11.291591827103986_8.358835036788006_11.261647984300001_8.373806958189999.png,Taraba,30-40
11.3007607386_7.3787004747180065_11.3007607386_7.393672396119999.png,Taraba,30-40
11.3007607386_7.393672396119999_11.3007607386_7.393672396119999.png,Taraba,30-40
11.3020426575_5.478484594486016_11.3020426575_5.50842843729.png,Taraba,30-40
11.3020426575_5.493456515888008_11.3020426575_5.50842843729.png,Taraba,30-40
11.302214739905976_8.196454956421992_11.2572989757_8.18148303502.png,Taraba,30-40
11.30297381430199_5.889837028896015_11.288001892899999_5.9197808717.png,Taraba,30-40
11.30297381430199_5.934752793101992_11.288001892899999_5.9197808717.png,Taraba,30-40
11.3054656725_7.7039577187660155_11.3054656725_7.73390156157.png,Taraba,30-40
11.306563748505978_8.328891193984022_11.261647984300001_8.373806958189999.png,Taraba,30-40
11.317014578901992_5.493456515888008_11.3020426575_5.50842843729.png,Taraba,30-40
11.317014578901992_5.523400358691992_11.3020426575_5.50842843729.png,Taraba,30-40
11.317014578901992_5.538372280093984_11.3020426575_5.50842843729.png,Taraba,30-40
11.317945735703983_5.889837028896015_11.288001892899999_5.9197808717.png,Taraba,30-40
11.317945735703983_5.964696635905976_11.288001892899999_5.9197808717.png,Taraba,30-40
11.320437593901993_7.688985797364023_11.3054656725_7.73390156157.png,Taraba,30-40
11.320437593901993_7.748873482971992_11.3054656725_7.73390156157.png,Taraba,30-40
11.330704581403984_7.348756631914022_11.3007607386_7.393672396119999.png,Taraba,30-40
11.330704581403984_7.393672396119999_11.3007607386_7.393672396119999.png,Taraba,30-40
11.330704581403984_7.408644317521991_11.3007607386_7.393672396119999.png,Taraba,30-40
11.330704581403984_7.423616238923983_11.3007607386_7.393672396119999.png,Taraba,30-40
11.332917657105975_5.889837028896015_11.288001892899999_5.9197808717.png,Taraba,30-40
11.332917657105975_5.964696635905976_11.288001892899999_5.9197808717.png,Taraba,30-40
11.335409515303985_7.7039577187660155_11.3054656725_7.73390156157.png,Taraba,30-40
11.345676502805976_7.348756631914022_11.3007607386_7.393672396119999.png,Taraba,30-40
11.345676502805976_7.363728553316014_11.3007607386_7.393672396119999.png,Taraba,30-40
11.345676502805976_7.423616238923983_11.3007607386_7.393672396119999.png,Taraba,30-40
11.346958421705976_5.493456515888008_11.3020426575_5.50842843729.png,Taraba,30-40
11.356097875996017_6.308082201044024_11.386041718800001_6.35299796525.png,Taraba,30-40
11.356097875996017_6.338026043848008_11.386041718800001_6.35299796525.png,Taraba,30-40
11.356097875996017_6.35299796525_11.386041718800001_6.35299796525.png,Taraba,30-40
11.356097875996017_6.382941808053984_11.386041718800001_6.35299796525.png,Taraba,30-40
11.356097875996017_6.3979137294559765_11.386041718800001_6.35299796525.png,Taraba,30-40
11.365301614296015_9.459508312028008_11.3952454571_9.47448023343.png,Taraba,30-40
11.365301614296015_9.489452154831993_11.3952454571_9.47448023343.png,Taraba,30-40
11.371018418894023_7.2496881240780064_11.4159341831_7.2646600454799986.png,Taraba,30-40
11.371018418894023_7.2646600454799986_11.4159341831_7.2646600454799986.png,Taraba,30-40
11.371018418894023_7.309575809685975_11.4159341831_7.2646600454799986.png,Taraba,30-40
11.37106979739801_6.35299796525_11.386041718800001_6.35299796525.png,Taraba,30-40
11.37305879070663_9.433330294596377_11.3952454571_9.47448023343.png,Taraba,30-40
11.380273535698008_9.429564469224024_11.3952454571_9.47448023343.png,Taraba,30-40
11.380273535698008_9.459508312028008_11.3952454571_9.47448023343.png,Taraba,30-40
11.380273535698008_9.489452154831993_11.3952454571_9.47448023343.png,Taraba,30-40
11.380273535698008_9.519395997635977_11.3952454571_9.47448023343.png,Taraba,30-40
11.385990340296015_7.294603888283983_11.4159341831_7.2646600454799986.png,Taraba,30-40
11.386041718800001_6.35299796525_11.386041718800001_6.35299796525.png,Taraba,30-40
11.3952454571_9.429564469224024_11.3952454571_9.47448023343.png,Taraba,30-40
11.3952454571_9.519395997635977_11.3952454571_9.47448023343.png,Taraba,30-40
11.396346630794024_9.455107248278008_11.441262395_9.47007916968.png,Taraba,30-40
11.396346630794024_9.47007916968_11.441262395_9.47007916968.png,Taraba,30-40
11.396346630794024_9.485051091081992_11.441262395_9.47007916968.png,Taraba,30-40
11.401013640201993_6.382941808053984_11.386041718800001_6.35299796525.png,Taraba,30-40
11.410217378501992_9.519395997635977_11.3952454571_9.47448023343.png,Taraba,30-40
11.411318552196017_9.455107248278008_11.441262395_9.47007916968.png,Taraba,30-40
11.411318552196017_9.47007916968_11.441262395_9.47007916968.png,Taraba,30-40
11.411318552196017_9.514994933885976_11.441262395_9.47007916968.png,Taraba,30-40
11.413947499894453_9.431781413075806_11.441262395_9.47007916968.png,Taraba,30-40
11.4159341831_7.2496881240780064_11.4159341831_7.2646600454799986.png,Taraba,30-40
11.4159341831_7.2646600454799986_11.4159341831_7.2646600454799986.png,Taraba,30-40
11.415985561603986_6.338026043848008_11.386041718800001_6.35299796525.png,Taraba,30-40
11.415985561603986_6.3979137294559765_11.386041718800001_6.35299796525.png,Taraba,30-40
11.416467289722046_9.430528700418742_11.441262395_9.47007916968.png,Taraba,30-40
11.421250817896015_9.544866845734024_11.451194660699999_9.58978260994.png,Taraba,30-40
11.426290473598009_9.485051091081992_11.441262395_9.47007916968.png,Taraba,30-40
11.426290473598009_9.500023012483984_11.441262395_9.47007916968.png,Taraba,30-40
11.426290473598009_9.514994933885976_11.441262395_9.47007916968.png,Taraba,30-40
11.430906104501991_7.309575809685975_11.4159341831_7.2646600454799986.png,Taraba,30-40
11.430957483005978_6.308082201044024_11.386041718800001_6.35299796525.png,Taraba,30-40
11.430957483005978_6.338026043848008_11.386041718800001_6.35299796525.png,Taraba,30-40
11.430957483005978_6.367969886651992_11.386041718800001_6.35299796525.png,Taraba,30-40
11.437376584333432_9.492453401397713_11.3952454571_9.47448023343.png,Taraba,30-40
11.440161221305976_9.459508312028008_11.3952454571_9.47448023343.png,Taraba,30-40
11.440161221305976_9.519395997635977_11.3952454571_9.47448023343.png,Taraba,30-40
11.445878025903983_7.309575809685975_11.4159341831_7.2646600454799986.png,Taraba,30-40
11.460849947305976_7.219744281274022_11.4159341831_7.2646600454799986.png,Taraba,30-40
11.460849947305976_7.234716202676014_11.4159341831_7.2646600454799986.png,Taraba,30-40
11.460849947305976_7.2496881240780064_11.4159341831_7.2646600454799986.png,Taraba,30-40
11.460849947305976_7.309575809685975_11.4159341831_7.2646600454799986.png,Taraba,30-40
11.461587761994023_7.390671249894022_11.5065035262_7.4355870140999984.png,Taraba,30-40
11.461587761994023_7.405643171296014_11.5065035262_7.4355870140999984.png,Taraba,30-40
11.486178159205977_9.425163405474024_11.441262395_9.47007916968.png,Taraba,30-40
11.491531604798007_7.420615092698006_11.5065035262_7.4355870140999984.png,Taraba,30-40
11.494204668796016_8.602624441686014_11.5241485116_8.632568284489999.png,Taraba,30-40
11.494204668796016_8.662512127293983_11.5241485116_8.632568284489999.png,Taraba,30-40
11.494204668796016_8.677484048695975_11.5241485116_8.632568284489999.png,Taraba,30-40
11.498382653694023_8.545048971938007_11.543298417899999_8.560020893339999.png,Taraba,30-40
11.498382653694023_8.560020893339999_11.543298417899999_8.560020893339999.png,Taraba,30-40
11.498382653694023_8.574992814741991_11.543298417899999_8.560020893339999.png,Taraba,30-40
11.498382653694023_8.604936657545975_11.543298417899999_8.560020893339999.png,Taraba,30-40
11.5065035262_7.405643171296014_11.5065035262_7.4355870140999984.png,Taraba,30-40
11.509176590198008_8.617596363088007_11.5241485116_8.632568284489999.png,Taraba,30-40
11.512971663696018_9.25703143653_11.542915506500002_9.25703143653.png,Taraba,30-40
11.513354575096015_8.515105129134023_11.543298417899999_8.560020893339999.png,Taraba,30-40
11.514676366894022_8.973841962844023_11.559592131099999_9.01875772705.png,Taraba,30-40
11.514676366894022_8.988813884246015_11.559592131099999_9.01875772705.png,Taraba,30-40
11.514676366894022_9.003785805648008_11.559592131099999_9.01875772705.png,Taraba,30-40
11.521475447601992_7.420615092698006_11.5065035262_7.4355870140999984.png,Taraba,30-40
11.5241485116_8.602624441686014_11.5241485116_8.632568284489999.png,Taraba,30-40
11.5241485116_8.677484048695975_11.5241485116_8.632568284489999.png,Taraba,30-40
11.524509283096014_7.8143525340740245_11.554453125899999_7.859268298280001.png,Taraba,30-40
11.52794358509801_9.301947200735976_11.542915506500002_9.25703143653.png,Taraba,30-40
11.528326496498007_8.560020893339999_11.543298417899999_8.560020893339999.png,Taraba,30-40
11.528326496498007_8.589964736143983_11.543298417899999_8.560020893339999.png,Taraba,30-40
11.528326496498007_8.604936657545975_11.543298417899999_8.560020893339999.png,Taraba,30-40
11.529648288296015_8.973841962844023_11.559592131099999_9.01875772705.png,Taraba,30-40
11.529648288296015_9.003785805648008_11.559592131099999_9.01875772705.png,Taraba,30-40
11.529648288296015_9.033729648451992_11.559592131099999_9.01875772705.png,Taraba,30-40
11.536447369003984_7.390671249894022_11.5065035262_7.4355870140999984.png,Taraba,30-40
11.536447369003984_7.420615092698006_11.5065035262_7.4355870140999984.png,Taraba,30-40
11.536447369003984_7.465530856903983_11.5065035262_7.4355870140999984.png,Taraba,30-40
11.539120433001992_8.617596363088007_11.5241485116_8.632568284489999.png,Taraba,30-40
11.539120433001992_8.677484048695975_11.5241485116_8.632568284489999.png,Taraba,30-40
11.539481204498006_7.829324455476017_11.554453125899999_7.859268298280001.png,Taraba,30-40
11.539481204498006_7.859268298280001_11.554453125899999_7.859268298280001.png,Taraba,30-40
11.542915506500002_9.212115672324023_11.542915506500002_9.25703143653.png,Taraba,30-40
11.542915506500002_9.242059515128007_11.542915506500002_9.25703143653.png,Taraba,30-40
11.542915506500002_9.25703143653_11.542915506500002_9.25703143653.png,Taraba,30-40
11.542915506500002_9.286975279333983_11.542915506500002_9.25703143653.png,Taraba,30-40
11.543298417899999_8.604936657545975_11.543298417899999_8.560020893339999.png,Taraba,30-40
11.544482471599204_8.595586476401861_11.543298417899999_8.560020893339999.png,Taraba,30-40
11.544620209698007_8.973841962844023_11.559592131099999_9.01875772705.png,Taraba,30-40
11.544620209698007_9.01875772705_11.559592131099999_9.01875772705.png,Taraba,30-40
11.55121129847393_8.60224735965889_11.5241485116_8.632568284489999.png,Taraba,30-40
11.551419290405976_7.420615092698006_11.5065035262_7.4355870140999984.png,Taraba,30-40
11.551419290405976_7.4355870140999984_11.5065035262_7.4355870140999984.png,Taraba,30-40
11.551419290405976_7.465530856903983_11.5065035262_7.4355870140999984.png,Taraba,30-40
11.551419290405976_7.480502778305975_11.5065035262_7.4355870140999984.png,Taraba,30-40
11.551742156796017_9.263830690319999_11.581685999600001_9.263830690319999.png,Taraba,30-40
11.554092354403984_8.64754020589199_11.5241485116_8.632568284489999.png,Taraba,30-40
11.554092354403984_8.662512127293983_11.5241485116_8.632568284489999.png,Taraba,30-40
11.554453125899999_7.8143525340740245_11.554453125899999_7.859268298280001.png,Taraba,30-40
11.554453125899999_7.829324455476017_11.554453125899999_7.859268298280001.png,Taraba,30-40
11.557887427901994_9.242059515128007_11.542915506500002_9.25703143653.png,Taraba,30-40
11.557887427901994_9.272003357931991_11.542915506500002_9.25703143653.png,Taraba,30-40
11.558179973480403_8.670122484780029_11.5241485116_8.632568284489999.png,Taraba,30-40
11.558270339301991_8.545048971938007_11.543298417899999_8.560020893339999.png,Taraba,30-40
11.559592131099999_8.973841962844023_11.559592131099999_9.01875772705.png,Taraba,30-40
11.559592131099999_9.003785805648008_11.559592131099999_9.01875772705.png,Taraba,30-40
11.564502655894023_7.5163118927540244_11.609418420099999_7.561227656960001.png,Taraba,30-40
11.564502655894023_7.5312838141560166_11.609418420099999_7.561227656960001.png,Taraba,30-40
11.56671407819801_9.263830690319999_11.581685999600001_9.263830690319999.png,Taraba,30-40
11.56671407819801_9.278802611721991_11.581685999600001_9.263830690319999.png,Taraba,30-40
11.569064275805976_8.587652520284022_11.5241485116_8.632568284489999.png,Taraba,30-40
11.570104144194023_4.526591044158008_11.615019908399999_4.54156296556.png,Taraba,30-40
11.572859349303986_9.286975279333983_11.542915506500002_9.25703143653.png,Taraba,30-40
11.572859349303986_9.301947200735976_11.542915506500002_9.25703143653.png,Taraba,30-40
11.573242260703983_8.589964736143983_11.543298417899999_8.560020893339999.png,Taraba,30-40
11.578772300000626_8.552093127370911_11.543298417899999_8.560020893339999.png,Taraba,30-40
11.579474577296015_7.576199578361993_11.609418420099999_7.561227656960001.png,Taraba,30-40
11.579474577296015_7.591171499763985_11.609418420099999_7.561227656960001.png,Taraba,30-40
11.581685999600001_9.218914926114023_11.581685999600001_9.263830690319999.png,Taraba,30-40
11.581685999600001_9.263830690319999_11.581685999600001_9.263830690319999.png,Taraba,30-40
11.584396968703983_7.829324455476017_11.554453125899999_7.859268298280001.png,Taraba,30-40
11.584396968703983_7.844296376878009_11.554453125899999_7.859268298280001.png,Taraba,30-40
11.584396968703983_7.874240219681993_11.554453125899999_7.859268298280001.png,Taraba,30-40
11.585076065596015_4.4966472013540235_11.615019908399999_4.54156296556.png,Taraba,30-40
11.587831270705978_9.212115672324023_11.542915506500002_9.25703143653.png,Taraba,30-40
11.587831270705978_9.227087593726015_11.542915506500002_9.25703143653.png,Taraba,30-40
11.589535973903983_8.988813884246015_11.559592131099999_9.01875772705.png,Taraba,30-40
11.594446498698007_7.546255735558009_11.609418420099999_7.561227656960001.png,Taraba,30-40
11.596657921001993_9.218914926114023_11.581685999600001_9.263830690319999.png,Taraba,30-40
11.596657921001993_9.248858768918007_11.581685999600001_9.263830690319999.png,Taraba,30-40
11.599368890105975_7.889212141083985_11.554453125899999_7.859268298280001.png,Taraba,30-40
11.600047986998007_4.4966472013540235_11.615019908399999_4.54156296556.png,Taraba,30-40
11.600047986998007_4.556534886961992_11.615019908399999_4.54156296556.png,Taraba,30-40
11.604507895305975_8.973841962844023_11.559592131099999_9.01875772705.png,Taraba,30-40
11.604507895305975_8.988813884246015_11.559592131099999_9.01875772705.png,Taraba,30-40
11.609418420099999_7.5163118927540244_11.609418420099999_7.561227656960001.png,Taraba,30-40
11.609418420099999_7.606143421165977_11.609418420099999_7.561227656960001.png,Taraba,30-40
11.611629842403985_9.233886847516015_11.581685999600001_9.263830690319999.png,Taraba,30-40
11.611629842403985_9.248858768918007_11.581685999600001_9.263830690319999.png,Taraba,30-40
11.624390341501991_7.576199578361993_11.609418420099999_7.561227656960001.png,Taraba,30-40
11.626601763805978_9.278802611721991_11.581685999600001_9.263830690319999.png,Taraba,30-40
11.626601763805978_9.293774533123983_11.581685999600001_9.263830690319999.png,Taraba,30-40
11.626601763805978_9.308746454525975_11.581685999600001_9.263830690319999.png,Taraba,30-40
11.629850250196016_7.264215613136016_11.659794093_7.29415945594.png,Taraba,30-40
11.629850250196016_7.29415945594_11.659794093_7.29415945594.png,Taraba,30-40
11.629850250196016_7.339075220145976_11.659794093_7.29415945594.png,Taraba,30-40
11.629991829801991_4.556534886961992_11.615019908399999_4.54156296556.png,Taraba,30-40
11.629991829801991_4.571506808363984_11.615019908399999_4.54156296556.png,Taraba,30-40
11.639362262903983_7.5312838141560166_11.609418420099999_7.561227656960001.png,Taraba,30-40
11.639362262903983_7.561227656960001_11.609418420099999_7.561227656960001.png,Taraba,30-40
11.639362262903983_7.576199578361993_11.609418420099999_7.561227656960001.png,Taraba,30-40
11.639362262903983_7.591171499763985_11.609418420099999_7.561227656960001.png,Taraba,30-40
11.644822171598008_7.29415945594_11.659794093_7.29415945594.png,Taraba,30-40
11.644822171598008_7.309131377341992_11.659794093_7.29415945594.png,Taraba,30-40
11.644963751203983_4.556534886961992_11.615019908399999_4.54156296556.png,Taraba,30-40
11.644963751203983_4.571506808363984_11.615019908399999_4.54156296556.png,Taraba,30-40
11.659794093_7.29415945594_11.659794093_7.29415945594.png,Taraba,30-40
11.659935672605975_4.511619122756016_11.615019908399999_4.54156296556.png,Taraba,30-40
11.659935672605975_4.526591044158008_11.615019908399999_4.54156296556.png,Taraba,30-40
11.659935672605975_4.556534886961992_11.615019908399999_4.54156296556.png,Taraba,30-40
11.659935672605975_4.586478729765976_11.615019908399999_4.54156296556.png,Taraba,30-40
11.674766014401992_7.249243691734024_11.659794093_7.29415945594.png,Taraba,30-40
11.674766014401992_7.339075220145976_11.659794093_7.29415945594.png,Taraba,30-40
11.689737935803985_7.264215613136016_11.659794093_7.29415945594.png,Taraba,30-40
11.689737935803985_7.309131377341992_11.659794093_7.29415945594.png,Taraba,30-40
11.704709857205977_7.264215613136016_11.659794093_7.29415945594.png,Taraba,30-40
11.704709857205977_7.339075220145976_11.659794093_7.29415945594.png,Taraba,30-40
11.758448696594023_7.600467993604024_11.8033644608_7.64538375781.png,Taraba,30-40
11.758448696594023_7.630411836408008_11.8033644608_7.64538375781.png,Taraba,30-40
11.761022489994025_7.61681591533_11.8059382542_7.61681591533.png,Taraba,30-40
11.761022489994025_7.631787836731992_11.8059382542_7.61681591533.png,Taraba,30-40
11.761022489994025_7.646759758133984_11.8059382542_7.61681591533.png,Taraba,30-40
11.761022489994025_7.6617316795359764_11.8059382542_7.61681591533.png,Taraba,30-40
11.798447048494024_7.0266096615540246_11.8433628127_7.071525425760001.png,Taraba,30-40
11.798447048494024_7.071525425760001_11.8433628127_7.071525425760001.png,Taraba,30-40
11.798447048494024_7.086497347161993_11.8433628127_7.071525425760001.png,Taraba,30-40
11.801795169694024_3.635350602056016_11.8467109339_3.66529444486.png,Taraba,30-40
11.801795169694024_3.680266366261992_11.8467109339_3.66529444486.png,Taraba,30-40
11.801795169694024_3.7102102090659757_11.8467109339_3.66529444486.png,Taraba,30-40
11.813418969896016_7.056553504358009_11.8433628127_7.071525425760001.png,Taraba,30-40
11.813418969896016_7.071525425760001_11.8433628127_7.071525425760001.png,Taraba,30-40
11.816767091096017_3.635350602056016_11.8467109339_3.66529444486.png,Taraba,30-40
11.816767091096017_3.66529444486_11.8467109339_3.66529444486.png,Taraba,30-40
11.826972502994025_6.0010162681160155_11.871888267200001_6.03096011092.png,Taraba,30-40
11.828390891298008_7.071525425760001_11.8433628127_7.071525425760001.png,Taraba,30-40
11.832892314933831_6.073742205745455_11.871888267200001_6.03096011092.png,Taraba,30-40
11.834343592096015_8.968015627106016_11.8642874349_8.99795946991.png,Taraba,30-40
11.841944424396017_6.045932032321992_11.871888267200001_6.03096011092.png,Taraba,30-40
11.8433628127_7.041581582956017_11.8433628127_7.071525425760001.png,Taraba,30-40
11.8433628127_7.071525425760001_11.8433628127_7.071525425760001.png,Taraba,30-40
11.8433628127_7.116441189965977_11.8433628127_7.071525425760001.png,Taraba,30-40
11.8467109339_3.6952382876639835_11.8467109339_3.66529444486.png,Taraba,30-40
11.849315513498007_8.968015627106016_11.8642874349_8.99795946991.png,Taraba,30-40
11.849315513498007_8.99795946991_11.8642874349_8.99795946991.png,Taraba,30-40
11.856916345798009_6.075875875125976_11.871888267200001_6.03096011092.png,Taraba,30-40
11.858334734101993_7.101469268563985_11.8433628127_7.071525425760001.png,Taraba,30-40
11.861682855301993_3.6952382876639835_11.8467109339_3.66529444486.png,Taraba,30-40
11.8642874349_8.968015627106016_11.8642874349_8.99795946991.png,Taraba,30-40
11.871888267200001_5.986044346714023_11.871888267200001_6.03096011092.png,Taraba,30-40
11.871888267200001_6.03096011092_11.871888267200001_6.03096011092.png,Taraba,30-40
11.873306655503985_7.0266096615540246_11.8433628127_7.071525425760001.png,Taraba,30-40
11.873306655503985_7.041581582956017_11.8433628127_7.071525425760001.png,Taraba,30-40
11.876654776703985_3.6952382876639835_11.8467109339_3.66529444486.png,Taraba,30-40
11.885818658061515_6.04702401247045_11.871888267200001_6.03096011092.png,Taraba,30-40
11.886860188601993_6.015988189518008_11.871888267200001_6.03096011092.png,Taraba,30-40
11.886860188601993_6.03096011092_11.871888267200001_6.03096011092.png,Taraba,30-40
11.888278576905977_7.071525425760001_11.8433628127_7.071525425760001.png,Taraba,30-40
11.891626698105977_3.620378680654024_11.8467109339_3.66529444486.png,Taraba,30-40
11.891626698105977_3.6503225234580077_11.8467109339_3.66529444486.png,Taraba,30-40
11.891626698105977_3.66529444486_11.8467109339_3.66529444486.png,Taraba,30-40
11.891626698105977_3.6952382876639835_11.8467109339_3.66529444486.png,Taraba,30-40
11.901832110003985_5.986044346714023_11.871888267200001_6.03096011092.png,Taraba,30-40
11.901832110003985_6.0010162681160155_11.871888267200001_6.03096011092.png,Taraba,30-40
11.901832110003985_6.075875875125976_11.871888267200001_6.03096011092.png,Taraba,30-40
11.916804031405977_5.986044346714023_11.871888267200001_6.03096011092.png,Taraba,30-40
12.096248896294023_4.968918952578008_12.1411646605_4.98389087398.png,Taraba,30-40
12.101854822694024_6.616094636746016_12.1467705869_6.6460384795500005.png,Taraba,30-40
12.101854822694024_6.6460384795500005_12.1467705869_6.6460384795500005.png,Taraba,30-40
12.101854822694024_6.675982322353985_12.1467705869_6.6460384795500005.png,Taraba,30-40
12.108957400194024_4.877391124493984_12.1538731644_4.84744728169.png,Taraba,30-40
12.111220817696015_5.013834716783984_12.1411646605_4.98389087398.png,Taraba,30-40
12.116826744096016_6.616094636746016_12.1467705869_6.6460384795500005.png,Taraba,30-40
12.123929321596016_4.817503438886016_12.1538731644_4.84744728169.png,Taraba,30-40
12.123929321596016_4.832475360288008_12.1538731644_4.84744728169.png,Taraba,30-40
12.123929321596016_4.84744728169_12.1538731644_4.84744728169.png,Taraba,30-40
12.126192739098007_4.968918952578008_12.1411646605_4.98389087398.png,Taraba,30-40
12.1411646605_4.968918952578008_12.1411646605_4.98389087398.png,Taraba,30-40
12.1411646605_4.98389087398_12.1411646605_4.98389087398.png,Taraba,30-40
12.1411646605_4.998862795381992_12.1411646605_4.98389087398.png,Taraba,30-40
12.1467705869_6.661010400951993_12.1467705869_6.6460384795500005.png,Taraba,30-40
12.1467705869_6.690954243755977_12.1467705869_6.6460384795500005.png,Taraba,30-40
12.1538731644_4.84744728169_12.1538731644_4.84744728169.png,Taraba,30-40
12.156136581901992_5.013834716783984_12.1411646605_4.98389087398.png,Taraba,30-40
12.156136581901992_5.028806638185976_12.1411646605_4.98389087398.png,Taraba,30-40
12.161742508301993_6.631066558148008_12.1467705869_6.6460384795500005.png,Taraba,30-40
12.168845085801992_4.802531517484024_12.1538731644_4.84744728169.png,Taraba,30-40
12.168845085801992_4.832475360288008_12.1538731644_4.84744728169.png,Taraba,30-40
12.168845085801992_4.877391124493984_12.1538731644_4.84744728169.png,Taraba,30-40
12.176714429703985_6.661010400951993_12.1467705869_6.6460384795500005.png,Taraba,30-40
12.183817007203984_4.84744728169_12.1538731644_4.84744728169.png,Taraba,30-40
12.183817007203984_4.862419203091992_12.1538731644_4.84744728169.png,Taraba,30-40
12.186080424705976_4.968918952578008_12.1411646605_4.98389087398.png,Taraba,30-40
12.186080424705976_4.98389087398_12.1411646605_4.98389087398.png,Taraba,30-40
12.186080424705976_4.998862795381992_12.1411646605_4.98389087398.png,Taraba,30-40
12.186080424705976_5.013834716783984_12.1411646605_4.98389087398.png,Taraba,30-40
12.186080424705976_5.028806638185976_12.1411646605_4.98389087398.png,Taraba,30-40
12.191686351105977_6.601122715344024_12.1467705869_6.6460384795500005.png,Taraba,30-40
12.191686351105977_6.631066558148008_12.1467705869_6.6460384795500005.png,Taraba,30-40
12.191686351105977_6.6460384795500005_12.1467705869_6.6460384795500005.png,Taraba,30-40
12.191686351105977_6.661010400951993_12.1467705869_6.6460384795500005.png,Taraba,30-40
12.198788928605977_4.832475360288008_12.1538731644_4.84744728169.png,Taraba,30-40
12.198788928605977_4.862419203091992_12.1538731644_4.84744728169.png,Taraba,30-40
12.240079959694025_6.6020485625719925_12.284995723900002_6.58707664117.png,Taraba,30-40
12.240079959694025_6.617020483973985_12.284995723900002_6.58707664117.png,Taraba,30-40
12.255051881096017_6.542160876964024_12.284995723900002_6.58707664117.png,Taraba,30-40
12.27002380249801_6.542160876964024_12.284995723900002_6.58707664117.png,Taraba,30-40
12.274991550094024_4.34470881753_12.3199073143_4.34470881753.png,Taraba,30-40
12.284995723900002_6.572104719768008_12.284995723900002_6.58707664117.png,Taraba,30-40
12.289738227408504_4.371034204309754_12.3199073143_4.34470881753.png,Taraba,30-40
12.289963471496016_4.299793053324024_12.3199073143_4.34470881753.png,Taraba,30-40
12.289963471496016_4.314764974726016_12.3199073143_4.34470881753.png,Taraba,30-40
12.289963471496016_4.359680738931992_12.3199073143_4.34470881753.png,Taraba,30-40
12.299967645301994_6.58707664117_12.284995723900002_6.58707664117.png,Taraba,30-40
12.299967645301994_6.6020485625719925_12.284995723900002_6.58707664117.png,Taraba,30-40
12.304935392898008_4.389624581735976_12.3199073143_4.34470881753.png,Taraba,30-40
12.314939566703986_6.557132798366016_12.284995723900002_6.58707664117.png,Taraba,30-40
12.314939566703986_6.617020483973985_12.284995723900002_6.58707664117.png,Taraba,30-40
12.314939566703986_6.631992405375977_12.284995723900002_6.58707664117.png,Taraba,30-40
12.3199073143_4.34470881753_12.3199073143_4.34470881753.png,Taraba,30-40
12.3199073143_4.359680738931992_12.3199073143_4.34470881753.png,Taraba,30-40
12.329911488105978_6.572104719768008_12.284995723900002_6.58707664117.png,Taraba,30-40
12.329911488105978_6.6020485625719925_12.284995723900002_6.58707664117.png,Taraba,30-40
12.334879235701992_4.34470881753_12.3199073143_4.34470881753.png,Taraba,30-40
12.349851157103984_4.374652660333984_12.3199073143_4.34470881753.png,Taraba,30-40
12.355128765842691_4.386088706534093_12.3199073143_4.34470881753.png,Taraba,30-40
12.364823078505976_4.314764974726016_12.3199073143_4.34470881753.png,Taraba,30-40
12.364823078505976_4.329736896128008_12.3199073143_4.34470881753.png,Taraba,30-40
12.388432986094024_4.063087624206014_12.4333487503_4.0930314670099985.png,Taraba,30-40
12.388432986094024_4.108003388411991_12.4333487503_4.0930314670099985.png,Taraba,30-40
12.390521416996016_6.22865247517_12.4204652598_6.22865247517.png,Taraba,30-40
12.403404907496016_4.063087624206014_12.4333487503_4.0930314670099985.png,Taraba,30-40
12.403404907496016_4.078059545608006_12.4333487503_4.0930314670099985.png,Taraba,30-40
12.403404907496016_4.122975309813983_12.4333487503_4.0930314670099985.png,Taraba,30-40
12.405493338398008_6.243624396571992_12.4204652598_6.22865247517.png,Taraba,30-40
12.407238960349662_4.177307913191183_12.4497965742_4.19027819896.png,Taraba,30-40
12.418376828898008_4.122975309813983_12.4333487503_4.0930314670099985.png,Taraba,30-40
12.418376828898008_4.137947231215975_12.4333487503_4.0930314670099985.png,Taraba,30-40
12.419852731396016_4.145362434754023_12.4497965742_4.19027819896.png,Taraba,30-40
12.419852731396016_4.1603343561560155_12.4497965742_4.19027819896.png,Taraba,30-40
12.4204652598_6.273568239375976_12.4204652598_6.22865247517.png,Taraba,30-40
12.425368245052166_4.2341176600352926_12.4497965742_4.19027819896.png,Taraba,30-40
12.4333487503_4.0930314670099985_12.4333487503_4.0930314670099985.png,Taraba,30-40
12.4333487503_4.122975309813983_12.4333487503_4.0930314670099985.png,Taraba,30-40
12.434824652798008_4.19027819896_12.4497965742_4.19027819896.png,Taraba,30-40
12.435437181201992_6.198708632366015_12.4204652598_6.22865247517.png,Taraba,30-40
12.435437181201992_6.258596317973984_12.4204652598_6.22865247517.png,Taraba,30-40
12.435437181201992_6.273568239375976_12.4204652598_6.22865247517.png,Taraba,30-40
12.448320671701993_4.0930314670099985_12.4333487503_4.0930314670099985.png,Taraba,30-40
12.4497965742_4.145362434754023_12.4497965742_4.19027819896.png,Taraba,30-40
12.4497965742_4.1603343561560155_12.4497965742_4.19027819896.png,Taraba,30-40
12.4497965742_4.205250120361992_12.4497965742_4.19027819896.png,Taraba,30-40
12.450409102603984_6.198708632366015_12.4204652598_6.22865247517.png,Taraba,30-40
12.450409102603984_6.2136805537680075_12.4204652598_6.22865247517.png,Taraba,30-40
12.450409102603984_6.22865247517_12.4204652598_6.22865247517.png,Taraba,30-40
12.460876333094024_6.571260696138008_12.5057920973_6.58623261754.png,Taraba,30-40
12.463292593103985_4.108003388411991_12.4333487503_4.0930314670099985.png,Taraba,30-40
12.464768495601993_4.175306277558008_12.4497965742_4.19027819896.png,Taraba,30-40
12.464768495601993_4.19027819896_12.4497965742_4.19027819896.png,Taraba,30-40
12.464768495601993_4.235193963165976_12.4497965742_4.19027819896.png,Taraba,30-40
12.465381024005977_6.183736710964023_12.4204652598_6.22865247517.png,Taraba,30-40
12.465381024005977_6.198708632366015_12.4204652598_6.22865247517.png,Taraba,30-40
12.465381024005977_6.22865247517_12.4204652598_6.22865247517.png,Taraba,30-40
12.475848254496016_6.541316853334024_12.5057920973_6.58623261754.png,Taraba,30-40
12.475848254496016_6.58623261754_12.5057920973_6.58623261754.png,Taraba,30-40
12.475848254496016_6.6161764603439845_12.5057920973_6.58623261754.png,Taraba,30-40
12.478264514505977_4.078059545608006_12.4333487503_4.0930314670099985.png,Taraba,30-40
12.479740417003985_4.19027819896_12.4497965742_4.19027819896.png,Taraba,30-40
12.479740417003985_4.205250120361992_12.4497965742_4.19027819896.png,Taraba,30-40
12.491118271294024_6.800435705561992_12.5360340355_6.78546378416.png,Taraba,30-40
12.492392133594024_4.127840066476016_12.5373078978_4.15778390928.png,Taraba,30-40
12.492392133594024_4.15778390928_12.5373078978_4.15778390928.png,Taraba,30-40
12.5057920973_6.571260696138008_12.5057920973_6.58623261754.png,Taraba,30-40
12.5057920973_6.601204538941992_12.5057920973_6.58623261754.png,Taraba,30-40
12.5057920973_6.6161764603439845_12.5057920973_6.58623261754.png,Taraba,30-40
12.506090192696016_6.740548019954024_12.5360340355_6.78546378416.png,Taraba,30-40
12.506090192696016_6.78546378416_12.5360340355_6.78546378416.png,Taraba,30-40
12.506090192696016_6.815407626963984_12.5360340355_6.78546378416.png,Taraba,30-40
12.506090192696016_6.830379548365976_12.5360340355_6.78546378416.png,Taraba,30-40
12.507364054996016_4.15778390928_12.5373078978_4.15778390928.png,Taraba,30-40
12.520764018701993_6.541316853334024_12.5057920973_6.58623261754.png,Taraba,30-40
12.520764018701993_6.601204538941992_12.5057920973_6.58623261754.png,Taraba,30-40
12.52085145949858_6.782850444349623_12.5360340355_6.78546378416.png,Taraba,30-40
12.522335976398008_4.172755830681992_12.5373078978_4.15778390928.png,Taraba,30-40
12.535735940103985_6.571260696138008_12.5057920973_6.58623261754.png,Taraba,30-40
12.535735940103985_6.601204538941992_12.5057920973_6.58623261754.png,Taraba,30-40
12.5360340355_6.755519941356016_12.5360340355_6.78546378416.png,Taraba,30-40
12.5360340355_6.815407626963984_12.5360340355_6.78546378416.png,Taraba,30-40
12.542488324444667_4.166890915396256_12.5373078978_4.15778390928.png,Taraba,30-40
12.546860422557183_4.154262608253343_12.5373078978_4.15778390928.png,Taraba,30-40
12.549574364454374_6.751867415837608_12.5360340355_6.78546378416.png,Taraba,30-40
12.550707861505977_6.58623261754_12.5057920973_6.58623261754.png,Taraba,30-40
12.551005956901992_6.770491862758008_12.5360340355_6.78546378416.png,Taraba,30-40
12.551005956901992_6.815407626963984_12.5360340355_6.78546378416.png,Taraba,30-40
12.552279819201992_4.112868145074024_12.5373078978_4.15778390928.png,Taraba,30-40
12.565977878303984_6.740548019954024_12.5360340355_6.78546378416.png,Taraba,30-40
12.565977878303984_6.830379548365976_12.5360340355_6.78546378416.png,Taraba,30-40
12.567251740603984_4.172755830681992_12.5373078978_4.15778390928.png,Taraba,30-40
12.567251740603984_4.187727752083984_12.5373078978_4.15778390928.png,Taraba,30-40
12.580949799705976_6.755519941356016_12.5360340355_6.78546378416.png,Taraba,30-40
12.582223662005976_4.142811987878008_12.5373078978_4.15778390928.png,Taraba,30-40
12.582223662005976_4.172755830681992_12.5373078978_4.15778390928.png,Taraba,30-40
12.582223662005976_4.187727752083984_12.5373078978_4.15778390928.png,Taraba,30-40
12.582223662005976_4.202699673485976_12.5373078978_4.15778390928.png,Taraba,30-40
12.616470894694025_3.916641260181992_12.661386658900001_3.90166933878.png,Taraba,30-40
12.616470894694025_3.931613181583984_12.661386658900001_3.90166933878.png,Taraba,30-40
12.616470894694025_3.946585102985976_12.661386658900001_3.90166933878.png,Taraba,30-40
12.631442816096017_3.946585102985976_12.661386658900001_3.90166933878.png,Taraba,30-40
12.643512990494024_4.754105716354024_12.6884287547_4.79902148056.png,Taraba,30-40
12.643512990494024_4.769077637756016_12.6884287547_4.79902148056.png,Taraba,30-40
12.643512990494024_4.8139934019619925_12.6884287547_4.79902148056.png,Taraba,30-40
12.64641473749801_3.90166933878_12.661386658900001_3.90166933878.png,Taraba,30-40
12.648327429126196_4.783023666310244_12.6884287547_4.79902148056.png,Taraba,30-40
12.658484911896016_4.769077637756016_12.6884287547_4.79902148056.png,Taraba,30-40
12.658484911896016_4.79902148056_12.6884287547_4.79902148056.png,Taraba,30-40
12.661386658900001_3.916641260181992_12.661386658900001_3.90166933878.png,Taraba,30-40
12.673456833298008_4.79902148056_12.6884287547_4.79902148056.png,Taraba,30-40
12.676358580301994_3.90166933878_12.661386658900001_3.90166933878.png,Taraba,30-40
12.6884287547_4.754105716354024_12.6884287547_4.79902148056.png,Taraba,30-40
12.6884287547_4.769077637756016_12.6884287547_4.79902148056.png,Taraba,30-40
12.691330501703986_3.90166933878_12.661386658900001_3.90166933878.png,Taraba,30-40
12.703400676101992_4.754105716354024_12.6884287547_4.79902148056.png,Taraba,30-40
12.703400676101992_4.828965323363985_12.6884287547_4.79902148056.png,Taraba,30-40
12.706302423105978_3.886697417378008_12.661386658900001_3.90166933878.png,Taraba,30-40
12.706302423105978_3.90166933878_12.661386658900001_3.90166933878.png,Taraba,30-40
12.706302423105978_3.916641260181992_12.661386658900001_3.90166933878.png,Taraba,30-40
12.706302423105978_3.931613181583984_12.661386658900001_3.90166933878.png,Taraba,30-40
12.718372597503985_4.843937244765977_12.6884287547_4.79902148056.png,Taraba,30-40
12.726501052794024_4.868767465195977_12.771416817_4.823851700990001.png,Taraba,30-40
12.732119011276753_4.793278444429991_12.6884287547_4.79902148056.png,Taraba,30-40
12.733344518905977_4.843937244765977_12.6884287547_4.79902148056.png,Taraba,30-40
12.741472974196016_4.778935936784024_12.771416817_4.823851700990001.png,Taraba,30-40
12.741472974196016_4.793907858186016_12.771416817_4.823851700990001.png,Taraba,30-40
12.741472974196016_4.8088797795880085_12.771416817_4.823851700990001.png,Taraba,30-40
12.741472974196016_4.823851700990001_12.771416817_4.823851700990001.png,Taraba,30-40
12.771416817_4.823851700990001_12.771416817_4.823851700990001.png,Taraba,30-40
12.771416817_4.868767465195977_12.771416817_4.823851700990001.png,Taraba,30-40
12.786388738401993_4.868767465195977_12.771416817_4.823851700990001.png,Taraba,30-40
12.801360659803985_4.778935936784024_12.771416817_4.823851700990001.png,Taraba,30-40
12.801360659803985_4.853795543793985_12.771416817_4.823851700990001.png,Taraba,30-40
12.801360659803985_4.868767465195977_12.771416817_4.823851700990001.png,Taraba,30-40
12.816332581205977_4.793907858186016_12.771416817_4.823851700990001.png,Taraba,30-40
12.816332581205977_4.853795543793985_12.771416817_4.823851700990001.png,Taraba,30-40
12.918901538194024_5.213790451301993_12.9638173024_5.1988185299000005.png,Taraba,30-40
12.918901538194024_5.243734294105977_12.9638173024_5.1988185299000005.png,Taraba,30-40
12.933873459596017_5.153902765694024_12.9638173024_5.1988185299000005.png,Taraba,30-40
12.933873459596017_5.168874687096016_12.9638173024_5.1988185299000005.png,Taraba,30-40
12.933873459596017_5.243734294105977_12.9638173024_5.1988185299000005.png,Taraba,30-40
12.9638173024_5.228762372703985_12.9638173024_5.1988185299000005.png,Taraba,30-40
12.9638173024_5.243734294105977_12.9638173024_5.1988185299000005.png,Taraba,30-40
12.978789223801993_5.228762372703985_12.9638173024_5.1988185299000005.png,Taraba,30-40
12.993761145203985_5.153902765694024_12.9638173024_5.1988185299000005.png,Taraba,30-40
12.993761145203985_5.213790451301993_12.9638173024_5.1988185299000005.png,Taraba,30-40
13.002453871294023_6.420013781624024_13.047369635499999_6.4649295458300005.png,Taraba,30-40
13.002453871294023_6.434985703026016_13.047369635499999_6.4649295458300005.png,Taraba,30-40
13.002453871294023_6.449957624428008_13.047369635499999_6.4649295458300005.png,Taraba,30-40
13.002453871294023_6.4649295458300005_13.047369635499999_6.4649295458300005.png,Taraba,30-40
13.002453871294023_6.479901467231993_13.047369635499999_6.4649295458300005.png,Taraba,30-40
13.002453871294023_6.494873388633985_13.047369635499999_6.4649295458300005.png,Taraba,30-40
13.002453871294023_6.509845310035977_13.047369635499999_6.4649295458300005.png,Taraba,30-40
13.008733066605977_5.228762372703985_12.9638173024_5.1988185299000005.png,Taraba,30-40
13.008733066605977_5.243734294105977_12.9638173024_5.1988185299000005.png,Taraba,30-40
13.017425792696015_6.420013781624024_13.047369635499999_6.4649295458300005.png,Taraba,30-40
13.017425792696015_6.434985703026016_13.047369635499999_6.4649295458300005.png,Taraba,30-40
13.017425792696015_6.449957624428008_13.047369635499999_6.4649295458300005.png,Taraba,30-40
13.017425792696015_6.4649295458300005_13.047369635499999_6.4649295458300005.png,Taraba,30-40
13.017425792696015_6.479901467231993_13.047369635499999_6.4649295458300005.png,Taraba,30-40
13.017425792696015_6.494873388633985_13.047369635499999_6.4649295458300005.png,Taraba,30-40
13.017425792696015_6.509845310035977_13.047369635499999_6.4649295458300005.png,Taraba,30-40
13.032397714098007_6.420013781624024_13.047369635499999_6.4649295458300005.png,Taraba,30-40
13.032397714098007_6.434985703026016_13.047369635499999_6.4649295458300005.png,Taraba,30-40
13.032397714098007_6.449957624428008_13.047369635499999_6.4649295458300005.png,Taraba,30-40
13.032397714098007_6.4649295458300005_13.047369635499999_6.4649295458300005.png,Taraba,30-40
13.032397714098007_6.479901467231993_13.047369635499999_6.4649295458300005.png,Taraba,30-40
13.032397714098007_6.494873388633985_13.047369635499999_6.4649295458300005.png,Taraba,30-40
13.032397714098007_6.509845310035977_13.047369635499999_6.4649295458300005.png,Taraba,30-40
13.036416453894024_5.266141524418008_13.0813322181_5.28111344582.png,Taraba,30-40
13.036416453894024_5.296085367221992_13.0813322181_5.28111344582.png,Taraba,30-40
13.036416453894024_5.326029210025976_13.0813322181_5.28111344582.png,Taraba,30-40
13.039093415227546_6.47839087819998_13.047369635499999_6.4649295458300005.png,Taraba,30-40
13.047369635499999_6.420013781624024_13.047369635499999_6.4649295458300005.png,Taraba,30-40
13.047369635499999_6.434985703026016_13.047369635499999_6.4649295458300005.png,Taraba,30-40
13.047369635499999_6.449957624428008_13.047369635499999_6.4649295458300005.png,Taraba,30-40
13.047369635499999_6.4649295458300005_13.047369635499999_6.4649295458300005.png,Taraba,30-40
13.047369635499999_6.479901467231993_13.047369635499999_6.4649295458300005.png,Taraba,30-40
13.047369635499999_6.494873388633985_13.047369635499999_6.4649295458300005.png,Taraba,30-40
13.047369635499999_6.509845310035977_13.047369635499999_6.4649295458300005.png,Taraba,30-40
13.051388375296016_5.311057288623984_13.0813322181_5.28111344582.png,Taraba,30-40
13.062341556901991_6.420013781624024_13.047369635499999_6.4649295458300005.png,Taraba,30-40
13.062341556901991_6.434985703026016_13.047369635499999_6.4649295458300005.png,Taraba,30-40
13.062341556901991_6.449957624428008_13.047369635499999_6.4649295458300005.png,Taraba,30-40
13.062341556901991_6.4649295458300005_13.047369635499999_6.4649295458300005.png,Taraba,30-40
13.062341556901991_6.479901467231993_13.047369635499999_6.4649295458300005.png,Taraba,30-40
13.062341556901991_6.494873388633985_13.047369635499999_6.4649295458300005.png,Taraba,30-40
13.062341556901991_6.509845310035977_13.047369635499999_6.4649295458300005.png,Taraba,30-40
13.066360296698008_5.266141524418008_13.0813322181_5.28111344582.png,Taraba,30-40
13.066360296698008_5.326029210025976_13.0813322181_5.28111344582.png,Taraba,30-40
13.070622914371125_6.422953237649777_13.047369635499999_6.4649295458300005.png,Taraba,30-40
13.077313478303983_6.420013781624024_13.047369635499999_6.4649295458300005.png,Taraba,30-40
13.077313478303983_6.434985703026016_13.047369635499999_6.4649295458300005.png,Taraba,30-40
13.077313478303983_6.449957624428008_13.047369635499999_6.4649295458300005.png,Taraba,30-40
13.077313478303983_6.4649295458300005_13.047369635499999_6.4649295458300005.png,Taraba,30-40
13.077313478303983_6.479901467231993_13.047369635499999_6.4649295458300005.png,Taraba,30-40
13.077313478303983_6.494873388633985_13.047369635499999_6.4649295458300005.png,Taraba,30-40
13.077313478303983_6.509845310035977_13.047369635499999_6.4649295458300005.png,Taraba,30-40
13.0813322181_5.251169603016016_13.0813322181_5.28111344582.png,Taraba,30-40
13.092285399705975_6.420013781624024_13.047369635499999_6.4649295458300005.png,Taraba,30-40
13.092285399705975_6.434985703026016_13.047369635499999_6.4649295458300005.png,Taraba,30-40
13.092285399705975_6.449957624428008_13.047369635499999_6.4649295458300005.png,Taraba,30-40
13.092285399705975_6.4649295458300005_13.047369635499999_6.4649295458300005.png,Taraba,30-40
13.092285399705975_6.479901467231993_13.047369635499999_6.4649295458300005.png,Taraba,30-40
13.092285399705975_6.494873388633985_13.047369635499999_6.4649295458300005.png,Taraba,30-40
13.092285399705975_6.509845310035977_13.047369635499999_6.4649295458300005.png,Taraba,30-40
13.096304139501992_5.251169603016016_13.0813322181_5.28111344582.png,Taraba,30-40
13.111276060903984_5.236197681614024_13.0813322181_5.28111344582.png,Taraba,30-40
13.111276060903984_5.266141524418008_13.0813322181_5.28111344582.png,Taraba,30-40
13.126247982305976_5.251169603016016_13.0813322181_5.28111344582.png,Taraba,30-40
13.126247982305976_5.266141524418008_13.0813322181_5.28111344582.png,Taraba,30-40
13.294980742194024_5.1995085569180075_13.3398965064_5.21448047832.png,Taraba,30-40
13.309952663596016_5.184536635516015_13.3398965064_5.21448047832.png,Taraba,30-40
13.309952663596016_5.1995085569180075_13.3398965064_5.21448047832.png,Taraba,30-40
13.324924584998008_5.184536635516015_13.3398965064_5.21448047832.png,Taraba,30-40
13.324924584998008_5.21448047832_13.3398965064_5.21448047832.png,Taraba,30-40
13.354868427801993_5.169564714114023_13.3398965064_5.21448047832.png,Taraba,30-40
13.354868427801993_5.184536635516015_13.3398965064_5.21448047832.png,Taraba,30-40
13.354868427801993_5.21448047832_13.3398965064_5.21448047832.png,Taraba,30-40
13.369840349203985_5.184536635516015_13.3398965064_5.21448047832.png,Taraba,30-40
13.369840349203985_5.229452399721992_13.3398965064_5.21448047832.png,Taraba,30-40
13.369840349203985_5.259396242525976_13.3398965064_5.21448047832.png,Taraba,30-40
13.384812270605977_5.21448047832_13.3398965064_5.21448047832.png,Taraba,30-40
13.510626535394024_6.201730902824024_13.5555422996_6.24664666703.png,Taraba,30-40
13.525598456796017_6.291562431235977_13.5555422996_6.24664666703.png,Taraba,30-40
13.540570378198009_6.2765905098339845_13.5555422996_6.24664666703.png,Taraba,30-40
13.540570378198009_6.291562431235977_13.5555422996_6.24664666703.png,Taraba,30-40
13.5555422996_6.201730902824024_13.5555422996_6.24664666703.png,Taraba,30-40
13.559335214094023_5.696760682254024_13.6042509783_5.7416764464600005.png,Taraba,30-40
13.559335214094023_5.711732603656016_13.6042509783_5.7416764464600005.png,Taraba,30-40
13.559335214094023_5.7416764464600005_13.6042509783_5.7416764464600005.png,Taraba,30-40
13.567171399961461_5.780068650614178_13.6042509783_5.7416764464600005.png,Taraba,30-40
13.570514221001993_6.201730902824024_13.5555422996_6.24664666703.png,Taraba,30-40
13.570514221001993_6.2765905098339845_13.5555422996_6.24664666703.png,Taraba,30-40
13.574307135496015_5.696760682254024_13.6042509783_5.7416764464600005.png,Taraba,30-40
13.574307135496015_5.7416764464600005_13.6042509783_5.7416764464600005.png,Taraba,30-40
13.585486142403985_6.201730902824024_13.5555422996_6.24664666703.png,Taraba,30-40
13.585486142403985_6.216702824226016_13.5555422996_6.24664666703.png,Taraba,30-40
13.585486142403985_6.24664666703_13.5555422996_6.24664666703.png,Taraba,30-40
13.585486142403985_6.291562431235977_13.5555422996_6.24664666703.png,Taraba,30-40
13.589279056898008_5.786592210665977_13.6042509783_5.7416764464600005.png,Taraba,30-40
13.598975013563498_5.727103541348214_13.6042509783_5.7416764464600005.png,Taraba,30-40
13.600458063805977_6.216702824226016_13.5555422996_6.24664666703.png,Taraba,30-40
13.600458063805977_6.24664666703_13.5555422996_6.24664666703.png,Taraba,30-40
13.6042509783_5.726704525058008_13.6042509783_5.7416764464600005.png,Taraba,30-40
13.6042509783_5.7416764464600005_13.6042509783_5.7416764464600005.png,Taraba,30-40
13.619222899701992_5.711732603656016_13.6042509783_5.7416764464600005.png,Taraba,30-40
13.634194821103984_5.771620289263985_13.6042509783_5.7416764464600005.png,Taraba,30-40
13.649166742505976_5.771620289263985_13.6042509783_5.7416764464600005.png,Taraba,30-40
13.649166742505976_5.786592210665977_13.6042509783_5.7416764464600005.png,Taraba,30-40
13.669331698194023_5.587496745063984_13.7142474624_5.557552902259999.png,Taraba,30-40
13.669331698194023_5.602468666465976_13.7142474624_5.557552902259999.png,Taraba,30-40
13.684303619596015_5.587496745063984_13.7142474624_5.557552902259999.png,Taraba,30-40
13.699275540998007_5.542580980858007_13.7142474624_5.557552902259999.png,Taraba,30-40
13.699275540998007_5.557552902259999_13.7142474624_5.557552902259999.png,Taraba,30-40
13.7142474624_5.527609059456015_13.7142474624_5.557552902259999.png,Taraba,30-40
13.7142474624_5.5725248236619915_13.7142474624_5.557552902259999.png,Taraba,30-40
13.729219383801992_5.5725248236619915_13.7142474624_5.557552902259999.png,Taraba,30-40
13.729219383801992_5.587496745063984_13.7142474624_5.557552902259999.png,Taraba,30-40
13.744191305203984_5.587496745063984_13.7142474624_5.557552902259999.png,Taraba,30-40
13.759163226605976_5.512637138054023_13.7142474624_5.557552902259999.png,Taraba,30-40
13.759163226605976_5.587496745063984_13.7142474624_5.557552902259999.png,Taraba,30-40
13.759163226605976_5.602468666465976_13.7142474624_5.557552902259999.png,Taraba,30-40
9.247094084404024_7.8279191828080075_9.29200984861_7.84289110421.png,Taraba,30-40
9.247094084404024_7.887806868415976_9.29200984861_7.84289110421.png,Taraba,30-40
9.262066005806016_7.887806868415976_9.29200984861_7.84289110421.png,Taraba,30-40
9.277037927208008_7.857863025611992_9.29200984861_7.84289110421.png,Taraba,30-40
9.277037927208008_7.887806868415976_9.29200984861_7.84289110421.png,Taraba,30-40
9.306981770011992_7.887806868415976_9.29200984861_7.84289110421.png,Taraba,30-40
9.321953691413984_7.84289110421_9.29200984861_7.84289110421.png,Taraba,30-40
9.321953691413984_7.887806868415976_9.29200984861_7.84289110421.png,Taraba,30-40
9.336925612815977_7.84289110421_9.29200984861_7.84289110421.png,Taraba,30-40
9.336925612815977_7.887806868415976_9.29200984861_7.84289110421.png,Taraba,30-40
9.612135229511994_6.505204438114023_9.597163308110002_6.55012020232.png,Taraba,30-40
9.612135229511994_6.520176359516015_9.597163308110002_6.55012020232.png,Taraba,30-40
9.612135229511994_6.5351482809180075_9.597163308110002_6.55012020232.png,Taraba,30-40
9.612135229511994_6.55012020232_9.597163308110002_6.55012020232.png,Taraba,30-40
9.612135229511994_6.565092123721992_9.597163308110002_6.55012020232.png,Taraba,30-40
9.612135229511994_6.580064045123984_9.597163308110002_6.55012020232.png,Taraba,30-40
9.612135229511994_6.595035966525976_9.597163308110002_6.55012020232.png,Taraba,30-40
9.613245505755977_6.534654291948009_9.56832974155_6.549626213350001.png,Taraba,30-40
9.613245505755977_6.564598134751993_9.56832974155_6.549626213350001.png,Taraba,30-40
9.613245505755977_6.579570056153985_9.56832974155_6.549626213350001.png,Taraba,30-40
9.618566748276937_6.5250349884382235_9.597163308110002_6.55012020232.png,Taraba,30-40
9.619904611836185_6.592237722116161_9.597163308110002_6.55012020232.png,Taraba,30-40
9.621037997024024_7.9294419764360144_9.66595376123_7.959385819239999.png,Taraba,30-40
9.621037997024024_7.989329662043982_9.66595376123_7.959385819239999.png,Taraba,30-40
9.627107150913986_6.505204438114023_9.597163308110002_6.55012020232.png,Taraba,30-40
9.627107150913986_6.520176359516015_9.597163308110002_6.55012020232.png,Taraba,30-40
9.627107150913986_6.5351482809180075_9.597163308110002_6.55012020232.png,Taraba,30-40
9.627107150913986_6.55012020232_9.597163308110002_6.55012020232.png,Taraba,30-40
9.627107150913986_6.565092123721992_9.597163308110002_6.55012020232.png,Taraba,30-40
9.627107150913986_6.580064045123984_9.597163308110002_6.55012020232.png,Taraba,30-40
9.627107150913986_6.595035966525976_9.597163308110002_6.55012020232.png,Taraba,30-40
9.636009918426016_7.9294419764360144_9.66595376123_7.959385819239999.png,Taraba,30-40
9.636009918426016_7.959385819239998_9.66595376123_7.959385819239999.png,Taraba,30-40
9.636009918426016_7.97435774064199_9.66595376123_7.959385819239999.png,Taraba,30-40
9.642079072315978_6.505204438114023_9.597163308110002_6.55012020232.png,Taraba,30-40
9.642079072315978_6.520176359516015_9.597163308110002_6.55012020232.png,Taraba,30-40
9.642079072315978_6.5351482809180075_9.597163308110002_6.55012020232.png,Taraba,30-40
9.642079072315978_6.55012020232_9.597163308110002_6.55012020232.png,Taraba,30-40
9.642079072315978_6.565092123721992_9.597163308110002_6.55012020232.png,Taraba,30-40
9.642079072315978_6.580064045123984_9.597163308110002_6.55012020232.png,Taraba,30-40
9.642079072315978_6.595035966525976_9.597163308110002_6.55012020232.png,Taraba,30-40
9.649906330008008_6.858621606628008_9.66487825141_6.87359352803.png,Taraba,30-40
9.649906330008008_6.888565449431992_9.66487825141_6.87359352803.png,Taraba,30-40
9.650981839828008_7.9294419764360144_9.66595376123_7.959385819239999.png,Taraba,30-40
9.661292640833985_6.424191007565977_9.63134879803_6.37927524336.png,Taraba,30-40
9.66487825141_6.903537370833984_9.66487825141_6.87359352803.png,Taraba,30-40
9.66595376123_7.914470055034022_9.66595376123_7.959385819239999.png,Taraba,30-40
9.66595376123_7.97435774064199_9.66595376123_7.959385819239999.png,Taraba,30-40
9.667104425823984_6.937073656651992_9.63716058302_6.92210173525.png,Taraba,30-40
9.679850172811992_6.843649685226016_9.66487825141_6.87359352803.png,Taraba,30-40
9.679850172811992_6.888565449431992_9.66487825141_6.87359352803.png,Taraba,30-40
9.679850172811992_6.918509292235976_9.66487825141_6.87359352803.png,Taraba,30-40
9.680925682631992_7.989329662043982_9.66595376123_7.959385819239999.png,Taraba,30-40
9.682076347225976_6.92210173525_9.63716058302_6.92210173525.png,Taraba,30-40
9.694822094213984_6.918509292235976_9.66487825141_6.87359352803.png,Taraba,30-40
9.695897604033984_7.959385819239998_9.66595376123_7.959385819239999.png,Taraba,30-40
9.695897604033984_7.989329662043982_9.66595376123_7.959385819239999.png,Taraba,30-40
9.709794015615977_6.843649685226016_9.66487825141_6.87359352803.png,Taraba,30-40
9.709794015615977_6.888565449431992_9.66487825141_6.87359352803.png,Taraba,30-40
9.710869525435976_7.9294419764360144_9.66595376123_7.959385819239999.png,Taraba,30-40
9.710869525435976_7.959385819239998_9.66595376123_7.959385819239999.png,Taraba,30-40
10.128250674696016_11.499319913903983_10.1581945175_11.4693760711.png,Bauchi,20-30
10.143222596098008_11.424460306894023_10.1581945175_11.4693760711.png,Bauchi,20-30
10.143222596098008_11.4693760711_10.1581945175_11.4693760711.png,Bauchi,20-30
10.143222596098008_11.499319913903983_10.1581945175_11.4693760711.png,Bauchi,20-30
10.1581945175_11.424460306894023_10.1581945175_11.4693760711.png,Bauchi,20-30
10.1581945175_11.454404149698007_10.1581945175_11.4693760711.png,Bauchi,20-30
10.1581945175_11.484347992501991_10.1581945175_11.4693760711.png,Bauchi,20-30
10.173166438901992_11.424460306894023_10.1581945175_11.4693760711.png,Bauchi,20-30
10.173166438901992_11.484347992501991_10.1581945175_11.4693760711.png,Bauchi,20-30
10.188138360303984_11.424460306894023_10.1581945175_11.4693760711.png,Bauchi,20-30
10.188138360303984_11.454404149698007_10.1581945175_11.4693760711.png,Bauchi,20-30
10.188138360303984_11.514291835305976_10.1581945175_11.4693760711.png,Bauchi,20-30
10.207472936796016_10.086751134294024_10.2374167796_10.1316668985.png,Bauchi,20-30
10.222444858198008_10.086751134294024_10.2374167796_10.1316668985.png,Bauchi,20-30
10.2374167796_10.1316668985_10.2374167796_10.1316668985.png,Bauchi,20-30
10.2374167796_10.146638819901993_10.2374167796_10.1316668985.png,Bauchi,20-30
10.2374167796_10.161610741303985_10.2374167796_10.1316668985.png,Bauchi,20-30
10.2374167796_10.176582662705977_10.2374167796_10.1316668985.png,Bauchi,20-30
10.247345994996016_12.187456129398008_10.2772898378_12.2024280508.png,Bauchi,20-30
10.247345994996016_12.247343815005976_10.2772898378_12.2024280508.png,Bauchi,20-30
10.251146674894024_11.230039042505975_10.2960624391_11.185123278299999.png,Bauchi,20-30
10.252388701001992_10.101723055696016_10.2374167796_10.1316668985.png,Bauchi,20-30
10.252388701001992_10.116694977098009_10.2374167796_10.1316668985.png,Bauchi,20-30
10.256280843196016_9.667606737733985_10.286224686_9.637662894930001.png,Bauchi,20-30
10.259481113494024_9.801913894764024_10.3043968777_9.84682965897.png,Bauchi,20-30
10.259481113494024_9.816885816166016_10.3043968777_9.84682965897.png,Bauchi,20-30
10.259481113494024_9.831857737568008_10.3043968777_9.84682965897.png,Bauchi,20-30
10.259481113494024_9.84682965897_10.3043968777_9.84682965897.png,Bauchi,20-30
10.259481113494024_9.861801580371992_10.3043968777_9.84682965897.png,Bauchi,20-30
10.259481113494024_9.876773501773984_10.3043968777_9.84682965897.png,Bauchi,20-30
10.259481113494024_9.891745423175976_10.3043968777_9.84682965897.png,Bauchi,20-30
10.261434608994024_11.022857912096017_10.3063503732_11.0528017549.png,Bauchi,20-30
10.261434608994024_11.067773676301993_10.3063503732_11.0528017549.png,Bauchi,20-30
10.261434608994024_11.082745597703985_10.3063503732_11.0528017549.png,Bauchi,20-30
10.262317916398008_12.2024280508_10.2772898378_12.2024280508.png,Bauchi,20-30
10.262317916398008_12.217399972201992_10.2772898378_12.2024280508.png,Bauchi,20-30
10.266118596296016_11.215067121103983_10.2960624391_11.185123278299999.png,Bauchi,20-30
10.266118596296016_11.230039042505975_10.2960624391_11.185123278299999.png,Bauchi,20-30
10.267360622403984_10.101723055696016_10.2374167796_10.1316668985.png,Bauchi,20-30
10.267360622403984_10.161610741303985_10.2374167796_10.1316668985.png,Bauchi,20-30
10.268178422030747_11.21792814761229_10.2960624391_11.185123278299999.png,Bauchi,20-30
10.271252764598009_9.682578659135977_10.286224686_9.637662894930001.png,Bauchi,20-30
10.274453034896016_9.801913894764024_10.3043968777_9.84682965897.png,Bauchi,20-30
10.274453034896016_9.816885816166016_10.3043968777_9.84682965897.png,Bauchi,20-30
10.274453034896016_9.831857737568008_10.3043968777_9.84682965897.png,Bauchi,20-30
10.274453034896016_9.84682965897_10.3043968777_9.84682965897.png,Bauchi,20-30
10.274453034896016_9.861801580371992_10.3043968777_9.84682965897.png,Bauchi,20-30
10.274453034896016_9.876773501773984_10.3043968777_9.84682965897.png,Bauchi,20-30
10.274453034896016_9.891745423175976_10.3043968777_9.84682965897.png,Bauchi,20-30
10.275718101096016_11.213795870305976_10.3056619439_11.1688801061.png,Bauchi,20-30
10.276406530396017_11.007885990694025_10.3063503732_11.0528017549.png,Bauchi,20-30
10.276406530396017_11.037829833498009_10.3063503732_11.0528017549.png,Bauchi,20-30
10.276406530396017_11.097717519105977_10.3063503732_11.0528017549.png,Bauchi,20-30
10.2772898378_12.187456129398008_10.2772898378_12.2024280508.png,Bauchi,20-30
10.2772898378_12.247343815005976_10.2772898378_12.2024280508.png,Bauchi,20-30
10.281090517698008_11.215067121103983_10.2960624391_11.185123278299999.png,Bauchi,20-30
10.281090517698008_11.230039042505975_10.2960624391_11.185123278299999.png,Bauchi,20-30
10.282332543805976_10.101723055696016_10.2374167796_10.1316668985.png,Bauchi,20-30
10.282332543805976_10.116694977098009_10.2374167796_10.1316668985.png,Bauchi,20-30
10.289424956298008_9.801913894764024_10.3043968777_9.84682965897.png,Bauchi,20-30
10.289424956298008_9.816885816166016_10.3043968777_9.84682965897.png,Bauchi,20-30
10.289424956298008_9.831857737568008_10.3043968777_9.84682965897.png,Bauchi,20-30
10.289424956298008_9.84682965897_10.3043968777_9.84682965897.png,Bauchi,20-30
10.289424956298008_9.861801580371992_10.3043968777_9.84682965897.png,Bauchi,20-30
10.289424956298008_9.876773501773984_10.3043968777_9.84682965897.png,Bauchi,20-30
10.289424956298008_9.891745423175976_10.3043968777_9.84682965897.png,Bauchi,20-30
10.290690022498008_11.213795870305976_10.3056619439_11.1688801061.png,Bauchi,20-30
10.291378451798009_11.0528017549_10.3063503732_11.0528017549.png,Bauchi,20-30
10.292261759201992_12.2024280508_10.2772898378_12.2024280508.png,Bauchi,20-30
10.292261759201992_12.232371893603984_10.2772898378_12.2024280508.png,Bauchi,20-30
10.2960624391_11.215067121103983_10.2960624391_11.185123278299999.png,Bauchi,20-30
10.2960624391_11.230039042505975_10.2960624391_11.185123278299999.png,Bauchi,20-30
10.3043968777_9.801913894764024_10.3043968777_9.84682965897.png,Bauchi,20-30
10.3043968777_9.816885816166016_10.3043968777_9.84682965897.png,Bauchi,20-30
10.3043968777_9.831857737568008_10.3043968777_9.84682965897.png,Bauchi,20-30
10.3043968777_9.84682965897_10.3043968777_9.84682965897.png,Bauchi,20-30
10.3043968777_9.861801580371992_10.3043968777_9.84682965897.png,Bauchi,20-30
10.3043968777_9.876773501773984_10.3043968777_9.84682965897.png,Bauchi,20-30
10.3043968777_9.891745423175976_10.3043968777_9.84682965897.png,Bauchi,20-30
10.3056619439_11.213795870305976_10.3056619439_11.1688801061.png,Bauchi,20-30
10.307233680603984_12.172484207996016_10.2772898378_12.2024280508.png,Bauchi,20-30
10.307233680603984_12.2024280508_10.2772898378_12.2024280508.png,Bauchi,20-30
10.307233680603984_12.232371893603984_10.2772898378_12.2024280508.png,Bauchi,20-30
10.311034360501992_11.215067121103983_10.2960624391_11.185123278299999.png,Bauchi,20-30
10.311034360501992_11.230039042505975_10.2960624391_11.185123278299999.png,Bauchi,20-30
10.319368799101992_9.801913894764024_10.3043968777_9.84682965897.png,Bauchi,20-30
10.319368799101992_9.816885816166016_10.3043968777_9.84682965897.png,Bauchi,20-30
10.319368799101992_9.831857737568008_10.3043968777_9.84682965897.png,Bauchi,20-30
10.319368799101992_9.84682965897_10.3043968777_9.84682965897.png,Bauchi,20-30
10.319368799101992_9.861801580371992_10.3043968777_9.84682965897.png,Bauchi,20-30
10.319368799101992_9.876773501773984_10.3043968777_9.84682965897.png,Bauchi,20-30
10.319368799101992_9.891745423175976_10.3043968777_9.84682965897.png,Bauchi,20-30
10.320633865301993_11.123964341894023_10.3056619439_11.1688801061.png,Bauchi,20-30
10.320633865301993_11.213795870305976_10.3056619439_11.1688801061.png,Bauchi,20-30
10.321322294601993_11.022857912096017_10.3063503732_11.0528017549.png,Bauchi,20-30
10.322205602005976_12.187456129398008_10.2772898378_12.2024280508.png,Bauchi,20-30
10.322205602005976_12.232371893603984_10.2772898378_12.2024280508.png,Bauchi,20-30
10.326006281903984_11.215067121103983_10.2960624391_11.185123278299999.png,Bauchi,20-30
10.326006281903984_11.230039042505975_10.2960624391_11.185123278299999.png,Bauchi,20-30
10.334340720503985_9.801913894764024_10.3043968777_9.84682965897.png,Bauchi,20-30
10.334340720503985_9.816885816166016_10.3043968777_9.84682965897.png,Bauchi,20-30
10.334340720503985_9.831857737568008_10.3043968777_9.84682965897.png,Bauchi,20-30
10.334340720503985_9.84682965897_10.3043968777_9.84682965897.png,Bauchi,20-30
10.334340720503985_9.861801580371992_10.3043968777_9.84682965897.png,Bauchi,20-30
10.334340720503985_9.876773501773984_10.3043968777_9.84682965897.png,Bauchi,20-30
10.334340720503985_9.891745423175976_10.3043968777_9.84682965897.png,Bauchi,20-30
10.335102930031294_9.85785895032619_10.3043968777_9.84682965897.png,Bauchi,20-30
10.335605786703985_11.213795870305976_10.3056619439_11.1688801061.png,Bauchi,20-30
10.335944660794024_11.1014242958_10.380860425_11.1014242958.png,Bauchi,20-30
10.336294216003985_11.022857912096017_10.3063503732_11.0528017549.png,Bauchi,20-30
10.336294216003985_11.097717519105977_10.3063503732_11.0528017549.png,Bauchi,20-30
10.339700290369166_9.85979238745503_10.3043968777_9.84682965897.png,Bauchi,20-30
10.340978203305976_11.140207514094023_10.2960624391_11.185123278299999.png,Bauchi,20-30
10.340978203305976_11.215067121103983_10.2960624391_11.185123278299999.png,Bauchi,20-30
10.340978203305976_11.230039042505975_10.2960624391_11.185123278299999.png,Bauchi,20-30
10.349312641905977_9.801913894764024_10.3043968777_9.84682965897.png,Bauchi,20-30
10.349312641905977_9.816885816166016_10.3043968777_9.84682965897.png,Bauchi,20-30
10.349312641905977_9.831857737568008_10.3043968777_9.84682965897.png,Bauchi,20-30
10.349312641905977_9.84682965897_10.3043968777_9.84682965897.png,Bauchi,20-30
10.349312641905977_9.861801580371992_10.3043968777_9.84682965897.png,Bauchi,20-30
10.349312641905977_9.876773501773984_10.3043968777_9.84682965897.png,Bauchi,20-30
10.349312641905977_9.891745423175976_10.3043968777_9.84682965897.png,Bauchi,20-30
10.350577708105977_11.123964341894023_10.3056619439_11.1688801061.png,Bauchi,20-30
10.350577708105977_11.138936263296015_10.3056619439_11.1688801061.png,Bauchi,20-30
10.350577708105977_11.153908184698007_10.3056619439_11.1688801061.png,Bauchi,20-30
10.350577708105977_11.213795870305976_10.3056619439_11.1688801061.png,Bauchi,20-30
10.351266137405977_11.007885990694025_10.3063503732_11.0528017549.png,Bauchi,20-30
10.353670672863316_11.061864701322275_10.380860425_11.1014242958.png,Bauchi,20-30
10.36224624170839_11.106739344359918_10.380860425_11.1014242958.png,Bauchi,20-30
10.365888503598008_11.1014242958_10.380860425_11.1014242958.png,Bauchi,20-30
10.365888503598008_11.146340060005976_10.380860425_11.1014242958.png,Bauchi,20-30
10.380860425_11.086452374398007_10.380860425_11.1014242958.png,Bauchi,20-30
10.380860425_11.116396217201991_10.380860425_11.1014242958.png,Bauchi,20-30
10.395832346401992_11.056508531594023_10.380860425_11.1014242958.png,Bauchi,20-30
10.395832346401992_11.071480452996015_10.380860425_11.1014242958.png,Bauchi,20-30
10.395832346401992_11.146340060005976_10.380860425_11.1014242958.png,Bauchi,20-30
10.410804267803984_11.146340060005976_10.380860425_11.1014242958.png,Bauchi,20-30
10.425776189205976_11.1014242958_10.380860425_11.1014242958.png,Bauchi,20-30
10.425776189205976_11.131368138603984_10.380860425_11.1014242958.png,Bauchi,20-30
10.439029173394024_11.426577182003985_10.4839449376_11.396633339200001.png,Bauchi,20-30
10.439734623794024_12.356298168199999_10.484650388_12.356298168199999.png,Bauchi,20-30
10.454001094796016_11.351717574994025_10.4839449376_11.396633339200001.png,Bauchi,20-30
10.454001094796016_11.441549103405977_10.4839449376_11.396633339200001.png,Bauchi,20-30
10.454706545196016_12.326354325396014_10.484650388_12.356298168199999.png,Bauchi,20-30
10.454706545196016_12.356298168199999_10.484650388_12.356298168199999.png,Bauchi,20-30
10.454706545196016_12.401213932405975_10.484650388_12.356298168199999.png,Bauchi,20-30
10.469678466598008_12.311382403994022_10.484650388_12.356298168199999.png,Bauchi,20-30
10.469678466598008_12.341326246798006_10.484650388_12.356298168199999.png,Bauchi,20-30
10.469678466598008_12.386242011003983_10.484650388_12.356298168199999.png,Bauchi,20-30
10.4839449376_11.381661417798009_10.4839449376_11.396633339200001.png,Bauchi,20-30
10.4839449376_11.396633339200001_10.4839449376_11.396633339200001.png,Bauchi,20-30
10.484650388_12.311382403994022_10.484650388_12.356298168199999.png,Bauchi,20-30
10.498916859001993_11.366689496396017_10.4839449376_11.396633339200001.png,Bauchi,20-30
10.498916859001993_11.381661417798009_10.4839449376_11.396633339200001.png,Bauchi,20-30
10.498916859001993_11.411605260601993_10.4839449376_11.396633339200001.png,Bauchi,20-30
10.499622309401992_12.326354325396014_10.484650388_12.356298168199999.png,Bauchi,20-30
10.499622309401992_12.356298168199999_10.484650388_12.356298168199999.png,Bauchi,20-30
10.513888780403985_11.366689496396017_10.4839449376_11.396633339200001.png,Bauchi,20-30
10.513888780403985_11.381661417798009_10.4839449376_11.396633339200001.png,Bauchi,20-30
10.513888780403985_11.441549103405977_10.4839449376_11.396633339200001.png,Bauchi,20-30
10.528860701805977_11.366689496396017_10.4839449376_11.396633339200001.png,Bauchi,20-30
10.528860701805977_11.411605260601993_10.4839449376_11.396633339200001.png,Bauchi,20-30
10.529566152205977_12.311382403994022_10.484650388_12.356298168199999.png,Bauchi,20-30
10.529566152205977_12.386242011003983_10.484650388_12.356298168199999.png,Bauchi,20-30
10.532142121494024_12.191437047801994_10.5770578857_12.176465126400002.png,Bauchi,20-30
10.562085964298008_12.146521283596018_10.5770578857_12.176465126400002.png,Bauchi,20-30
10.562085964298008_12.206408969203986_10.5770578857_12.176465126400002.png,Bauchi,20-30
10.5770578857_12.191437047801994_10.5770578857_12.176465126400002.png,Bauchi,20-30
10.5770578857_12.206408969203986_10.5770578857_12.176465126400002.png,Bauchi,20-30
10.592029807101992_12.146521283596018_10.5770578857_12.176465126400002.png,Bauchi,20-30
10.592029807101992_12.16149320499801_10.5770578857_12.176465126400002.png,Bauchi,20-30
10.592029807101992_12.176465126400002_10.5770578857_12.176465126400002.png,Bauchi,20-30
10.592302471854719_12.150635442622118_10.5770578857_12.176465126400002.png,Bauchi,20-30
10.593158709127222_12.156717986729943_10.5770578857_12.176465126400002.png,Bauchi,20-30
10.607001728503985_12.146521283596018_10.5770578857_12.176465126400002.png,Bauchi,20-30
10.607001728503985_12.206408969203986_10.5770578857_12.176465126400002.png,Bauchi,20-30
10.609687434994024_10.458792030098008_10.6546031992_10.4737639515.png,Bauchi,20-30
10.609687434994024_10.4737639515_10.6546031992_10.4737639515.png,Bauchi,20-30
10.609687434994024_10.488735872901993_10.6546031992_10.4737639515.png,Bauchi,20-30
10.621973649905977_12.191437047801994_10.5770578857_12.176465126400002.png,Bauchi,20-30
10.624659356396016_10.488735872901993_10.6546031992_10.4737639515.png,Bauchi,20-30
10.639631277798008_10.488735872901993_10.6546031992_10.4737639515.png,Bauchi,20-30
10.669575120601992_10.488735872901993_10.6546031992_10.4737639515.png,Bauchi,20-30
10.684547042003985_10.458792030098008_10.6546031992_10.4737639515.png,Bauchi,20-30
10.699518963405977_10.428848187294024_10.6546031992_10.4737639515.png,Bauchi,20-30
10.809875971594023_9.790812261418008_10.8547917358_9.80578418282.png,Bauchi,20-30
10.809875971594023_9.820756104221992_10.8547917358_9.80578418282.png,Bauchi,20-30
10.824847892996015_9.760868418614024_10.8547917358_9.80578418282.png,Bauchi,20-30
10.839819814398007_9.80578418282_10.8547917358_9.80578418282.png,Bauchi,20-30
10.839819814398007_9.850699947025976_10.8547917358_9.80578418282.png,Bauchi,20-30
10.8547917358_9.760868418614024_10.8547917358_9.80578418282.png,Bauchi,20-30
10.869763657201991_9.775840340016016_10.8547917358_9.80578418282.png,Bauchi,20-30
10.884735578603983_9.790812261418008_10.8547917358_9.80578418282.png,Bauchi,20-30
10.884735578603983_9.835728025623984_10.8547917358_9.80578418282.png,Bauchi,20-30
10.899707500005976_9.760868418614024_10.8547917358_9.80578418282.png,Bauchi,20-30
10.899707500005976_9.790812261418008_10.8547917358_9.80578418282.png,Bauchi,20-30
10.899707500005976_9.850699947025976_10.8547917358_9.80578418282.png,Bauchi,20-30
8.793544823536015_11.047107561594023_8.82348866634_11.0920233258.png,Bauchi,20-30
8.82348866634_11.077051404398008_8.82348866634_11.0920233258.png,Bauchi,20-30
8.838460587741992_11.077051404398008_8.82348866634_11.0920233258.png,Bauchi,20-30
8.853432509143984_11.062079482996015_8.82348866634_11.0920233258.png,Bauchi,20-30
8.853432509143984_11.0920233258_8.82348866634_11.0920233258.png,Bauchi,20-30
9.142252337594023_11.253141089100001_9.1871681018_11.253141089100001.png,Bauchi,20-30
9.149749724900307_11.229809589193474_9.1871681018_11.253141089100001.png,Bauchi,20-30
9.157224258996015_11.223197246296017_9.1871681018_11.253141089100001.png,Bauchi,20-30
9.157224258996015_11.283084931903986_9.1871681018_11.253141089100001.png,Bauchi,20-30
9.172196180398007_11.268113010501994_9.1871681018_11.253141089100001.png,Bauchi,20-30
9.172196180398007_11.283084931903986_9.1871681018_11.253141089100001.png,Bauchi,20-30
9.1871681018_11.223197246296017_9.1871681018_11.253141089100001.png,Bauchi,20-30
9.202140023201991_11.268113010501994_9.1871681018_11.253141089100001.png,Bauchi,20-30
9.202140023201991_11.283084931903986_9.1871681018_11.253141089100001.png,Bauchi,20-30
9.217111944603984_11.223197246296017_9.1871681018_11.253141089100001.png,Bauchi,20-30
9.217111944603984_11.283084931903986_9.1871681018_11.253141089100001.png,Bauchi,20-30
9.229604755810806_11.255511813609017_9.1871681018_11.253141089100001.png,Bauchi,20-30
9.232083866005976_11.223197246296017_9.1871681018_11.253141089100001.png,Bauchi,20-30
9.232083866005976_11.253141089100001_9.1871681018_11.253141089100001.png,Bauchi,20-30
9.245282387756015_9.761364309724025_9.27522623056_9.806280073930001.png,Bauchi,20-30
9.260254309158007_9.791308152528009_9.27522623056_9.806280073930001.png,Bauchi,20-30
9.263894197234023_11.175114808903983_9.30880996144_11.145170966099998.png,Bauchi,20-30
9.27522623056_9.761364309724025_9.27522623056_9.806280073930001.png,Bauchi,20-30
9.27522623056_9.776336231126017_9.27522623056_9.806280073930001.png,Bauchi,20-30
9.27522623056_9.806280073930001_9.27522623056_9.806280073930001.png,Bauchi,20-30
9.278866118636016_11.100255201894022_9.30880996144_11.145170966099998.png,Bauchi,20-30
9.278866118636016_11.145170966099998_9.30880996144_11.145170966099998.png,Bauchi,20-30
9.28159741689822_11.146219996220713_9.30880996144_11.145170966099998.png,Bauchi,20-30
9.283345782734441_9.82374273457059_9.27522623056_9.806280073930001.png,Bauchi,20-30
9.290198151961992_9.761364309724025_9.27522623056_9.806280073930001.png,Bauchi,20-30
9.293838040038008_11.130199044698006_9.30880996144_11.145170966099998.png,Bauchi,20-30
9.293838040038008_11.145170966099998_9.30880996144_11.145170966099998.png,Bauchi,20-30
9.293838040038008_11.16014288750199_9.30880996144_11.145170966099998.png,Bauchi,20-30
9.303140292769749_9.814566118693763_9.27522623056_9.806280073930001.png,Bauchi,20-30
9.305170073363984_9.821251995331993_9.27522623056_9.806280073930001.png,Bauchi,20-30
9.30880996144_11.115227123296014_9.30880996144_11.145170966099998.png,Bauchi,20-30
9.320141994765976_9.851195838135977_9.27522623056_9.806280073930001.png,Bauchi,20-30
9.323781882841992_11.100255201894022_9.30880996144_11.145170966099998.png,Bauchi,20-30
9.323781882841992_11.130199044698006_9.30880996144_11.145170966099998.png,Bauchi,20-30
9.323781882841992_11.175114808903983_9.30880996144_11.145170966099998.png,Bauchi,20-30
9.323781882841992_11.190086730305975_9.30880996144_11.145170966099998.png,Bauchi,20-30
9.335166789014023_11.235418308496017_9.38008255322_11.265362151300002.png,Bauchi,20-30
9.335166789014023_11.310277915505978_9.38008255322_11.265362151300002.png,Bauchi,20-30
9.337607612246016_9.953441992128008_9.36755145505_9.96841391353.png,Bauchi,20-30
9.337607612246016_9.998357756333984_9.36755145505_9.96841391353.png,Bauchi,20-30
9.34167056335847_11.156745062815629_9.30880996144_11.145170966099998.png,Bauchi,20-30
9.352579533648008_10.013329677735976_9.36755145505_9.96841391353.png,Bauchi,20-30
9.352579533648008_9.953441992128008_9.36755145505_9.96841391353.png,Bauchi,20-30
9.352579533648008_9.96841391353_9.36755145505_9.96841391353.png,Bauchi,20-30
9.353725725645976_11.145170966099998_9.30880996144_11.145170966099998.png,Bauchi,20-30
9.365110631818007_11.235418308496017_9.38008255322_11.265362151300002.png,Bauchi,20-30
9.365110631818007_11.280334072701994_9.38008255322_11.265362151300002.png,Bauchi,20-30
9.365110631818007_11.295305994103986_9.38008255322_11.265362151300002.png,Bauchi,20-30
9.365110631818007_11.310277915505978_9.38008255322_11.265362151300002.png,Bauchi,20-30
9.38008255322_11.265362151300002_9.38008255322_11.265362151300002.png,Bauchi,20-30
9.38008255322_11.295305994103986_9.38008255322_11.265362151300002.png,Bauchi,20-30
9.38008255322_11.310277915505978_9.38008255322_11.265362151300002.png,Bauchi,20-30
9.382523376451992_10.013329677735976_9.36755145505_9.96841391353.png,Bauchi,20-30
9.382523376451992_9.953441992128008_9.36755145505_9.96841391353.png,Bauchi,20-30
9.382523376451992_9.983385834931992_9.36755145505_9.96841391353.png,Bauchi,20-30
9.395054474621992_11.235418308496017_9.38008255322_11.265362151300002.png,Bauchi,20-30
9.395054474621992_11.295305994103986_9.38008255322_11.265362151300002.png,Bauchi,20-30
9.397495297853984_9.938470070726016_9.36755145505_9.96841391353.png,Bauchi,20-30
9.397495297853984_9.96841391353_9.36755145505_9.96841391353.png,Bauchi,20-30
9.410026396023984_11.265362151300002_9.38008255322_11.265362151300002.png,Bauchi,20-30
9.412467219255976_9.923498149324024_9.36755145505_9.96841391353.png,Bauchi,20-30
9.412467219255976_9.983385834931992_9.36755145505_9.96841391353.png,Bauchi,20-30
9.537993128604024_11.157046616796016_9.58290889281_11.1869904596.png,Bauchi,20-30
9.537993128604024_11.172018538198008_9.58290889281_11.1869904596.png,Bauchi,20-30
9.552965050006016_11.1869904596_9.58290889281_11.1869904596.png,Bauchi,20-30
9.567936971408008_11.142074695394024_9.58290889281_11.1869904596.png,Bauchi,20-30
9.567936971408008_11.172018538198008_9.58290889281_11.1869904596.png,Bauchi,20-30
9.567936971408008_11.201962381001993_9.58290889281_11.1869904596.png,Bauchi,20-30
9.582422300844023_11.080294585398008_9.62733806505_11.0952665068.png,Bauchi,20-30
9.582422300844023_11.110238428201992_9.62733806505_11.0952665068.png,Bauchi,20-30
9.582422300844023_11.125210349603984_9.62733806505_11.0952665068.png,Bauchi,20-30
9.582422300844023_11.140182271005976_9.62733806505_11.0952665068.png,Bauchi,20-30
9.58290889281_11.201962381001993_9.58290889281_11.1869904596.png,Bauchi,20-30
9.58290889281_11.216934302403985_9.58290889281_11.1869904596.png,Bauchi,20-30
9.58290889281_11.231906223805977_9.58290889281_11.1869904596.png,Bauchi,20-30
9.597394222246015_11.065322663996016_9.62733806505_11.0952665068.png,Bauchi,20-30
9.597394222246015_11.080294585398008_9.62733806505_11.0952665068.png,Bauchi,20-30
9.597394222246015_11.125210349603984_9.62733806505_11.0952665068.png,Bauchi,20-30
9.597880814211992_11.142074695394024_9.58290889281_11.1869904596.png,Bauchi,20-30
9.597880814211992_11.157046616796016_9.58290889281_11.1869904596.png,Bauchi,20-30
9.597880814211992_11.172018538198008_9.58290889281_11.1869904596.png,Bauchi,20-30
9.597880814211992_11.216934302403985_9.58290889281_11.1869904596.png,Bauchi,20-30
9.612366143648007_11.110238428201992_9.62733806505_11.0952665068.png,Bauchi,20-30
9.62733806505_11.065322663996016_9.62733806505_11.0952665068.png,Bauchi,20-30
9.62733806505_11.080294585398008_9.62733806505_11.0952665068.png,Bauchi,20-30
9.642309986451991_11.125210349603984_9.62733806505_11.0952665068.png,Bauchi,20-30
9.652052078826015_11.782034889594025_9.68199592163_11.8269506538.png,Bauchi,20-30
9.657281907853983_11.050350742594024_9.62733806505_11.0952665068.png,Bauchi,20-30
9.667024000228007_11.782034889594025_9.68199592163_11.8269506538.png,Bauchi,20-30
9.672253829255975_11.125210349603984_9.62733806505_11.0952665068.png,Bauchi,20-30
9.68199592163_11.797006810996017_9.68199592163_11.8269506538.png,Bauchi,20-30
9.696967843031992_11.811978732398009_9.68199592163_11.8269506538.png,Bauchi,20-30
9.696967843031992_11.841922575201993_9.68199592163_11.8269506538.png,Bauchi,20-30
9.762817185774024_9.762551376614024_9.80773294998_9.80746714082.png,Bauchi,20-30
9.762817185774024_9.777523298016016_9.80773294998_9.80746714082.png,Bauchi,20-30
9.762817185774024_9.792495219418008_9.80773294998_9.80746714082.png,Bauchi,20-30
9.76429656454_11.255792746194023_9.76429656454_11.3007085104.png,Bauchi,20-30
9.777789107176016_9.822439062221992_9.80773294998_9.80746714082.png,Bauchi,20-30
9.777906968124023_10.885816328098008_9.82282273233_10.9007882495.png,Bauchi,20-30
9.777906968124023_10.945704013705976_9.82282273233_10.9007882495.png,Bauchi,20-30
9.792761028578008_9.822439062221992_9.80773294998_9.80746714082.png,Bauchi,20-30
9.792761028578008_9.837410983623984_9.80773294998_9.80746714082.png,Bauchi,20-30
9.792878889526015_10.855872485294023_9.82282273233_10.9007882495.png,Bauchi,20-30
9.794240407343985_11.270764667596016_9.76429656454_11.3007085104.png,Bauchi,20-30
9.80773294998_9.777523298016016_9.80773294998_9.80746714082.png,Bauchi,20-30
9.80773294998_9.792495219418008_9.80773294998_9.80746714082.png,Bauchi,20-30
9.80773294998_9.837410983623984_9.80773294998_9.80746714082.png,Bauchi,20-30
9.807850810928008_10.870844406696015_9.82282273233_10.9007882495.png,Bauchi,20-30
9.807850810928008_10.945704013705976_9.82282273233_10.9007882495.png,Bauchi,20-30
9.809212328745977_11.255792746194023_9.76429656454_11.3007085104.png,Bauchi,20-30
9.815241683014024_11.154827201494022_9.86015744722_11.199742965699999.png,Bauchi,20-30
9.815241683014024_11.199742965699999_9.86015744722_11.199742965699999.png,Bauchi,20-30
9.815241683014024_11.244658729905975_9.86015744722_11.199742965699999.png,Bauchi,20-30
9.821042260882157_9.831173202987278_9.80773294998_9.80746714082.png,Bauchi,20-30
9.822704871381992_9.777523298016016_9.80773294998_9.80746714082.png,Bauchi,20-30
9.82282273233_10.855872485294023_9.82282273233_10.9007882495.png,Bauchi,20-30
9.82282273233_10.870844406696015_9.82282273233_10.9007882495.png,Bauchi,20-30
9.830213604416016_11.184771044298007_9.86015744722_11.199742965699999.png,Bauchi,20-30
9.837676792783984_9.822439062221992_9.80773294998_9.80746714082.png,Bauchi,20-30
9.837794653731992_10.885816328098008_9.82282273233_10.9007882495.png,Bauchi,20-30
9.845185525818009_11.21471488710199_9.86015744722_11.199742965699999.png,Bauchi,20-30
9.852648714185976_9.792495219418008_9.80773294998_9.80746714082.png,Bauchi,20-30
9.852766575133984_10.855872485294023_9.82282273233_10.9007882495.png,Bauchi,20-30
9.852766575133984_10.885816328098008_9.82282273233_10.9007882495.png,Bauchi,20-30
9.852766575133984_10.930732092303984_9.82282273233_10.9007882495.png,Bauchi,20-30
9.867738496535976_10.855872485294023_9.82282273233_10.9007882495.png,Bauchi,20-30
9.867738496535976_10.9007882495_9.82282273233_10.9007882495.png,Bauchi,20-30
9.873022650174024_11.644500878994023_9.91793841438_11.6894166432.png,Bauchi,20-30
9.873022650174024_11.6894166432_9.91793841438_11.6894166432.png,Bauchi,20-30
9.873022650174024_11.734332407405976_9.91793841438_11.6894166432.png,Bauchi,20-30
9.881152477651465_11.16100356052765_9.86015744722_11.199742965699999.png,Bauchi,20-30
9.883712991076242_11.726612702182969_9.91793841438_11.6894166432.png,Bauchi,20-30
9.887994571576016_11.719360486003984_9.91793841438_11.6894166432.png,Bauchi,20-30
9.902966492978008_11.659472800396015_9.91793841438_11.6894166432.png,Bauchi,20-30
9.902966492978008_11.6894166432_9.91793841438_11.6894166432.png,Bauchi,20-30
9.91793841438_11.704388564601992_9.91793841438_11.6894166432.png,Bauchi,20-30
9.91793841438_11.734332407405976_9.91793841438_11.6894166432.png,Bauchi,20-30
9.937218568463635_11.646939249285255_9.91793841438_11.6894166432.png,Bauchi,20-30
9.947882257183984_11.6894166432_9.91793841438_11.6894166432.png,Bauchi,20-30
9.962854178585976_11.644500878994023_9.91793841438_11.6894166432.png,Bauchi,20-30
9.962854178585976_11.6894166432_9.91793841438_11.6894166432.png,Bauchi,20-30
9.962854178585976_11.704388564601992_9.91793841438_11.6894166432.png,Bauchi,20-30
10.149235838294024_12.411151874094022_10.1941516025_12.456067638299999.png,Jigawa,30-40
10.149235838294024_12.456067638299999_10.1941516025_12.456067638299999.png,Jigawa,30-40
10.164207759696016_12.411151874094022_10.1941516025_12.456067638299999.png,Jigawa,30-40
10.164207759696016_12.426123795496014_10.1941516025_12.456067638299999.png,Jigawa,30-40
10.164207759696016_12.486011481103983_10.1941516025_12.456067638299999.png,Jigawa,30-40
10.179179681098008_12.426123795496014_10.1941516025_12.456067638299999.png,Jigawa,30-40
10.179179681098008_12.486011481103983_10.1941516025_12.456067638299999.png,Jigawa,30-40
10.1941516025_12.426123795496014_10.1941516025_12.456067638299999.png,Jigawa,30-40
10.1941516025_12.441095716898007_10.1941516025_12.456067638299999.png,Jigawa,30-40
10.1941516025_12.500983402505975_10.1941516025_12.456067638299999.png,Jigawa,30-40
10.209123523901992_12.47103955970199_10.1941516025_12.456067638299999.png,Jigawa,30-40
10.224095445303984_12.456067638299999_10.1941516025_12.456067638299999.png,Jigawa,30-40
10.224095445303984_12.500983402505975_10.1941516025_12.456067638299999.png,Jigawa,30-40
10.238375040094024_12.902018583301993_10.2832908043_12.887046661900001.png,Jigawa,30-40
10.238375040094024_12.931962426105978_10.2832908043_12.887046661900001.png,Jigawa,30-40
10.251146674894024_11.140207514094023_10.2960624391_11.185123278299999.png,Jigawa,30-40
10.251146674894024_11.155179435496015_10.2960624391_11.185123278299999.png,Jigawa,30-40
10.251146674894024_11.170151356898007_10.2960624391_11.185123278299999.png,Jigawa,30-40
10.251146674894024_11.185123278299999_10.2960624391_11.185123278299999.png,Jigawa,30-40
10.251146674894024_11.200095199701991_10.2960624391_11.185123278299999.png,Jigawa,30-40
10.251146674894024_11.215067121103983_10.2960624391_11.185123278299999.png,Jigawa,30-40
10.253346961496016_12.857102819096017_10.2832908043_12.887046661900001.png,Jigawa,30-40
10.253346961496016_12.931962426105978_10.2832908043_12.887046661900001.png,Jigawa,30-40
10.260746179694024_11.123964341894023_10.3056619439_11.1688801061.png,Jigawa,30-40
10.260746179694024_11.138936263296015_10.3056619439_11.1688801061.png,Jigawa,30-40
10.260746179694024_11.153908184698007_10.3056619439_11.1688801061.png,Jigawa,30-40
10.260746179694024_11.1688801061_10.3056619439_11.1688801061.png,Jigawa,30-40
10.260746179694024_11.183852027501992_10.3056619439_11.1688801061.png,Jigawa,30-40
10.260746179694024_11.198823948903984_10.3056619439_11.1688801061.png,Jigawa,30-40
10.260746179694024_11.213795870305976_10.3056619439_11.1688801061.png,Jigawa,30-40
10.261434608994024_11.097717519105977_10.3063503732_11.0528017549.png,Jigawa,30-40
10.266118596296016_11.140207514094023_10.2960624391_11.185123278299999.png,Jigawa,30-40
10.266118596296016_11.155179435496015_10.2960624391_11.185123278299999.png,Jigawa,30-40
10.266118596296016_11.170151356898007_10.2960624391_11.185123278299999.png,Jigawa,30-40
10.266118596296016_11.185123278299999_10.2960624391_11.185123278299999.png,Jigawa,30-40
10.266118596296016_11.200095199701991_10.2960624391_11.185123278299999.png,Jigawa,30-40
10.266520189993866_11.166405625007755_10.3056619439_11.1688801061.png,Jigawa,30-40
10.268318882898008_12.842130897694025_10.2832908043_12.887046661900001.png,Jigawa,30-40
10.268318882898008_12.902018583301993_10.2832908043_12.887046661900001.png,Jigawa,30-40
10.275718101096016_11.123964341894023_10.3056619439_11.1688801061.png,Jigawa,30-40
10.275718101096016_11.138936263296015_10.3056619439_11.1688801061.png,Jigawa,30-40
10.275718101096016_11.153908184698007_10.3056619439_11.1688801061.png,Jigawa,30-40
10.275718101096016_11.1688801061_10.3056619439_11.1688801061.png,Jigawa,30-40
10.275718101096016_11.183852027501992_10.3056619439_11.1688801061.png,Jigawa,30-40
10.275718101096016_11.198823948903984_10.3056619439_11.1688801061.png,Jigawa,30-40
10.281090517698008_11.140207514094023_10.2960624391_11.185123278299999.png,Jigawa,30-40
10.281090517698008_11.155179435496015_10.2960624391_11.185123278299999.png,Jigawa,30-40
10.281090517698008_11.170151356898007_10.2960624391_11.185123278299999.png,Jigawa,30-40
10.281090517698008_11.185123278299999_10.2960624391_11.185123278299999.png,Jigawa,30-40
10.281090517698008_11.200095199701991_10.2960624391_11.185123278299999.png,Jigawa,30-40
10.290690022498008_11.123964341894023_10.3056619439_11.1688801061.png,Jigawa,30-40
10.290690022498008_11.138936263296015_10.3056619439_11.1688801061.png,Jigawa,30-40
10.290690022498008_11.153908184698007_10.3056619439_11.1688801061.png,Jigawa,30-40
10.290690022498008_11.1688801061_10.3056619439_11.1688801061.png,Jigawa,30-40
10.290690022498008_11.183852027501992_10.3056619439_11.1688801061.png,Jigawa,30-40
10.290690022498008_11.198823948903984_10.3056619439_11.1688801061.png,Jigawa,30-40
10.2960624391_11.140207514094023_10.2960624391_11.185123278299999.png,Jigawa,30-40
10.2960624391_11.155179435496015_10.2960624391_11.185123278299999.png,Jigawa,30-40
10.2960624391_11.170151356898007_10.2960624391_11.185123278299999.png,Jigawa,30-40
10.2960624391_11.185123278299999_10.2960624391_11.185123278299999.png,Jigawa,30-40
10.2960624391_11.200095199701991_10.2960624391_11.185123278299999.png,Jigawa,30-40
10.3056619439_11.123964341894023_10.3056619439_11.1688801061.png,Jigawa,30-40
10.3056619439_11.138936263296015_10.3056619439_11.1688801061.png,Jigawa,30-40
10.3056619439_11.153908184698007_10.3056619439_11.1688801061.png,Jigawa,30-40
10.3056619439_11.1688801061_10.3056619439_11.1688801061.png,Jigawa,30-40
10.3056619439_11.183852027501992_10.3056619439_11.1688801061.png,Jigawa,30-40
10.3056619439_11.198823948903984_10.3056619439_11.1688801061.png,Jigawa,30-40
10.309403032159942_11.194625777992957_10.3056619439_11.1688801061.png,Jigawa,30-40
10.311034360501992_11.140207514094023_10.2960624391_11.185123278299999.png,Jigawa,30-40
10.311034360501992_11.155179435496015_10.2960624391_11.185123278299999.png,Jigawa,30-40
10.311034360501992_11.170151356898007_10.2960624391_11.185123278299999.png,Jigawa,30-40
10.311034360501992_11.185123278299999_10.2960624391_11.185123278299999.png,Jigawa,30-40
10.311034360501992_11.200095199701991_10.2960624391_11.185123278299999.png,Jigawa,30-40
10.320633865301993_11.138936263296015_10.3056619439_11.1688801061.png,Jigawa,30-40
10.320633865301993_11.153908184698007_10.3056619439_11.1688801061.png,Jigawa,30-40
10.320633865301993_11.1688801061_10.3056619439_11.1688801061.png,Jigawa,30-40
10.320633865301993_11.183852027501992_10.3056619439_11.1688801061.png,Jigawa,30-40
10.320633865301993_11.198823948903984_10.3056619439_11.1688801061.png,Jigawa,30-40
10.326006281903984_11.140207514094023_10.2960624391_11.185123278299999.png,Jigawa,30-40
10.326006281903984_11.155179435496015_10.2960624391_11.185123278299999.png,Jigawa,30-40
10.326006281903984_11.170151356898007_10.2960624391_11.185123278299999.png,Jigawa,30-40
10.326006281903984_11.185123278299999_10.2960624391_11.185123278299999.png,Jigawa,30-40
10.326006281903984_11.200095199701991_10.2960624391_11.185123278299999.png,Jigawa,30-40
10.331756265953148_11.201842208471541_10.2960624391_11.185123278299999.png,Jigawa,30-40
10.335605786703985_11.123964341894023_10.3056619439_11.1688801061.png,Jigawa,30-40
10.335605786703985_11.138936263296015_10.3056619439_11.1688801061.png,Jigawa,30-40
10.335605786703985_11.153908184698007_10.3056619439_11.1688801061.png,Jigawa,30-40
10.335605786703985_11.1688801061_10.3056619439_11.1688801061.png,Jigawa,30-40
10.335605786703985_11.183852027501992_10.3056619439_11.1688801061.png,Jigawa,30-40
10.335605786703985_11.198823948903984_10.3056619439_11.1688801061.png,Jigawa,30-40
10.340978203305976_11.155179435496015_10.2960624391_11.185123278299999.png,Jigawa,30-40
10.340978203305976_11.170151356898007_10.2960624391_11.185123278299999.png,Jigawa,30-40
10.340978203305976_11.185123278299999_10.2960624391_11.185123278299999.png,Jigawa,30-40
10.340978203305976_11.200095199701991_10.2960624391_11.185123278299999.png,Jigawa,30-40
10.350577708105977_11.1688801061_10.3056619439_11.1688801061.png,Jigawa,30-40
10.350577708105977_11.183852027501992_10.3056619439_11.1688801061.png,Jigawa,30-40
10.350577708105977_11.198823948903984_10.3056619439_11.1688801061.png,Jigawa,30-40
8.95459290712418_12.182319518964443_8.95937097796_12.1543140636.png,Jigawa,30-40
8.95937097796_12.109398299394023_8.95937097796_12.1543140636.png,Jigawa,30-40
8.95937097796_12.124370220796015_8.95937097796_12.1543140636.png,Jigawa,30-40
8.95937097796_12.1543140636_8.95937097796_12.1543140636.png,Jigawa,30-40
8.95937097796_12.169285985001991_8.95937097796_12.1543140636.png,Jigawa,30-40
8.95937097796_12.184257906403984_8.95937097796_12.1543140636.png,Jigawa,30-40
8.974342899361993_12.1543140636_8.95937097796_12.1543140636.png,Jigawa,30-40
8.974342899361993_12.184257906403984_8.95937097796_12.1543140636.png,Jigawa,30-40
8.989314820763985_12.1543140636_8.95937097796_12.1543140636.png,Jigawa,30-40
8.989314820763985_12.169285985001991_8.95937097796_12.1543140636.png,Jigawa,30-40
9.004286742165977_12.124370220796015_8.95937097796_12.1543140636.png,Jigawa,30-40
9.256140902001992_11.670518702605975_9.2411689806_11.625602938399998.png,Jigawa,30-40
9.271112823403984_11.655546781203983_9.2411689806_11.625602938399998.png,Jigawa,30-40
9.287963045884023_11.752023699496016_9.33287881009_11.7819675423.png,Jigawa,30-40
9.287963045884023_11.7819675423_9.33287881009_11.7819675423.png,Jigawa,30-40
9.287963045884023_11.811911385103985_9.33287881009_11.7819675423.png,Jigawa,30-40
9.302934967286015_11.766995620898008_9.33287881009_11.7819675423.png,Jigawa,30-40
9.302934967286015_11.7819675423_9.33287881009_11.7819675423.png,Jigawa,30-40
9.311765429684023_12.128247967494024_9.35668119389_12.1731637317.png,Jigawa,30-40
9.311765429684023_12.188135653101993_9.35668119389_12.1731637317.png,Jigawa,30-40
9.311765429684023_12.203107574503985_9.35668119389_12.1731637317.png,Jigawa,30-40
9.317906888688007_11.752023699496016_9.33287881009_11.7819675423.png,Jigawa,30-40
9.317906888688007_11.796939463701992_9.33287881009_11.7819675423.png,Jigawa,30-40
9.33287881009_11.737051778094024_9.33287881009_11.7819675423.png,Jigawa,30-40
9.341709272488007_12.143219888896017_9.35668119389_12.1731637317.png,Jigawa,30-40
9.341709272488007_12.203107574503985_9.35668119389_12.1731637317.png,Jigawa,30-40
9.347850731491992_11.752023699496016_9.33287881009_11.7819675423.png,Jigawa,30-40
9.347850731491992_11.766995620898008_9.33287881009_11.7819675423.png,Jigawa,30-40
9.35668119389_12.128247967494024_9.35668119389_12.1731637317.png,Jigawa,30-40
9.35668119389_12.143219888896017_9.35668119389_12.1731637317.png,Jigawa,30-40
9.362822652893984_11.737051778094024_9.33287881009_11.7819675423.png,Jigawa,30-40
9.371653115291991_12.188135653101993_9.35668119389_12.1731637317.png,Jigawa,30-40
9.371653115291991_12.218079495905977_9.35668119389_12.1731637317.png,Jigawa,30-40
9.377794574295976_11.766995620898008_9.33287881009_11.7819675423.png,Jigawa,30-40
9.377794574295976_11.7819675423_9.33287881009_11.7819675423.png,Jigawa,30-40
9.386625036693983_12.1731637317_9.35668119389_12.1731637317.png,Jigawa,30-40
9.386625036693983_12.188135653101993_9.35668119389_12.1731637317.png,Jigawa,30-40
9.386625036693983_12.203107574503985_9.35668119389_12.1731637317.png,Jigawa,30-40
9.410026396023984_11.310277915505978_9.38008255322_11.265362151300002.png,Jigawa,30-40
9.441267166764023_11.709476656596017_9.48618293097_11.739420499400001.png,Jigawa,30-40
9.441267166764023_11.784336263605978_9.48618293097_11.739420499400001.png,Jigawa,30-40
9.456239088166015_11.754392420801993_9.48618293097_11.739420499400001.png,Jigawa,30-40
9.456239088166015_11.784336263605978_9.48618293097_11.739420499400001.png,Jigawa,30-40
9.471211009568007_11.709476656596017_9.48618293097_11.739420499400001.png,Jigawa,30-40
9.471211009568007_11.739420499400001_9.48618293097_11.739420499400001.png,Jigawa,30-40
9.471211009568007_11.784336263605978_9.48618293097_11.739420499400001.png,Jigawa,30-40
9.48618293097_11.709476656596017_9.48618293097_11.739420499400001.png,Jigawa,30-40
9.48618293097_11.769364342203986_9.48618293097_11.739420499400001.png,Jigawa,30-40
9.516126773773983_11.694504735194025_9.48618293097_11.739420499400001.png,Jigawa,30-40
9.516126773773983_11.784336263605978_9.48618293097_11.739420499400001.png,Jigawa,30-40
9.531098695175976_11.739420499400001_9.48618293097_11.739420499400001.png,Jigawa,30-40
9.531098695175976_11.784336263605978_9.48618293097_11.739420499400001.png,Jigawa,30-40
9.637080157424023_11.856894496603985_9.68199592163_11.8269506538.png,Jigawa,30-40
9.648049264594023_12.639584341700001_9.6929650288_12.639584341700001.png,Jigawa,30-40
9.648049264594023_12.684500105905977_9.6929650288_12.639584341700001.png,Jigawa,30-40
9.652052078826015_11.797006810996017_9.68199592163_11.8269506538.png,Jigawa,30-40
9.652052078826015_11.856894496603985_9.68199592163_11.8269506538.png,Jigawa,30-40
9.663021185996016_12.624612420298009_9.6929650288_12.639584341700001.png,Jigawa,30-40
9.667024000228007_11.841922575201993_9.68199592163_11.8269506538.png,Jigawa,30-40
9.667024000228007_11.871866418005977_9.68199592163_11.8269506538.png,Jigawa,30-40
9.677993107398008_12.624612420298009_9.6929650288_12.639584341700001.png,Jigawa,30-40
9.677993107398008_12.654556263101993_9.6929650288_12.639584341700001.png,Jigawa,30-40
9.677993107398008_12.684500105905977_9.6929650288_12.639584341700001.png,Jigawa,30-40
9.68199592163_11.871866418005977_9.68199592163_11.8269506538.png,Jigawa,30-40
9.6929650288_12.639584341700001_9.6929650288_12.639584341700001.png,Jigawa,30-40
9.707936950201992_12.594668577494025_9.6929650288_12.639584341700001.png,Jigawa,30-40
9.707936950201992_12.624612420298009_9.6929650288_12.639584341700001.png,Jigawa,30-40
9.707936950201992_12.669528184503985_9.6929650288_12.639584341700001.png,Jigawa,30-40
9.711939764433984_11.856894496603985_9.68199592163_11.8269506538.png,Jigawa,30-40
9.719380800334024_11.255792746194023_9.76429656454_11.3007085104.png,Jigawa,30-40
9.719380800334024_11.270764667596016_9.76429656454_11.3007085104.png,Jigawa,30-40
9.722908871603984_12.594668577494025_9.6929650288_12.639584341700001.png,Jigawa,30-40
9.722908871603984_12.624612420298009_9.6929650288_12.639584341700001.png,Jigawa,30-40
9.734352721736016_11.3007085104_9.76429656454_11.3007085104.png,Jigawa,30-40
9.737880793005976_12.639584341700001_9.6929650288_12.639584341700001.png,Jigawa,30-40
9.749324643138008_11.270764667596016_9.76429656454_11.3007085104.png,Jigawa,30-40
9.749324643138008_11.345624274605976_9.76429656454_11.3007085104.png,Jigawa,30-40
9.76429656454_11.3007085104_9.76429656454_11.3007085104.png,Jigawa,30-40
9.76429656454_11.315680431801992_9.76429656454_11.3007085104.png,Jigawa,30-40
9.76429656454_11.330652353203984_9.76429656454_11.3007085104.png,Jigawa,30-40
9.779268485941992_11.315680431801992_9.76429656454_11.3007085104.png,Jigawa,30-40
9.857349305201968_11.241795618681376_9.86015744722_11.199742965699999.png,Jigawa,30-40
9.875129368621993_11.199742965699999_9.86015744722_11.199742965699999.png,Jigawa,30-40
9.890101290023985_11.169799122896015_9.86015744722_11.199742965699999.png,Jigawa,30-40
9.890101290023985_11.184771044298007_9.86015744722_11.199742965699999.png,Jigawa,30-40
9.905073211425977_11.169799122896015_9.86015744722_11.199742965699999.png,Jigawa,30-40
9.905073211425977_11.199742965699999_9.86015744722_11.199742965699999.png,Jigawa,30-40
9.905073211425977_11.21471488710199_9.86015744722_11.199742965699999.png,Jigawa,30-40
10.221990121894024_4.643960866846016_10.2669058861_4.67390470965.png,Cross River,20-30
10.221990121894024_4.658932788248008_10.2669058861_4.67390470965.png,Cross River,20-30
10.221990121894024_4.67390470965_10.2669058861_4.67390470965.png,Cross River,20-30
10.236962043296016_4.658932788248008_10.2669058861_4.67390470965.png,Cross River,20-30
10.236962043296016_4.67390470965_10.2669058861_4.67390470965.png,Cross River,20-30
10.236962043296016_4.703848552453985_10.2669058861_4.67390470965.png,Cross River,20-30
10.281877807501992_4.67390470965_10.2669058861_4.67390470965.png,Cross River,20-30
10.281877807501992_4.703848552453985_10.2669058861_4.67390470965.png,Cross River,20-30
10.281877807501992_4.718820473855977_10.2669058861_4.67390470965.png,Cross River,20-30
10.311821650305976_4.643960866846016_10.2669058861_4.67390470965.png,Cross River,20-30
10.311821650305976_4.658932788248008_10.2669058861_4.67390470965.png,Cross River,20-30
10.311821650305976_4.718820473855977_10.2669058861_4.67390470965.png,Cross River,20-30
7.892000130185977_5.32362148174_7.847084365980001_5.32362148174.png,Cross River,20-30
7.892000130185977_5.353565324543984_7.847084365980001_5.32362148174.png,Cross River,20-30
7.932216579541991_5.757140597308007_7.917244658139999_5.772112518709999.png,Cross River,20-30
7.947188500943983_5.742168675906015_7.917244658139999_5.772112518709999.png,Cross River,20-30
7.947188500943983_5.772112518709999_7.917244658139999_5.772112518709999.png,Cross River,20-30
7.962160422345975_5.727196754504023_7.917244658139999_5.772112518709999.png,Cross River,20-30
7.962160422345975_5.742168675906015_7.917244658139999_5.772112518709999.png,Cross River,20-30
7.962160422345975_5.817028282915976_7.917244658139999_5.772112518709999.png,Cross River,20-30
7.99558213074199_5.971989039708007_7.980610209339999_5.986960961109999.png,Cross River,20-30
8.010554052143982_5.942045196904023_7.980610209339999_5.986960961109999.png,Cross River,20-30
8.025525973545975_5.957017118306015_7.980610209339999_5.986960961109999.png,Cross River,20-30
8.056470418534023_5.264396971691992_8.101386182739999_5.24942505029.png,Cross River,20-30
8.086414261338007_5.204509286084024_8.101386182739999_5.24942505029.png,Cross River,20-30
8.086414261338007_5.219481207486016_8.101386182739999_5.24942505029.png,Cross River,20-30
8.086414261338007_5.234453128888008_8.101386182739999_5.24942505029.png,Cross River,20-30
8.086414261338007_5.264396971691992_8.101386182739999_5.24942505029.png,Cross River,20-30
8.094520218014024_5.1265906317739836_8.13943598222_5.096646788969999.png,Cross River,20-30
8.101386182739999_5.219481207486016_8.101386182739999_5.24942505029.png,Cross River,20-30
8.116358104141991_5.234453128888008_8.101386182739999_5.24942505029.png,Cross River,20-30
8.116358104141991_5.264396971691992_8.101386182739999_5.24942505029.png,Cross River,20-30
8.124464060818008_5.081674867568007_8.13943598222_5.096646788969999.png,Cross River,20-30
8.124464060818008_5.096646788969999_8.13943598222_5.096646788969999.png,Cross River,20-30
8.124464060818008_5.1116187103719914_8.13943598222_5.096646788969999.png,Cross River,20-30
8.124464060818008_5.1265906317739836_8.13943598222_5.096646788969999.png,Cross River,20-30
8.131330025543983_5.264396971691992_8.101386182739999_5.24942505029.png,Cross River,20-30
8.131330025543983_5.2943408144959765_8.101386182739999_5.24942505029.png,Cross River,20-30
8.136605509516016_5.013539900193985_8.16654935232_4.983596057390001.png,Cross River,20-30
8.13943598222_5.1265906317739836_8.13943598222_5.096646788969999.png,Cross River,20-30
8.146301946945975_5.204509286084024_8.101386182739999_5.24942505029.png,Cross River,20-30
8.146301946945975_5.24942505029_8.101386182739999_5.24942505029.png,Cross River,20-30
8.151577430918008_4.968624135988009_8.16654935232_4.983596057390001.png,Cross River,20-30
8.151577430918008_4.983596057390001_8.16654935232_4.983596057390001.png,Cross River,20-30
8.154407903621992_5.066702946166015_8.13943598222_5.096646788969999.png,Cross River,20-30
8.154407903621992_5.081674867568007_8.13943598222_5.096646788969999.png,Cross River,20-30
8.154407903621992_5.096646788969999_8.13943598222_5.096646788969999.png,Cross River,20-30
8.154407903621992_5.1265906317739836_8.13943598222_5.096646788969999.png,Cross River,20-30
8.154407903621992_5.141562553175976_8.13943598222_5.096646788969999.png,Cross River,20-30
8.157365535239165_5.0231028145459735_8.16654935232_4.983596057390001.png,Cross River,20-30
8.162399836811543_5.0199268001980135_8.16654935232_4.983596057390001.png,Cross River,20-30
8.16654935232_4.938680293184024_8.16654935232_4.983596057390001.png,Cross River,20-30
8.16654935232_4.983596057390001_8.16654935232_4.983596057390001.png,Cross River,20-30
8.169379825023984_5.141562553175976_8.13943598222_5.096646788969999.png,Cross River,20-30
8.196493195123985_4.968624135988009_8.16654935232_4.983596057390001.png,Cross River,20-30
8.211465116525977_4.938680293184024_8.16654935232_4.983596057390001.png,Cross River,20-30
8.211465116525977_4.9536522145860165_8.16654935232_4.983596057390001.png,Cross River,20-30
8.271534211253984_4.836093070583986_8.24159036845_4.8061492277800015.png,Cross River,20-30
8.271534211253984_4.851064991985978_8.24159036845_4.8061492277800015.png,Cross River,20-30
8.286506132655976_4.836093070583986_8.24159036845_4.8061492277800015.png,Cross River,20-30
8.398237999484023_5.018367756726016_8.443153763689999_5.04831159953.png,Cross River,20-30
8.398237999484023_5.078255442333984_8.443153763689999_5.04831159953.png,Cross River,20-30
8.413209920886015_5.033339678128008_8.443153763689999_5.04831159953.png,Cross River,20-30
8.416945684354024_5.427584762174024_8.46186144856_5.47250052638.png,Cross River,20-30
8.416945684354024_5.47250052638_8.46186144856_5.47250052638.png,Cross River,20-30
8.428181842288007_5.018367756726016_8.443153763689999_5.04831159953.png,Cross River,20-30
8.428181842288007_5.033339678128008_8.443153763689999_5.04831159953.png,Cross River,20-30
8.431917605756016_5.457528604978008_8.46186144856_5.47250052638.png,Cross River,20-30
8.431917605756016_5.47250052638_8.46186144856_5.47250052638.png,Cross River,20-30
8.431917605756016_5.5174162905859765_8.46186144856_5.47250052638.png,Cross River,20-30
8.443153763689999_5.018367756726016_8.443153763689999_5.04831159953.png,Cross River,20-30
8.443153763689999_5.033339678128008_8.443153763689999_5.04831159953.png,Cross River,20-30
8.445723187251993_4.618886236665976_8.43075126585_4.57397047246.png,Cross River,20-30
8.446889527158008_5.487472447781992_8.46186144856_5.47250052638.png,Cross River,20-30
8.456953346704024_4.579099970253984_8.50186911091_4.54915612745.png,Cross River,20-30
8.456953346704024_4.594071891655976_8.50186911091_4.54915612745.png,Cross River,20-30
8.457155405096016_4.585305095923984_8.4870992479_4.55536125312.png,Cross River,20-30
8.457155405096016_4.600277017325976_8.4870992479_4.55536125312.png,Cross River,20-30
8.458125685091991_5.093227363735976_8.443153763689999_5.04831159953.png,Cross River,20-30
8.460695108653985_4.588942393861992_8.43075126585_4.57397047246.png,Cross River,20-30
8.464725482406015_4.56243055738_8.49466932521_4.56243055738.png,Cross River,20-30
8.464725482406015_4.577402478781992_8.49466932521_4.56243055738.png,Cross River,20-30
8.464725482406015_4.592374400183984_8.49466932521_4.56243055738.png,Cross River,20-30
8.464725482406015_4.607346321585976_8.49466932521_4.56243055738.png,Cross River,20-30
8.465779292044024_4.565165519223984_8.51069505625_4.53522167642.png,Cross River,20-30
8.467345692836012_4.580217032375976_8.497289535639997_4.53530126817.png,Cross River,20-30
8.471925268106016_4.54915612745_8.50186911091_4.54915612745.png,Cross River,20-30
8.471925268106016_4.564128048851992_8.50186911091_4.54915612745.png,Cross River,20-30
8.471925268106016_4.579099970253984_8.50186911091_4.54915612745.png,Cross River,20-30
8.471925268106016_4.594071891655976_8.50186911091_4.54915612745.png,Cross River,20-30
8.472127326498008_4.55536125312_8.4870992479_4.55536125312.png,Cross River,20-30
8.472127326498008_4.570333174521992_8.4870992479_4.55536125312.png,Cross River,20-30
8.472127326498008_4.585305095923984_8.4870992479_4.55536125312.png,Cross River,20-30
8.472127326498008_4.600277017325976_8.4870992479_4.55536125312.png,Cross River,20-30
8.473097606493983_5.018367756726016_8.443153763689999_5.04831159953.png,Cross River,20-30
8.473753639512516_4.558250387177029_8.51069505625_4.53522167642.png,Cross River,20-30
8.475667030055977_4.544026629656016_8.43075126585_4.57397047246.png,Cross River,20-30
8.479697403808007_4.547458635978008_8.49466932521_4.56243055738.png,Cross River,20-30
8.479697403808007_4.56243055738_8.49466932521_4.56243055738.png,Cross River,20-30
8.479697403808007_4.577402478781992_8.49466932521_4.56243055738.png,Cross River,20-30
8.479697403808007_4.592374400183984_8.49466932521_4.56243055738.png,Cross River,20-30
8.479697403808007_4.607346321585976_8.49466932521_4.56243055738.png,Cross River,20-30
8.482408113256016_4.553987218815976_8.51235195606_4.50907145461.png,Cross River,20-30
8.483511076006112_4.553401214807855_8.49466932521_4.56243055738.png,Cross River,20-30
8.485657053884022_4.538227820758008_8.530572818089999_4.55319974216.png,Cross River,20-30
8.485657053884022_4.55319974216_8.530572818089999_4.55319974216.png,Cross River,20-30
8.48658351494036_4.570255510057646_8.50186911091_4.54915612745.png,Cross River,20-30
8.486897189508008_4.534184206048008_8.50186911091_4.54915612745.png,Cross River,20-30
8.486897189508008_4.54915612745_8.50186911091_4.54915612745.png,Cross River,20-30
8.486897189508008_4.564128048851992_8.50186911091_4.54915612745.png,Cross River,20-30
8.486897189508008_4.579099970253984_8.50186911091_4.54915612745.png,Cross River,20-30
8.486897189508008_4.594071891655976_8.50186911091_4.54915612745.png,Cross River,20-30
8.4870992479_4.525417410316016_8.4870992479_4.55536125312.png,Cross River,20-30
8.4870992479_4.540389331718008_8.4870992479_4.55536125312.png,Cross River,20-30
8.4870992479_4.55536125312_8.4870992479_4.55536125312.png,Cross River,20-30
8.4870992479_4.570333174521992_8.4870992479_4.55536125312.png,Cross River,20-30
8.4870992479_4.585305095923984_8.4870992479_4.55536125312.png,Cross River,20-30
8.4870992479_4.600277017325976_8.4870992479_4.55536125312.png,Cross River,20-30
8.48802502204548_4.6053339848244805_8.49466932521_4.56243055738.png,Cross River,20-30
8.488069527895975_5.0033958353240235_8.443153763689999_5.04831159953.png,Cross River,20-30
8.488069527895975_5.018367756726016_8.443153763689999_5.04831159953.png,Cross River,20-30
8.488069527895975_5.04831159953_8.443153763689999_5.04831159953.png,Cross River,20-30
8.488069527895975_5.063283520931992_8.443153763689999_5.04831159953.png,Cross River,20-30
8.488943854812105_4.540045139550993_8.50186911091_4.54915612745.png,Cross River,20-30
8.490472316158009_4.5173650952_8.50544423756_4.5173650952.png,Cross River,20-30
8.490472316158009_4.532337016601992_8.50544423756_4.5173650952.png,Cross River,20-30
8.490576765368008_4.517713377123984_8.50554868677_4.48776953432.png,Cross River,20-30
8.491805291363985_5.427584762174024_8.46186144856_5.47250052638.png,Cross River,20-30
8.491805291363985_5.442556683576016_8.46186144856_5.47250052638.png,Cross River,20-30
8.491805291363985_5.487472447781992_8.46186144856_5.47250052638.png,Cross River,20-30
8.49466932521_4.517514793174024_8.49466932521_4.56243055738.png,Cross River,20-30
8.49466932521_4.532486714576016_8.49466932521_4.56243055738.png,Cross River,20-30
8.49466932521_4.547458635978008_8.49466932521_4.56243055738.png,Cross River,20-30
8.49466932521_4.56243055738_8.49466932521_4.56243055738.png,Cross River,20-30
8.49466932521_4.577402478781992_8.49466932521_4.56243055738.png,Cross River,20-30
8.49466932521_4.592374400183984_8.49466932521_4.56243055738.png,Cross River,20-30
8.49466932521_4.607346321585976_8.49466932521_4.56243055738.png,Cross River,20-30
8.495723134848008_4.520249755018008_8.51069505625_4.53522167642.png,Cross River,20-30
8.495723134848008_4.565165519223984_8.51069505625_4.53522167642.png,Cross River,20-30
8.497289535639997_4.550273189571992_8.497289535639997_4.53530126817.png,Cross River,20-30
8.497380034658008_4.553987218815976_8.51235195606_4.50907145461.png,Cross River,20-30
8.498035413628523_4.587526584250944_8.530572818089999_4.55319974216.png,Cross River,20-30
8.500628975286014_4.508283977954024_8.530572818089999_4.55319974216.png,Cross River,20-30
8.500628975286014_4.538227820758008_8.530572818089999_4.55319974216.png,Cross River,20-30
8.500628975286014_4.598115506365977_8.530572818089999_4.55319974216.png,Cross River,20-30
8.50186911091_4.5042403632440235_8.50186911091_4.54915612745.png,Cross River,20-30
8.50186911091_4.519212284646016_8.50186911091_4.54915612745.png,Cross River,20-30
8.50186911091_4.534184206048008_8.50186911091_4.54915612745.png,Cross River,20-30
8.50186911091_4.54915612745_8.50186911091_4.54915612745.png,Cross River,20-30
8.50186911091_4.564128048851992_8.50186911091_4.54915612745.png,Cross River,20-30
8.50186911091_4.579099970253984_8.50186911091_4.54915612745.png,Cross River,20-30
8.50186911091_4.594071891655976_8.50186911091_4.54915612745.png,Cross River,20-30
8.502071169301992_4.510445488914024_8.4870992479_4.55536125312.png,Cross River,20-30
8.502071169301992_4.525417410316016_8.4870992479_4.55536125312.png,Cross River,20-30
8.502071169301992_4.540389331718008_8.4870992479_4.55536125312.png,Cross River,20-30
8.502071169301992_4.55536125312_8.4870992479_4.55536125312.png,Cross River,20-30
8.502071169301992_4.570333174521992_8.4870992479_4.55536125312.png,Cross River,20-30
8.502071169301992_4.585305095923984_8.4870992479_4.55536125312.png,Cross River,20-30
8.502071169301992_4.600277017325976_8.4870992479_4.55536125312.png,Cross River,20-30
8.50544423756_4.547308938003984_8.50544423756_4.5173650952.png,Cross River,20-30
8.50554868677_4.502741455721992_8.50554868677_4.48776953432.png,Cross River,20-30
8.506777212765977_5.427584762174024_8.46186144856_5.47250052638.png,Cross River,20-30
8.506777212765977_5.442556683576016_8.46186144856_5.47250052638.png,Cross River,20-30
8.506777212765977_5.457528604978008_8.46186144856_5.47250052638.png,Cross River,20-30
8.506777212765977_5.502444369183984_8.46186144856_5.47250052638.png,Cross River,20-30
8.509641246611992_4.517514793174024_8.49466932521_4.56243055738.png,Cross River,20-30
8.509641246611992_4.532486714576016_8.49466932521_4.56243055738.png,Cross River,20-30
8.509641246611992_4.547458635978008_8.49466932521_4.56243055738.png,Cross River,20-30
8.509641246611992_4.56243055738_8.49466932521_4.56243055738.png,Cross River,20-30
8.509641246611992_4.577402478781992_8.49466932521_4.56243055738.png,Cross River,20-30
8.509641246611992_4.592374400183984_8.49466932521_4.56243055738.png,Cross River,20-30
8.509641246611992_4.607346321585976_8.49466932521_4.56243055738.png,Cross River,20-30
8.50999632494_4.51285673955_8.50999632494_4.51285673955.png,Cross River,20-30
8.50999632494_4.542800582353984_8.50999632494_4.51285673955.png,Cross River,20-30
8.512261457041989_4.490385503964023_8.497289535639997_4.53530126817.png,Cross River,20-30
8.512261457041989_4.505357425366015_8.497289535639997_4.53530126817.png,Cross River,20-30
8.512261457041989_4.53530126817_8.497289535639997_4.53530126817.png,Cross River,20-30
8.51235195606_4.50907145461_8.51235195606_4.50907145461.png,Cross River,20-30
8.516841032311993_4.5042403632440235_8.50186911091_4.54915612745.png,Cross River,20-30
8.516841032311993_4.519212284646016_8.50186911091_4.54915612745.png,Cross River,20-30
8.516841032311993_4.534184206048008_8.50186911091_4.54915612745.png,Cross River,20-30
8.516841032311993_4.54915612745_8.50186911091_4.54915612745.png,Cross River,20-30
8.516841032311993_4.564128048851992_8.50186911091_4.54915612745.png,Cross River,20-30
8.516841032311993_4.579099970253984_8.50186911091_4.54915612745.png,Cross River,20-30
8.516841032311993_4.594071891655976_8.50186911091_4.54915612745.png,Cross River,20-30
8.517043090703984_4.510445488914024_8.4870992479_4.55536125312.png,Cross River,20-30
8.517043090703984_4.525417410316016_8.4870992479_4.55536125312.png,Cross River,20-30
8.517043090703984_4.540389331718008_8.4870992479_4.55536125312.png,Cross River,20-30
8.517043090703984_4.55536125312_8.4870992479_4.55536125312.png,Cross River,20-30
8.517043090703984_4.570333174521992_8.4870992479_4.55536125312.png,Cross River,20-30
8.517043090703984_4.585305095923984_8.4870992479_4.55536125312.png,Cross River,20-30
8.517043090703984_4.600277017325976_8.4870992479_4.55536125312.png,Cross River,20-30
8.520416158961993_4.4874212523960155_8.50544423756_4.5173650952.png,Cross River,20-30
8.520520608171992_4.472797612918008_8.50554868677_4.48776953432.png,Cross River,20-30
8.520520608171992_4.48776953432_8.50554868677_4.48776953432.png,Cross River,20-30
8.524613168013984_4.517514793174024_8.49466932521_4.56243055738.png,Cross River,20-30
8.524613168013984_4.532486714576016_8.49466932521_4.56243055738.png,Cross River,20-30
8.524613168013984_4.547458635978008_8.49466932521_4.56243055738.png,Cross River,20-30
8.524613168013984_4.56243055738_8.49466932521_4.56243055738.png,Cross River,20-30
8.524613168013984_4.577402478781992_8.49466932521_4.56243055738.png,Cross River,20-30
8.524613168013984_4.592374400183984_8.49466932521_4.56243055738.png,Cross River,20-30
8.524613168013984_4.607346321585976_8.49466932521_4.56243055738.png,Cross River,20-30
8.525666977651992_4.550193597821992_8.51069505625_4.53522167642.png,Cross River,20-30
8.52723337844398_4.490385503964023_8.497289535639997_4.53530126817.png,Cross River,20-30
8.52723337844398_4.550273189571992_8.497289535639997_4.53530126817.png,Cross River,20-30
8.527323877461992_4.539015297413984_8.51235195606_4.50907145461.png,Cross River,20-30
8.530572818089999_4.55319974216_8.530572818089999_4.55319974216.png,Cross River,20-30
8.530572818089999_4.5831435849639846_8.530572818089999_4.55319974216.png,Cross River,20-30
8.531812953713985_4.5042403632440235_8.50186911091_4.54915612745.png,Cross River,20-30
8.531812953713985_4.519212284646016_8.50186911091_4.54915612745.png,Cross River,20-30
8.531812953713985_4.534184206048008_8.50186911091_4.54915612745.png,Cross River,20-30
8.531812953713985_4.54915612745_8.50186911091_4.54915612745.png,Cross River,20-30
8.531812953713985_4.564128048851992_8.50186911091_4.54915612745.png,Cross River,20-30
8.531812953713985_4.579099970253984_8.50186911091_4.54915612745.png,Cross River,20-30
8.531812953713985_4.594071891655976_8.50186911091_4.54915612745.png,Cross River,20-30
8.532015012105976_4.510445488914024_8.4870992479_4.55536125312.png,Cross River,20-30
8.532015012105976_4.525417410316016_8.4870992479_4.55536125312.png,Cross River,20-30
8.532015012105976_4.540389331718008_8.4870992479_4.55536125312.png,Cross River,20-30
8.532015012105976_4.55536125312_8.4870992479_4.55536125312.png,Cross River,20-30
8.532015012105976_4.570333174521992_8.4870992479_4.55536125312.png,Cross River,20-30
8.532015012105976_4.585305095923984_8.4870992479_4.55536125312.png,Cross River,20-30
8.532015012105976_4.600277017325976_8.4870992479_4.55536125312.png,Cross River,20-30
8.535388080363985_4.472449330994023_8.50544423756_4.5173650952.png,Cross River,20-30
8.535388080363985_4.5173650952_8.50544423756_4.5173650952.png,Cross River,20-30
8.535388080363985_4.562280859405976_8.50544423756_4.5173650952.png,Cross River,20-30
8.539585089415976_4.517514793174024_8.49466932521_4.56243055738.png,Cross River,20-30
8.539585089415976_4.532486714576016_8.49466932521_4.56243055738.png,Cross River,20-30
8.539585089415976_4.547458635978008_8.49466932521_4.56243055738.png,Cross River,20-30
8.539585089415976_4.56243055738_8.49466932521_4.56243055738.png,Cross River,20-30
8.539585089415976_4.577402478781992_8.49466932521_4.56243055738.png,Cross River,20-30
8.539585089415976_4.592374400183984_8.49466932521_4.56243055738.png,Cross River,20-30
8.539585089415976_4.607346321585976_8.49466932521_4.56243055738.png,Cross River,20-30
8.539940167743984_4.497884818148008_8.50999632494_4.51285673955.png,Cross River,20-30
8.540638899053985_4.490305912214024_8.51069505625_4.53522167642.png,Cross River,20-30
8.540638899053985_4.505277833616016_8.51069505625_4.53522167642.png,Cross River,20-30
8.540638899053985_4.580137440625976_8.51069505625_4.53522167642.png,Cross River,20-30
8.542205299845973_4.565245110973984_8.497289535639997_4.53530126817.png,Cross River,20-30
8.542295798863984_4.464155690404024_8.51235195606_4.50907145461.png,Cross River,20-30
8.542295798863984_4.494099533208008_8.51235195606_4.50907145461.png,Cross River,20-30
8.54554473949199_4.55319974216_8.530572818089999_4.55319974216.png,Cross River,20-30
8.546784875115977_4.5042403632440235_8.50186911091_4.54915612745.png,Cross River,20-30
8.546784875115977_4.519212284646016_8.50186911091_4.54915612745.png,Cross River,20-30
8.546784875115977_4.534184206048008_8.50186911091_4.54915612745.png,Cross River,20-30
8.546784875115977_4.54915612745_8.50186911091_4.54915612745.png,Cross River,20-30
8.546784875115977_4.564128048851992_8.50186911091_4.54915612745.png,Cross River,20-30
8.546784875115977_4.579099970253984_8.50186911091_4.54915612745.png,Cross River,20-30
8.546784875115977_4.594071891655976_8.50186911091_4.54915612745.png,Cross River,20-30
8.550360001765977_4.472449330994023_8.50544423756_4.5173650952.png,Cross River,20-30
8.550464450975976_4.472797612918008_8.50554868677_4.48776953432.png,Cross River,20-30
8.550464450975976_4.502741455721992_8.50554868677_4.48776953432.png,Cross River,20-30
8.550464450975976_4.517713377123984_8.50554868677_4.48776953432.png,Cross River,20-30
8.553797958273075_4.579858699973018_8.530572818089999_4.55319974216.png,Cross River,20-30
8.554912089145976_4.467940975344024_8.50999632494_4.51285673955.png,Cross River,20-30
8.554912089145976_4.51285673955_8.50999632494_4.51285673955.png,Cross River,20-30
8.554912089145976_4.542800582353984_8.50999632494_4.51285673955.png,Cross River,20-30
8.557267720265976_4.479127611806016_8.51235195606_4.50907145461.png,Cross River,20-30
8.575488582295975_4.5681716635619924_8.530572818089999_4.55319974216.png,Cross River,20-30
8.700760805174024_5.623095650481992_8.74567656938_5.60812372908.png,Cross River,20-30
8.700760805174024_5.638067571883984_8.74567656938_5.60812372908.png,Cross River,20-30
8.715732726576016_5.60812372908_8.74567656938_5.60812372908.png,Cross River,20-30
8.715732726576016_5.623095650481992_8.74567656938_5.60812372908.png,Cross River,20-30
8.730704647978008_5.563207964874024_8.74567656938_5.60812372908.png,Cross River,20-30
8.730704647978008_5.623095650481992_8.74567656938_5.60812372908.png,Cross River,20-30
8.730704647978008_5.653039493285976_8.74567656938_5.60812372908.png,Cross River,20-30
8.74567656938_5.623095650481992_8.74567656938_5.60812372908.png,Cross River,20-30
8.760648490781993_5.623095650481992_8.74567656938_5.60812372908.png,Cross River,20-30
8.775620412183985_5.593151807678008_8.74567656938_5.60812372908.png,Cross River,20-30
8.775620412183985_5.623095650481992_8.74567656938_5.60812372908.png,Cross River,20-30
8.775620412183985_5.653039493285976_8.74567656938_5.60812372908.png,Cross River,20-30
8.790592333585977_5.623095650481992_8.74567656938_5.60812372908.png,Cross River,20-30
8.857435410106016_5.421395054604024_8.88737925291_5.46631081881.png,Cross River,20-30
8.857435410106016_5.451338897408008_8.88737925291_5.46631081881.png,Cross River,20-30
8.857435410106016_5.511226583015977_8.88737925291_5.46631081881.png,Cross River,20-30
8.867481491724025_6.094735739211992_8.912397255930001_6.07976381781.png,Cross River,20-30
8.872407331508008_5.46631081881_8.88737925291_5.46631081881.png,Cross River,20-30
8.872407331508008_5.481282740211992_8.88737925291_5.46631081881.png,Cross River,20-30
8.872407331508008_5.4962546616139845_8.88737925291_5.46631081881.png,Cross River,20-30
8.882453413126017_6.034848053604024_8.912397255930001_6.07976381781.png,Cross River,20-30
8.882453413126017_6.064791896408008_8.912397255930001_6.07976381781.png,Cross River,20-30
8.88737925291_5.436366976006016_8.88737925291_5.46631081881.png,Cross River,20-30
8.88737925291_5.4962546616139845_8.88737925291_5.46631081881.png,Cross River,20-30
8.897425334528009_6.064791896408008_8.912397255930001_6.07976381781.png,Cross River,20-30
8.897425334528009_6.094735739211992_8.912397255930001_6.07976381781.png,Cross River,20-30
8.902351174311992_5.46631081881_8.88737925291_5.46631081881.png,Cross River,20-30
8.912397255930001_6.094735739211992_8.912397255930001_6.07976381781.png,Cross River,20-30
8.927369177331993_6.034848053604024_8.912397255930001_6.07976381781.png,Cross River,20-30
8.927369177331993_6.049819975006016_8.912397255930001_6.07976381781.png,Cross River,20-30
8.927369177331993_6.07976381781_8.912397255930001_6.07976381781.png,Cross River,20-30
8.927369177331993_6.109707660613984_8.912397255930001_6.07976381781.png,Cross River,20-30
8.927369177331993_6.124679582015976_8.912397255930001_6.07976381781.png,Cross River,20-30
8.932295017115976_5.436366976006016_8.88737925291_5.46631081881.png,Cross River,20-30
8.932295017115976_5.451338897408008_8.88737925291_5.46631081881.png,Cross River,20-30
8.932295017115976_5.46631081881_8.88737925291_5.46631081881.png,Cross River,20-30
8.932295017115976_5.511226583015977_8.88737925291_5.46631081881.png,Cross River,20-30
8.942341098733985_6.07976381781_8.912397255930001_6.07976381781.png,Cross River,20-30
8.992439598274023_6.366963236176016_9.03735536248_6.39690707898.png,Cross River,20-30
8.992439598274023_6.411879000381992_9.03735536248_6.39690707898.png,Cross River,20-30
9.014873254194024_6.039032514435976_9.0597890184_5.99411675023.png,Cross River,20-30
9.022383441078007_6.39690707898_9.03735536248_6.39690707898.png,Cross River,20-30
9.022383441078007_6.426850921783984_9.03735536248_6.39690707898.png,Cross River,20-30
9.025954249764023_5.790854257476016_9.07087001397_5.82079810028.png,Cross River,20-30
9.025954249764023_5.82079810028_9.07087001397_5.82079810028.png,Cross River,20-30
9.025954249764023_5.850741943083984_9.07087001397_5.82079810028.png,Cross River,20-30
9.029845175596016_5.949200986024024_9.0597890184_5.99411675023.png,Cross River,20-30
9.03735536248_6.366963236176016_9.03735536248_6.39690707898.png,Cross River,20-30
9.03735536248_6.39690707898_9.03735536248_6.39690707898.png,Cross River,20-30
9.03735536248_6.411879000381992_9.03735536248_6.39690707898.png,Cross River,20-30
9.03735536248_6.426850921783984_9.03735536248_6.39690707898.png,Cross River,20-30
9.040926171166015_5.775882336074024_9.07087001397_5.82079810028.png,Cross River,20-30
9.040926171166015_5.8657138644859765_9.07087001397_5.82079810028.png,Cross River,20-30
9.044543830314025_3.801689092411992_9.089459594520001_3.78671717101.png,Cross River,20-30
9.044543830314025_3.8166610138139836_9.089459594520001_3.78671717101.png,Cross River,20-30
9.044543830314025_3.8316329352159757_9.089459594520001_3.78671717101.png,Cross River,20-30
9.044817096998008_5.949200986024024_9.0597890184_5.99411675023.png,Cross River,20-30
9.044817096998008_5.99411675023_9.0597890184_5.99411675023.png,Cross River,20-30
9.044817096998008_6.024060593033984_9.0597890184_5.99411675023.png,Cross River,20-30
9.052327283881992_6.351991314774024_9.03735536248_6.39690707898.png,Cross River,20-30
9.052327283881992_6.441822843185976_9.03735536248_6.39690707898.png,Cross River,20-30
9.055898092568007_5.8657138644859765_9.07087001397_5.82079810028.png,Cross River,20-30
9.059515751716017_3.741801406804024_9.089459594520001_3.78671717101.png,Cross River,20-30
9.059515751716017_3.7717452496080077_9.089459594520001_3.78671717101.png,Cross River,20-30
9.059515751716017_3.78671717101_9.089459594520001_3.78671717101.png,Cross River,20-30
9.0597890184_5.949200986024024_9.0597890184_5.99411675023.png,Cross River,20-30
9.062433853976016_6.000616251608008_9.09237769678_6.01558817301.png,Cross River,20-30
9.062433853976016_6.030560094411992_9.09237769678_6.01558817301.png,Cross River,20-30
9.062433853976016_6.060503937215977_9.09237769678_6.01558817301.png,Cross River,20-30
9.067299205283984_6.39690707898_9.03735536248_6.39690707898.png,Cross River,20-30
9.07087001397_5.805826178878008_9.07087001397_5.82079810028.png,Cross River,20-30
9.07087001397_5.835770021681992_9.07087001397_5.82079810028.png,Cross River,20-30
9.074487673118009_3.78671717101_9.089459594520001_3.78671717101.png,Cross River,20-30
9.074760939801992_5.949200986024024_9.0597890184_5.99411675023.png,Cross River,20-30
9.074760939801992_6.024060593033984_9.0597890184_5.99411675023.png,Cross River,20-30
9.077405775378008_6.01558817301_9.09237769678_6.01558817301.png,Cross River,20-30
9.077405775378008_6.060503937215977_9.09237769678_6.01558817301.png,Cross River,20-30
9.082271126685976_6.381935157578008_9.03735536248_6.39690707898.png,Cross River,20-30
9.089459594520001_3.801689092411992_9.089459594520001_3.78671717101.png,Cross River,20-30
9.089732861203984_5.964172907426016_9.0597890184_5.99411675023.png,Cross River,20-30
9.089732861203984_5.99411675023_9.0597890184_5.99411675023.png,Cross River,20-30
9.100813856773984_5.790854257476016_9.07087001397_5.82079810028.png,Cross River,20-30
9.100813856773984_5.805826178878008_9.07087001397_5.82079810028.png,Cross River,20-30
9.104431515921993_3.801689092411992_9.089459594520001_3.78671717101.png,Cross River,20-30
9.104704782605976_5.964172907426016_9.0597890184_5.99411675023.png,Cross River,20-30
9.104704782605976_6.024060593033984_9.0597890184_5.99411675023.png,Cross River,20-30
9.107349618181992_5.985644330206016_9.09237769678_6.01558817301.png,Cross River,20-30
9.107349618181992_6.000616251608008_9.09237769678_6.01558817301.png,Cross River,20-30
9.115785778175976_5.82079810028_9.07087001397_5.82079810028.png,Cross River,20-30
9.115785778175976_5.850741943083984_9.07087001397_5.82079810028.png,Cross River,20-30
9.119403437323985_3.741801406804024_9.089459594520001_3.78671717101.png,Cross River,20-30
9.119403437323985_3.78671717101_9.089459594520001_3.78671717101.png,Cross River,20-30
9.119403437323985_3.8166610138139836_9.089459594520001_3.78671717101.png,Cross River,20-30
9.122321539583984_5.985644330206016_9.09237769678_6.01558817301.png,Cross River,20-30
9.134375358725977_3.756773328206016_9.089459594520001_3.78671717101.png,Cross River,20-30
9.137293460985976_6.000616251608008_9.09237769678_6.01558817301.png,Cross River,20-30
9.137293460985976_6.030560094411992_9.09237769678_6.01558817301.png,Cross River,20-30
9.137293460985976_6.0455320158139845_9.09237769678_6.01558817301.png,Cross River,20-30
9.137293460985976_6.060503937215977_9.09237769678_6.01558817301.png,Cross River,20-30
9.182788977404023_5.653131602954024_9.22770474161_5.69804736716.png,Cross River,20-30
9.182788977404023_5.668103524356016_9.22770474161_5.69804736716.png,Cross River,20-30
9.197760898806015_5.69804736716_9.22770474161_5.69804736716.png,Cross River,20-30
9.212732820208007_5.69804736716_9.22770474161_5.69804736716.png,Cross River,20-30
9.212732820208007_5.727991209963984_9.22770474161_5.69804736716.png,Cross River,20-30
9.22770474161_5.668103524356016_9.22770474161_5.69804736716.png,Cross River,20-30
9.22770474161_5.69804736716_9.22770474161_5.69804736716.png,Cross River,20-30
9.22770474161_5.742963131365976_9.22770474161_5.69804736716.png,Cross River,20-30
9.242676663011991_5.727991209963984_9.22770474161_5.69804736716.png,Cross River,20-30
9.257648584413984_5.653131602954024_9.22770474161_5.69804736716.png,Cross River,20-30
9.272620505815976_5.653131602954024_9.22770474161_5.69804736716.png,Cross River,20-30
9.272620505815976_5.727991209963984_9.22770474161_5.69804736716.png,Cross River,20-30
9.615539355056017_3.966038291811992_9.64548319786_3.95106637041.png,Cross River,20-30
9.630511276458009_3.906150606204024_9.64548319786_3.95106637041.png,Cross River,20-30
9.630511276458009_3.921122527606016_9.64548319786_3.95106637041.png,Cross River,20-30
9.630511276458009_3.936094449008008_9.64548319786_3.95106637041.png,Cross River,20-30
9.64548319786_3.906150606204024_9.64548319786_3.95106637041.png,Cross River,20-30
9.64548319786_3.921122527606016_9.64548319786_3.95106637041.png,Cross River,20-30
9.64548319786_3.9810102132139837_9.64548319786_3.95106637041.png,Cross River,20-30
9.660455119261993_3.906150606204024_9.64548319786_3.95106637041.png,Cross River,20-30
9.660455119261993_3.95106637041_9.64548319786_3.95106637041.png,Cross River,20-30
9.660455119261993_3.9810102132139837_9.64548319786_3.95106637041.png,Cross River,20-30
9.675427040663985_3.995982134615976_9.64548319786_3.95106637041.png,Cross River,20-30
9.686747075164023_5.767221170576017_9.73166283937_5.797165013380001.png,Cross River,20-30
9.686747075164023_5.812136934781993_9.73166283937_5.797165013380001.png,Cross River,20-30
9.690398962065977_3.906150606204024_9.64548319786_3.95106637041.png,Cross River,20-30
9.701718996566015_5.827108856183985_9.73166283937_5.797165013380001.png,Cross River,20-30
9.704901972104023_5.607429135668008_9.74981773631_5.62240105707.png,Cross River,20-30
9.716690917968007_5.797165013380001_9.73166283937_5.797165013380001.png,Cross River,20-30
9.716690917968007_5.827108856183985_9.73166283937_5.797165013380001.png,Cross River,20-30
9.719873893506016_5.667316821275977_9.74981773631_5.62240105707.png,Cross River,20-30
9.73166283937_5.782193091978009_9.73166283937_5.797165013380001.png,Cross River,20-30
9.73166283937_5.812136934781993_9.73166283937_5.797165013380001.png,Cross River,20-30
9.734845814908008_5.592457214266016_9.74981773631_5.62240105707.png,Cross River,20-30
9.734845814908008_5.607429135668008_9.74981773631_5.62240105707.png,Cross River,20-30
9.734845814908008_5.62240105707_9.74981773631_5.62240105707.png,Cross River,20-30
9.734845814908008_5.637372978471992_9.74981773631_5.62240105707.png,Cross River,20-30
9.734944502422763_5.818854174877655_9.73166283937_5.797165013380001.png,Cross River,20-30
9.746634760771991_5.782193091978009_9.73166283937_5.797165013380001.png,Cross River,20-30
9.746634760771991_5.842080777585977_9.73166283937_5.797165013380001.png,Cross River,20-30
9.761606682173984_5.767221170576017_9.73166283937_5.797165013380001.png,Cross River,20-30
9.761606682173984_5.827108856183985_9.73166283937_5.797165013380001.png,Cross River,20-30
9.764789657711992_5.577485292864024_9.74981773631_5.62240105707.png,Cross River,20-30
9.764789657711992_5.637372978471992_9.74981773631_5.62240105707.png,Cross River,20-30
9.772082776023536_5.823202567090836_9.73166283937_5.797165013380001.png,Cross River,20-30
9.776578603575976_5.782193091978009_9.73166283937_5.797165013380001.png,Cross River,20-30
9.779761579113984_5.577485292864024_9.74981773631_5.62240105707.png,Cross River,20-30
9.779761579113984_5.592457214266016_9.74981773631_5.62240105707.png,Cross River,20-30
9.779761579113984_5.6523448998739845_9.74981773631_5.62240105707.png,Cross River,20-30
9.779761579113984_5.667316821275977_9.74981773631_5.62240105707.png,Cross River,20-30
9.794733500515976_5.62240105707_9.74981773631_5.62240105707.png,Cross River,20-30
10.226155983194024_13.262814722194024_10.2710717474_13.3077304864.png,Yobe,30-40
10.226155983194024_13.3077304864_10.2710717474_13.3077304864.png,Yobe,30-40
10.226155983194024_13.337674329203985_10.2710717474_13.3077304864.png,Yobe,30-40
10.238730078996015_13.208666418596017_10.2686739218_13.238610261400002.png,Yobe,30-40
10.238730078996015_13.268554104203986_10.2686739218_13.238610261400002.png,Yobe,30-40
10.238730078996015_13.283526025605978_10.2686739218_13.238610261400002.png,Yobe,30-40
10.241127904596016_13.277786643596016_10.2710717474_13.3077304864.png,Yobe,30-40
10.253702000398007_13.238610261400002_10.2686739218_13.238610261400002.png,Yobe,30-40
10.256099825998009_13.277786643596016_10.2710717474_13.3077304864.png,Yobe,30-40
10.263721910173862_13.340779324152745_10.2710717474_13.3077304864.png,Yobe,30-40
10.264001066587033_13.27998562680571_10.2710717474_13.3077304864.png,Yobe,30-40
10.2686739218_13.208666418596017_10.2686739218_13.238610261400002.png,Yobe,30-40
10.2686739218_13.22363833999801_10.2686739218_13.238610261400002.png,Yobe,30-40
10.2686739218_13.268554104203986_10.2686739218_13.238610261400002.png,Yobe,30-40
10.2686739218_13.283526025605978_10.2686739218_13.238610261400002.png,Yobe,30-40
10.283645843201992_13.268554104203986_10.2686739218_13.238610261400002.png,Yobe,30-40
10.286043668801993_13.292758564998008_10.2710717474_13.3077304864.png,Yobe,30-40
10.286043668801993_13.3077304864_10.2710717474_13.3077304864.png,Yobe,30-40
10.286043668801993_13.337674329203985_10.2710717474_13.3077304864.png,Yobe,30-40
10.298262725701992_12.842130897694025_10.2832908043_12.887046661900001.png,Yobe,30-40
10.298262725701992_12.916990504703985_10.2832908043_12.887046661900001.png,Yobe,30-40
10.298617764603984_13.193694497194025_10.2686739218_13.238610261400002.png,Yobe,30-40
10.298617764603984_13.253582182801994_10.2686739218_13.238610261400002.png,Yobe,30-40
10.298617764603984_13.283526025605978_10.2686739218_13.238610261400002.png,Yobe,30-40
10.301015590203985_13.322702407801993_10.2710717474_13.3077304864.png,Yobe,30-40
10.301015590203985_13.352646250605977_10.2710717474_13.3077304864.png,Yobe,30-40
10.313234647103984_12.857102819096017_10.2832908043_12.887046661900001.png,Yobe,30-40
10.313234647103984_12.902018583301993_10.2832908043_12.887046661900001.png,Yobe,30-40
10.313234647103984_12.916990504703985_10.2832908043_12.887046661900001.png,Yobe,30-40
10.315987511605977_13.322702407801993_10.2710717474_13.3077304864.png,Yobe,30-40
10.328206568505976_12.902018583301993_10.2832908043_12.887046661900001.png,Yobe,30-40
10.328206568505976_12.916990504703985_10.2832908043_12.887046661900001.png,Yobe,30-40
10.672173191596016_13.396830856594024_10.7021170344_13.4417466208.png,Yobe,30-40
10.672173191596016_13.456718542201992_10.7021170344_13.4417466208.png,Yobe,30-40
10.672173191596016_13.471690463603984_10.7021170344_13.4417466208.png,Yobe,30-40
10.687145112998008_13.411802777996016_10.7021170344_13.4417466208.png,Yobe,30-40
10.687145112998008_13.4417466208_10.7021170344_13.4417466208.png,Yobe,30-40
10.687145112998008_13.456718542201992_10.7021170344_13.4417466208.png,Yobe,30-40
10.717088955801993_13.411802777996016_10.7021170344_13.4417466208.png,Yobe,30-40
10.717088955801993_13.426774699398008_10.7021170344_13.4417466208.png,Yobe,30-40
10.732060877203985_13.396830856594024_10.7021170344_13.4417466208.png,Yobe,30-40
10.732060877203985_13.426774699398008_10.7021170344_13.4417466208.png,Yobe,30-40
10.747032798605977_13.396830856594024_10.7021170344_13.4417466208.png,Yobe,30-40
10.747032798605977_13.426774699398008_10.7021170344_13.4417466208.png,Yobe,30-40
10.747032798605977_13.486662385005976_10.7021170344_13.4417466208.png,Yobe,30-40
11.531151280803984_10.715840418794023_11.501207438_10.760756183.png,Yobe,30-40
11.531151280803984_10.730812340196016_11.501207438_10.760756183.png,Yobe,30-40
11.531151280803984_10.760756183_11.501207438_10.760756183.png,Yobe,30-40
11.531151280803984_10.790700025803984_11.501207438_10.760756183.png,Yobe,30-40
11.546123202205976_10.715840418794023_11.501207438_10.760756183.png,Yobe,30-40
11.617675526194024_11.296983001494024_11.6625912904_11.3418987657.png,Yobe,30-40
11.617675526194024_11.371842608503984_11.6625912904_11.3418987657.png,Yobe,30-40
11.617675526194024_11.386814529905976_11.6625912904_11.3418987657.png,Yobe,30-40
11.632647447596016_11.311954922896016_11.6625912904_11.3418987657.png,Yobe,30-40
11.632647447596016_11.356870687101992_11.6625912904_11.3418987657.png,Yobe,30-40
11.647619368998008_11.386814529905976_11.6625912904_11.3418987657.png,Yobe,30-40
11.6625912904_11.3418987657_11.6625912904_11.3418987657.png,Yobe,30-40
11.670581139794024_11.122280454301992_11.715496904_11.1073085329.png,Yobe,30-40
11.670581139794024_11.152224297105976_11.715496904_11.1073085329.png,Yobe,30-40
11.677563211801992_11.3418987657_11.6625912904_11.3418987657.png,Yobe,30-40
11.685553061196016_11.062392768694023_11.715496904_11.1073085329.png,Yobe,30-40
11.692535133203984_11.311954922896016_11.6625912904_11.3418987657.png,Yobe,30-40
11.692535133203984_11.386814529905976_11.6625912904_11.3418987657.png,Yobe,30-40
11.700524982598008_11.077364690096015_11.715496904_11.1073085329.png,Yobe,30-40
11.700524982598008_11.122280454301992_11.715496904_11.1073085329.png,Yobe,30-40
11.700524982598008_11.152224297105976_11.715496904_11.1073085329.png,Yobe,30-40
11.707507054605976_11.356870687101992_11.6625912904_11.3418987657.png,Yobe,30-40
11.707507054605976_11.371842608503984_11.6625912904_11.3418987657.png,Yobe,30-40
11.71097762510305_11.099822067561265_11.715496904_11.1073085329.png,Yobe,30-40
11.711849290594024_11.941059432896015_11.7567650548_11.9710032757.png,Yobe,30-40
11.711849290594024_11.985975197101991_11.7567650548_11.9710032757.png,Yobe,30-40
11.715496904_11.152224297105976_11.715496904_11.1073085329.png,Yobe,30-40
11.726821211996016_11.9710032757_11.7567650548_11.9710032757.png,Yobe,30-40
11.730468825401992_11.062392768694023_11.715496904_11.1073085329.png,Yobe,30-40
11.730468825401992_11.122280454301992_11.715496904_11.1073085329.png,Yobe,30-40
11.741793133398009_12.015919039905976_11.7567650548_11.9710032757.png,Yobe,30-40
11.745440746803984_11.137252375703984_11.715496904_11.1073085329.png,Yobe,30-40
11.746399925794023_13.1481753581_11.79131569_13.1481753581.png,Yobe,30-40
11.749504756876368_11.132731490405739_11.715496904_11.1073085329.png,Yobe,30-40
11.7567650548_11.941059432896015_11.7567650548_11.9710032757.png,Yobe,30-40
11.760412668205976_11.137252375703984_11.715496904_11.1073085329.png,Yobe,30-40
11.761371847196015_13.178119200903984_11.79131569_13.1481753581.png,Yobe,30-40
11.762104448755695_12.015672835362414_11.7567650548_11.9710032757.png,Yobe,30-40
11.771736976201993_11.926087511494023_11.7567650548_11.9710032757.png,Yobe,30-40
11.776343768598007_13.103259593894023_11.79131569_13.1481753581.png,Yobe,30-40
11.776343768598007_13.133203436698007_11.79131569_13.1481753581.png,Yobe,30-40
11.7792867598959_11.96463776925875_11.7567650548_11.9710032757.png,Yobe,30-40
11.786708897603985_11.9710032757_11.7567650548_11.9710032757.png,Yobe,30-40
11.786708897603985_11.985975197101991_11.7567650548_11.9710032757.png,Yobe,30-40
11.788326993594023_13.090526361298007_11.833242757799999_13.1054982827.png,Yobe,30-40
11.79131569_13.118231515296015_11.79131569_13.1481753581.png,Yobe,30-40
11.79131569_13.133203436698007_11.79131569_13.1481753581.png,Yobe,30-40
11.79131569_13.1481753581_11.79131569_13.1481753581.png,Yobe,30-40
11.801680819005977_11.941059432896015_11.7567650548_11.9710032757.png,Yobe,30-40
11.801680819005977_11.9710032757_11.7567650548_11.9710032757.png,Yobe,30-40
11.801680819005977_12.015919039905976_11.7567650548_11.9710032757.png,Yobe,30-40
11.803298914996015_13.135442125503983_11.833242757799999_13.1054982827.png,Yobe,30-40
11.806287611401991_13.118231515296015_11.79131569_13.1481753581.png,Yobe,30-40
11.806287611401991_13.193091122305976_11.79131569_13.1481753581.png,Yobe,30-40
11.821259532803984_13.118231515296015_11.79131569_13.1481753581.png,Yobe,30-40
11.821259532803984_13.1481753581_11.79131569_13.1481753581.png,Yobe,30-40
11.833242757799999_13.075554439896015_11.833242757799999_13.1054982827.png,Yobe,30-40
11.833242757799999_13.090526361298007_11.833242757799999_13.1054982827.png,Yobe,30-40
11.833242757799999_13.120470204101991_11.833242757799999_13.1054982827.png,Yobe,30-40
11.833242757799999_13.135442125503983_11.833242757799999_13.1054982827.png,Yobe,30-40
11.836231454205976_13.103259593894023_11.79131569_13.1481753581.png,Yobe,30-40
11.848214679201991_13.135442125503983_11.833242757799999_13.1054982827.png,Yobe,30-40
11.848214679201991_13.150414046905976_11.833242757799999_13.1054982827.png,Yobe,30-40
11.863186600603983_13.090526361298007_11.833242757799999_13.1054982827.png,Yobe,30-40
11.863186600603983_13.120470204101991_11.833242757799999_13.1054982827.png,Yobe,30-40
11.863186600603983_13.135442125503983_11.833242757799999_13.1054982827.png,Yobe,30-40
11.878158522005975_13.120470204101991_11.833242757799999_13.1054982827.png,Yobe,30-40
12.024251563494024_12.836767201396016_12.0691673277_12.8667110442.png,Yobe,30-40
12.024251563494024_12.896654887003985_12.0691673277_12.8667110442.png,Yobe,30-40
12.039223484896016_12.821795279994024_12.0691673277_12.8667110442.png,Yobe,30-40
12.039223484896016_12.896654887003985_12.0691673277_12.8667110442.png,Yobe,30-40
12.039223484896016_12.911626808405977_12.0691673277_12.8667110442.png,Yobe,30-40
12.054195406298009_12.836767201396016_12.0691673277_12.8667110442.png,Yobe,30-40
12.054195406298009_12.851739122798008_12.0691673277_12.8667110442.png,Yobe,30-40
12.0691673277_12.851739122798008_12.0691673277_12.8667110442.png,Yobe,30-40
12.099111170503985_12.8667110442_12.0691673277_12.8667110442.png,Yobe,30-40
12.099111170503985_12.896654887003985_12.0691673277_12.8667110442.png,Yobe,30-40
12.114083091905977_12.821795279994024_12.0691673277_12.8667110442.png,Yobe,30-40
12.114083091905977_12.881682965601993_12.0691673277_12.8667110442.png,Yobe,30-40
12.114083091905977_12.896654887003985_12.0691673277_12.8667110442.png,Yobe,30-40
12.258203475394025_11.859991363694023_12.3031192396_11.9049071279.png,Yobe,30-40
12.258203475394025_11.889935206498008_12.3031192396_11.9049071279.png,Yobe,30-40
12.258203475394025_11.919879049301992_12.3031192396_11.9049071279.png,Yobe,30-40
12.258203475394025_11.949822892105976_12.3031192396_11.9049071279.png,Yobe,30-40
10.639631277798008_10.518679715705977_10.6546031992_10.4737639515.png,Gombe,30-40
10.6546031992_10.503707794303985_10.6546031992_10.4737639515.png,Gombe,30-40
10.684547042003985_10.503707794303985_10.6546031992_10.4737639515.png,Gombe,30-40
10.684547042003985_10.518679715705977_10.6546031992_10.4737639515.png,Gombe,30-40
10.699518963405977_10.518679715705977_10.6546031992_10.4737639515.png,Gombe,30-40
10.862803590794023_10.009665878698009_10.907719355_10.0246378001.png,Gombe,30-40
10.862803590794023_10.069553564305977_10.907719355_10.0246378001.png,Gombe,30-40
10.877775512196015_10.009665878698009_10.907719355_10.0246378001.png,Gombe,30-40
10.877775512196015_10.054581642903985_10.907719355_10.0246378001.png,Gombe,30-40
10.879374227617703_10.049283486198082_10.907719355_10.0246378001.png,Gombe,30-40
10.892747433598007_9.994693957296017_10.907719355_10.0246378001.png,Gombe,30-40
10.898076254721035_10.050210235385462_10.907719355_10.0246378001.png,Gombe,30-40
10.907719355_9.979722035894024_10.907719355_10.0246378001.png,Gombe,30-40
10.922691276401991_10.054581642903985_10.907719355_10.0246378001.png,Gombe,30-40
10.937663197803984_10.0246378001_10.907719355_10.0246378001.png,Gombe,30-40
10.937663197803984_10.039609721501993_10.907719355_10.0246378001.png,Gombe,30-40
10.937663197803984_9.979722035894024_10.907719355_10.0246378001.png,Gombe,30-40
10.952635119205976_10.0246378001_10.907719355_10.0246378001.png,Gombe,30-40
10.952635119205976_10.054581642903985_10.907719355_10.0246378001.png,Gombe,30-40
11.271767931594024_10.504959455505976_11.3166836958_10.4600436913.png,Gombe,30-40
11.286739852996016_10.475015612701991_11.3166836958_10.4600436913.png,Gombe,30-40
11.286739852996016_10.489987534103983_11.3166836958_10.4600436913.png,Gombe,30-40
11.301711774398008_10.504959455505976_11.3166836958_10.4600436913.png,Gombe,30-40
11.3166836958_10.415127927094023_11.3166836958_10.4600436913.png,Gombe,30-40
11.3166836958_10.504959455505976_11.3166836958_10.4600436913.png,Gombe,30-40
11.331655617201992_10.4600436913_11.3166836958_10.4600436913.png,Gombe,30-40
11.331655617201992_10.489987534103983_11.3166836958_10.4600436913.png,Gombe,30-40
11.346627538603984_10.475015612701991_11.3166836958_10.4600436913.png,Gombe,30-40
11.361599460005976_10.415127927094023_11.3166836958_10.4600436913.png,Gombe,30-40
11.361599460005976_10.445071769898007_11.3166836958_10.4600436913.png,Gombe,30-40
11.361599460005976_10.475015612701991_11.3166836958_10.4600436913.png,Gombe,30-40
11.403003670394025_10.544284096396016_11.447919434600001_10.5742279392.png,Gombe,30-40
11.403003670394025_10.604171782003984_11.447919434600001_10.5742279392.png,Gombe,30-40
11.403003670394025_10.619143703405976_11.447919434600001_10.5742279392.png,Gombe,30-40
11.417975591796017_10.544284096396016_11.447919434600001_10.5742279392.png,Gombe,30-40
11.417975591796017_10.589199860601992_11.447919434600001_10.5742279392.png,Gombe,30-40
11.417975591796017_10.619143703405976_11.447919434600001_10.5742279392.png,Gombe,30-40
11.421250817896015_9.58978260994_11.451194660699999_9.58978260994.png,Gombe,30-40
11.421250817896015_9.634698374145977_11.451194660699999_9.58978260994.png,Gombe,30-40
11.428425463634102_10.55289168305453_11.447919434600001_10.5742279392.png,Gombe,30-40
11.432947513198009_10.589199860601992_11.447919434600001_10.5742279392.png,Gombe,30-40
11.432947513198009_10.619143703405976_11.447919434600001_10.5742279392.png,Gombe,30-40
11.447919434600001_10.544284096396016_11.447919434600001_10.5742279392.png,Gombe,30-40
11.447919434600001_10.559256017798008_11.447919434600001_10.5742279392.png,Gombe,30-40
11.451194660699999_9.619726452743985_11.451194660699999_9.58978260994.png,Gombe,30-40
11.452201614892793_10.608251400530902_11.447919434600001_10.5742279392.png,Gombe,30-40
11.456291673794023_10.790700025803984_11.501207438_10.760756183.png,Gombe,30-40
11.462891356001993_10.559256017798008_11.447919434600001_10.5742279392.png,Gombe,30-40
11.466166582101991_9.619726452743985_11.451194660699999_9.58978260994.png,Gombe,30-40
11.469208085996017_10.056347260298008_11.499151928800002_10.0713191817.png,Gombe,30-40
11.469208085996017_10.116234945905976_11.499151928800002_10.0713191817.png,Gombe,30-40
11.471263595196016_10.730812340196016_11.501207438_10.760756183.png,Gombe,30-40
11.471263595196016_10.760756183_11.501207438_10.760756183.png,Gombe,30-40
11.48418000739801_10.0713191817_11.499151928800002_10.0713191817.png,Gombe,30-40
11.486235516598008_10.805671947205976_11.501207438_10.760756183.png,Gombe,30-40
11.492835198805977_10.559256017798008_11.447919434600001_10.5742279392.png,Gombe,30-40
11.496110424905975_9.619726452743985_11.451194660699999_9.58978260994.png,Gombe,30-40
11.499151928800002_10.0713191817_11.499151928800002_10.0713191817.png,Gombe,30-40
11.501207438_10.775728104401992_11.501207438_10.760756183.png,Gombe,30-40
11.501207438_10.790700025803984_11.501207438_10.760756183.png,Gombe,30-40
11.514123850201994_10.026403417494024_11.499151928800002_10.0713191817.png,Gombe,30-40
11.516179359401992_10.760756183_11.501207438_10.760756183.png,Gombe,30-40
11.516179359401992_10.790700025803984_11.501207438_10.760756183.png,Gombe,30-40
11.529095771603986_10.026403417494024_11.499151928800002_10.0713191817.png,Gombe,30-40
11.529095771603986_10.056347260298008_11.499151928800002_10.0713191817.png,Gombe,30-40
11.529095771603986_10.0713191817_11.499151928800002_10.0713191817.png,Gombe,30-40
11.529095771603986_10.086291103101992_11.499151928800002_10.0713191817.png,Gombe,30-40
11.529095771603986_10.101263024503984_11.499151928800002_10.0713191817.png,Gombe,30-40
11.544067693005978_10.026403417494024_11.499151928800002_10.0713191817.png,Gombe,30-40
11.544067693005978_10.056347260298008_11.499151928800002_10.0713191817.png,Gombe,30-40
11.544067693005978_10.101263024503984_11.499151928800002_10.0713191817.png,Gombe,30-40
11.812203869694025_9.925113430294024_11.857119633900002_9.9700291945.png,Gombe,30-40
11.812203869694025_9.955057273098008_11.857119633900002_9.9700291945.png,Gombe,30-40
11.812203869694025_9.985001115901992_11.857119633900002_9.9700291945.png,Gombe,30-40
11.827175791096018_9.925113430294024_11.857119633900002_9.9700291945.png,Gombe,30-40
11.827175791096018_9.999973037303985_11.857119633900002_9.9700291945.png,Gombe,30-40
11.836391399193683_10.004093751175928_11.857119633900002_9.9700291945.png,Gombe,30-40
11.839715059954287_9.994419239558349_11.857119633900002_9.9700291945.png,Gombe,30-40
11.84214771249801_9.940085351696016_11.857119633900002_9.9700291945.png,Gombe,30-40
11.84214771249801_9.985001115901992_11.857119633900002_9.9700291945.png,Gombe,30-40
11.436222739298007_9.544866845734024_11.451194660699999_9.58978260994.png,Adamawa,20-30
11.466166582101991_9.574810688538008_11.451194660699999_9.58978260994.png,Adamawa,20-30
11.481138503503983_9.544866845734024_11.451194660699999_9.58978260994.png,Adamawa,20-30
11.481138503503983_9.559838767136016_11.451194660699999_9.58978260994.png,Adamawa,20-30
11.486178159205977_9.500023012483984_11.441262395_9.47007916968.png,Adamawa,20-30
11.496110424905975_9.559838767136016_11.451194660699999_9.58978260994.png,Adamawa,20-30
11.496110424905975_9.574810688538008_11.451194660699999_9.58978260994.png,Adamawa,20-30
11.496110424905975_9.58978260994_11.451194660699999_9.58978260994.png,Adamawa,20-30
11.509537361694022_7.829324455476017_11.554453125899999_7.859268298280001.png,Adamawa,20-30
11.509537361694022_7.874240219681993_11.554453125899999_7.859268298280001.png,Adamawa,20-30
11.524509283096014_7.844296376878009_11.554453125899999_7.859268298280001.png,Adamawa,20-30
11.554453125899999_7.904184062485977_11.554453125899999_7.859268298280001.png,Adamawa,20-30
11.773420617996015_7.600467993604024_11.8033644608_7.64538375781.png,Adamawa,20-30
11.773420617996015_7.615439915006016_11.8033644608_7.64538375781.png,Adamawa,20-30
11.784251583494024_7.9344730183519925_11.8291673477_7.91950109695.png,Adamawa,20-30
11.784251583494024_7.949444939753985_11.8291673477_7.91950109695.png,Adamawa,20-30
11.78455718501986_7.903938184399229_11.8291673477_7.91950109695.png,Adamawa,20-30
11.788392539398007_7.630411836408008_11.8033644608_7.64538375781.png,Adamawa,20-30
11.790966332798009_7.646759758133984_11.8059382542_7.61681591533.png,Adamawa,20-30
11.790966332798009_7.6617316795359764_11.8059382542_7.61681591533.png,Adamawa,20-30
11.799223504896016_7.874585332744024_11.8291673477_7.91950109695.png,Adamawa,20-30
11.799223504896016_7.91950109695_11.8291673477_7.91950109695.png,Adamawa,20-30
11.799223504896016_7.964416861155977_11.8291673477_7.91950109695.png,Adamawa,20-30
11.8033644608_7.675327600613985_11.8033644608_7.64538375781.png,Adamawa,20-30
11.804318628894023_9.434755396116016_11.8492343931_9.46469923892.png,Adamawa,20-30
11.8059382542_7.571900151124024_11.8059382542_7.61681591533.png,Adamawa,20-30
11.8059382542_7.586872072526016_11.8059382542_7.61681591533.png,Adamawa,20-30
11.81377412709241_7.61740008224838_11.8059382542_7.61681591533.png,Adamawa,20-30
11.814195426298008_7.904529175548008_11.8291673477_7.91950109695.png,Adamawa,20-30
11.814195426298008_7.9344730183519925_11.8291673477_7.91950109695.png,Adamawa,20-30
11.814195426298008_7.949444939753985_11.8291673477_7.91950109695.png,Adamawa,20-30
11.814195426298008_7.964416861155977_11.8291673477_7.91950109695.png,Adamawa,20-30
11.815804609093775_7.945859834867025_11.8291673477_7.91950109695.png,Adamawa,20-30
11.818336382201991_7.600467993604024_11.8033644608_7.64538375781.png,Adamawa,20-30
11.818336382201991_7.675327600613985_11.8033644608_7.64538375781.png,Adamawa,20-30
11.819290550296015_9.46469923892_11.8492343931_9.46469923892.png,Adamawa,20-30
11.820721078553877_7.603234141154515_11.8059382542_7.61681591533.png,Adamawa,20-30
11.820910175601993_7.6617316795359764_11.8059382542_7.61681591533.png,Adamawa,20-30
11.833308303603983_7.690299522015977_11.8033644608_7.64538375781.png,Adamawa,20-30
11.833641873194024_8.417993144826015_11.8785576374_8.44793698763.png,Adamawa,20-30
11.833641873194024_8.432965066228007_11.8785576374_8.44793698763.png,Adamawa,20-30
11.834262471698008_9.419783474714023_11.8492343931_9.46469923892.png,Adamawa,20-30
11.835882097003985_7.586872072526016_11.8059382542_7.61681591533.png,Adamawa,20-30
11.835882097003985_7.646759758133984_11.8059382542_7.61681591533.png,Adamawa,20-30
11.848280225005976_7.615439915006016_11.8033644608_7.64538375781.png,Adamawa,20-30
11.848280225005976_7.630411836408008_11.8033644608_7.64538375781.png,Adamawa,20-30
11.848280225005976_7.690299522015977_11.8033644608_7.64538375781.png,Adamawa,20-30
11.848613794596016_8.462908909031992_11.8785576374_8.44793698763.png,Adamawa,20-30
11.8492343931_9.434755396116016_11.8492343931_9.46469923892.png,Adamawa,20-30
11.8492343931_9.46469923892_11.8492343931_9.46469923892.png,Adamawa,20-30
11.8492343931_9.494643081723984_11.8492343931_9.46469923892.png,Adamawa,20-30
11.853374292494024_8.445584620574024_11.8982900567_8.49050038478.png,Adamawa,20-30
11.853374292494024_8.460556541976016_11.8982900567_8.49050038478.png,Adamawa,20-30
11.85625535632352_8.574280365901854_11.899691035899998_8.60117569382.png,Adamawa,20-30
11.857119633900002_9.925113430294024_11.857119633900002_9.9700291945.png,Adamawa,20-30
11.857119633900002_9.940085351696016_11.857119633900002_9.9700291945.png,Adamawa,20-30
11.857119633900002_9.955057273098008_11.857119633900002_9.9700291945.png,Adamawa,20-30
11.857119633900002_9.985001115901992_11.857119633900002_9.9700291945.png,Adamawa,20-30
11.859111190503985_7.889557254146016_11.8291673477_7.91950109695.png,Adamawa,20-30
11.859111190503985_7.904529175548008_11.8291673477_7.91950109695.png,Adamawa,20-30
11.864206314501992_9.434755396116016_11.8492343931_9.46469923892.png,Adamawa,20-30
11.864206314501992_9.46469923892_11.8492343931_9.46469923892.png,Adamawa,20-30
11.868346213896016_8.460556541976016_11.8982900567_8.49050038478.png,Adamawa,20-30
11.868346213896016_8.49050038478_11.8982900567_8.49050038478.png,Adamawa,20-30
11.869747193096014_8.60117569382_11.899691035899998_8.60117569382.png,Adamawa,20-30
11.872260391657854_9.033239333607986_11.8642874349_8.99795946991.png,Adamawa,20-30
11.873720122594024_9.230177492426016_11.9186358868_9.26012133523.png,Adamawa,20-30
11.873720122594024_9.275093256631992_11.9186358868_9.26012133523.png,Adamawa,20-30
11.873961916228312_8.999444967992247_11.8642874349_8.99795946991.png,Adamawa,20-30
11.8785576374_8.403021223424023_11.8785576374_8.44793698763.png,Adamawa,20-30
11.8785576374_8.417993144826015_11.8785576374_8.44793698763.png,Adamawa,20-30
11.8785576374_8.432965066228007_11.8785576374_8.44793698763.png,Adamawa,20-30
11.879178235903984_9.479671160321992_11.8492343931_9.46469923892.png,Adamawa,20-30
11.879259356301992_9.012931391311993_11.8642874349_8.99795946991.png,Adamawa,20-30
11.880514587794025_8.455772972864024_11.925430352000001_8.50068873707.png,Adamawa,20-30
11.880514587794025_8.470744894266016_11.925430352000001_8.50068873707.png,Adamawa,20-30
11.880514587794025_8.485716815668008_11.925430352000001_8.50068873707.png,Adamawa,20-30
11.880514587794025_8.50068873707_11.925430352000001_8.50068873707.png,Adamawa,20-30
11.880514587794025_8.515660658471992_11.925430352000001_8.50068873707.png,Adamawa,20-30
11.880514587794025_8.530632579873984_11.925430352000001_8.50068873707.png,Adamawa,20-30
11.880514587794025_8.545604501275976_11.925430352000001_8.50068873707.png,Adamawa,20-30
11.883318135298008_8.505472306181993_11.8982900567_8.49050038478.png,Adamawa,20-30
11.884719114498006_8.586203772418008_11.899691035899998_8.60117569382.png,Adamawa,20-30
11.887063476703986_9.940085351696016_11.857119633900002_9.9700291945.png,Adamawa,20-30
11.888692043996016_9.215205571024024_11.9186358868_9.26012133523.png,Adamawa,20-30
11.888692043996016_9.26012133523_11.9186358868_9.26012133523.png,Adamawa,20-30
11.888692043996016_9.290065178033984_11.9186358868_9.26012133523.png,Adamawa,20-30
11.890195985096016_8.76261026754_11.9201398279_8.76261026754.png,Adamawa,20-30
11.890195985096016_8.792554110343984_11.9201398279_8.76261026754.png,Adamawa,20-30
11.893529558801992_8.492852751835976_11.8785576374_8.44793698763.png,Adamawa,20-30
11.894150157305976_9.449727317518008_11.8492343931_9.46469923892.png,Adamawa,20-30
11.894150157305976_9.46469923892_11.8492343931_9.46469923892.png,Adamawa,20-30
11.894150157305976_9.479671160321992_11.8492343931_9.46469923892.png,Adamawa,20-30
11.894150157305976_9.509615003125976_11.8492343931_9.46469923892.png,Adamawa,20-30
11.894231277703984_8.953043705704024_11.8642874349_8.99795946991.png,Adamawa,20-30
11.894231277703984_9.012931391311993_11.8642874349_8.99795946991.png,Adamawa,20-30
11.895486509196017_8.455772972864024_11.925430352000001_8.50068873707.png,Adamawa,20-30
11.895486509196017_8.470744894266016_11.925430352000001_8.50068873707.png,Adamawa,20-30
11.895486509196017_8.485716815668008_11.925430352000001_8.50068873707.png,Adamawa,20-30
11.895486509196017_8.50068873707_11.925430352000001_8.50068873707.png,Adamawa,20-30
11.895486509196017_8.515660658471992_11.925430352000001_8.50068873707.png,Adamawa,20-30
11.895486509196017_8.530632579873984_11.925430352000001_8.50068873707.png,Adamawa,20-30
11.895486509196017_8.545604501275976_11.925430352000001_8.50068873707.png,Adamawa,20-30
11.8982900567_8.445584620574024_11.8982900567_8.49050038478.png,Adamawa,20-30
11.8982900567_8.520444227583985_11.8982900567_8.49050038478.png,Adamawa,20-30
11.899691035899998_8.60117569382_11.899691035899998_8.60117569382.png,Adamawa,20-30
11.903663965398009_9.245149413828008_11.9186358868_9.26012133523.png,Adamawa,20-30
11.905167906498008_8.717694503334023_11.9201398279_8.76261026754.png,Adamawa,20-30
11.905167906498008_8.747638346138007_11.9201398279_8.76261026754.png,Adamawa,20-30
11.905167906498008_8.76261026754_11.9201398279_8.76261026754.png,Adamawa,20-30
11.905167906498008_8.807526031745976_11.9201398279_8.76261026754.png,Adamawa,20-30
11.906310777064272_9.249609518085695_11.9186358868_9.26012133523.png,Adamawa,20-30
11.908501480203984_8.403021223424023_11.8785576374_8.44793698763.png,Adamawa,20-30
11.908501480203984_8.417993144826015_11.8785576374_8.44793698763.png,Adamawa,20-30
11.908501480203984_8.477880830433984_11.8785576374_8.44793698763.png,Adamawa,20-30
11.908501480203984_8.492852751835976_11.8785576374_8.44793698763.png,Adamawa,20-30
11.909203199105976_8.968015627106016_11.8642874349_8.99795946991.png,Adamawa,20-30
11.909203199105976_8.982987548508008_11.8642874349_8.99795946991.png,Adamawa,20-30
11.909203199105976_8.99795946991_11.8642874349_8.99795946991.png,Adamawa,20-30
11.909203199105976_9.027903312713985_11.8642874349_8.99795946991.png,Adamawa,20-30
11.910458430598009_8.455772972864024_11.925430352000001_8.50068873707.png,Adamawa,20-30
11.910458430598009_8.470744894266016_11.925430352000001_8.50068873707.png,Adamawa,20-30
11.910458430598009_8.485716815668008_11.925430352000001_8.50068873707.png,Adamawa,20-30
11.910458430598009_8.50068873707_11.925430352000001_8.50068873707.png,Adamawa,20-30
11.910458430598009_8.515660658471992_11.925430352000001_8.50068873707.png,Adamawa,20-30
11.910458430598009_8.530632579873984_11.925430352000001_8.50068873707.png,Adamawa,20-30
11.910458430598009_8.545604501275976_11.925430352000001_8.50068873707.png,Adamawa,20-30
11.913261978101993_8.475528463378009_11.8982900567_8.49050038478.png,Adamawa,20-30
11.913261978101993_8.520444227583985_11.8982900567_8.49050038478.png,Adamawa,20-30
11.91466295730199_8.556259929614024_11.899691035899998_8.60117569382.png,Adamawa,20-30
11.91466295730199_8.571231851016016_11.899691035899998_8.60117569382.png,Adamawa,20-30
11.91466295730199_8.616147615221992_11.899691035899998_8.60117569382.png,Adamawa,20-30
11.91466295730199_8.631119536623984_11.899691035899998_8.60117569382.png,Adamawa,20-30
11.918142573011272_8.562562896848233_11.899691035899998_8.60117569382.png,Adamawa,20-30
11.923473401605976_8.417993144826015_11.8785576374_8.44793698763.png,Adamawa,20-30
11.925430352000001_8.455772972864024_11.925430352000001_8.50068873707.png,Adamawa,20-30
11.925430352000001_8.470744894266016_11.925430352000001_8.50068873707.png,Adamawa,20-30
11.925430352000001_8.485716815668008_11.925430352000001_8.50068873707.png,Adamawa,20-30
11.925430352000001_8.50068873707_11.925430352000001_8.50068873707.png,Adamawa,20-30
11.925430352000001_8.515660658471992_11.925430352000001_8.50068873707.png,Adamawa,20-30
11.925430352000001_8.530632579873984_11.925430352000001_8.50068873707.png,Adamawa,20-30
11.925430352000001_8.545604501275976_11.925430352000001_8.50068873707.png,Adamawa,20-30
11.925532518594023_8.555682039814023_11.9704482828_8.60059780402.png,Adamawa,20-30
11.925532518594023_8.570653961216015_11.9704482828_8.60059780402.png,Adamawa,20-30
11.925532518594023_8.585625882618007_11.9704482828_8.60059780402.png,Adamawa,20-30
11.925532518594023_8.60059780402_11.9704482828_8.60059780402.png,Adamawa,20-30
11.925532518594023_8.615569725421992_11.9704482828_8.60059780402.png,Adamawa,20-30
11.925532518594023_8.630541646823984_11.9704482828_8.60059780402.png,Adamawa,20-30
11.925532518594023_8.645513568225976_11.9704482828_8.60059780402.png,Adamawa,20-30
11.928233899503985_8.460556541976016_11.8982900567_8.49050038478.png,Adamawa,20-30
11.929111372939682_8.575293336517925_11.9704482828_8.60059780402.png,Adamawa,20-30
11.929414254081395_9.302582462268308_11.9186358868_9.26012133523.png,Adamawa,20-30
11.929634878703983_8.616147615221992_11.899691035899998_8.60117569382.png,Adamawa,20-30
11.929634878703983_8.631119536623984_11.899691035899998_8.60117569382.png,Adamawa,20-30
11.933607808201993_9.245149413828008_11.9186358868_9.26012133523.png,Adamawa,20-30
11.933607808201993_9.305037099435976_11.9186358868_9.26012133523.png,Adamawa,20-30
11.933986220394024_9.189947966048008_11.9789019846_9.20491988745.png,Adamawa,20-30
11.933986220394024_9.20491988745_11.9789019846_9.20491988745.png,Adamawa,20-30
11.933986220394024_9.219891808851992_11.9789019846_9.20491988745.png,Adamawa,20-30
11.935111749301992_8.717694503334023_11.9201398279_8.76261026754.png,Adamawa,20-30
11.935111749301992_8.747638346138007_11.9201398279_8.76261026754.png,Adamawa,20-30
11.935111749301992_8.777582188941992_11.9201398279_8.76261026754.png,Adamawa,20-30
11.935111749301992_8.792554110343984_11.9201398279_8.76261026754.png,Adamawa,20-30
11.940402273401993_8.455772972864024_11.925430352000001_8.50068873707.png,Adamawa,20-30
11.940402273401993_8.470744894266016_11.925430352000001_8.50068873707.png,Adamawa,20-30
11.940402273401993_8.485716815668008_11.925430352000001_8.50068873707.png,Adamawa,20-30
11.940402273401993_8.50068873707_11.925430352000001_8.50068873707.png,Adamawa,20-30
11.940402273401993_8.515660658471992_11.925430352000001_8.50068873707.png,Adamawa,20-30
11.940402273401993_8.530632579873984_11.925430352000001_8.50068873707.png,Adamawa,20-30
11.940402273401993_8.545604501275976_11.925430352000001_8.50068873707.png,Adamawa,20-30
11.940504439996015_8.555682039814023_11.9704482828_8.60059780402.png,Adamawa,20-30
11.940504439996015_8.570653961216015_11.9704482828_8.60059780402.png,Adamawa,20-30
11.940504439996015_8.585625882618007_11.9704482828_8.60059780402.png,Adamawa,20-30
11.940504439996015_8.60059780402_11.9704482828_8.60059780402.png,Adamawa,20-30
11.940504439996015_8.615569725421992_11.9704482828_8.60059780402.png,Adamawa,20-30
11.940504439996015_8.630541646823984_11.9704482828_8.60059780402.png,Adamawa,20-30
11.940504439996015_8.645513568225976_11.9704482828_8.60059780402.png,Adamawa,20-30
11.942840314594024_8.484850843144024_11.9877560788_8.52976660735.png,Adamawa,20-30
11.942840314594024_8.499822764546016_11.9877560788_8.52976660735.png,Adamawa,20-30
11.942840314594024_8.514794685948008_11.9877560788_8.52976660735.png,Adamawa,20-30
11.942840314594024_8.52976660735_11.9877560788_8.52976660735.png,Adamawa,20-30
11.942840314594024_8.544738528751992_11.9877560788_8.52976660735.png,Adamawa,20-30
11.942840314594024_8.559710450153984_11.9877560788_8.52976660735.png,Adamawa,20-30
11.942840314594024_8.574682371555976_11.9877560788_8.52976660735.png,Adamawa,20-30
11.943205820905977_8.475528463378009_11.8982900567_8.49050038478.png,Adamawa,20-30
11.943205820905977_8.505472306181993_11.8982900567_8.49050038478.png,Adamawa,20-30
11.944606800105975_8.571231851016016_11.899691035899998_8.60117569382.png,Adamawa,20-30
11.944606800105975_8.60117569382_11.899691035899998_8.60117569382.png,Adamawa,20-30
11.945210269910001_8.489786734671407_11.925430352000001_8.50068873707.png,Adamawa,20-30
11.948579729603985_9.290065178033984_11.9186358868_9.26012133523.png,Adamawa,20-30
11.948579729603985_9.305037099435976_11.9186358868_9.26012133523.png,Adamawa,20-30
11.948958141796016_9.174976044646016_11.9789019846_9.20491988745.png,Adamawa,20-30
11.948958141796016_9.234863730253984_11.9789019846_9.20491988745.png,Adamawa,20-30
11.955374194803985_8.455772972864024_11.925430352000001_8.50068873707.png,Adamawa,20-30
11.955374194803985_8.470744894266016_11.925430352000001_8.50068873707.png,Adamawa,20-30
11.955374194803985_8.485716815668008_11.925430352000001_8.50068873707.png,Adamawa,20-30
11.955374194803985_8.50068873707_11.925430352000001_8.50068873707.png,Adamawa,20-30
11.955374194803985_8.515660658471992_11.925430352000001_8.50068873707.png,Adamawa,20-30
11.955374194803985_8.530632579873984_11.925430352000001_8.50068873707.png,Adamawa,20-30
11.955374194803985_8.545604501275976_11.925430352000001_8.50068873707.png,Adamawa,20-30
11.955476361398008_8.555682039814023_11.9704482828_8.60059780402.png,Adamawa,20-30
11.955476361398008_8.570653961216015_11.9704482828_8.60059780402.png,Adamawa,20-30
11.955476361398008_8.585625882618007_11.9704482828_8.60059780402.png,Adamawa,20-30
11.955476361398008_8.60059780402_11.9704482828_8.60059780402.png,Adamawa,20-30
11.955476361398008_8.615569725421992_11.9704482828_8.60059780402.png,Adamawa,20-30
11.955476361398008_8.630541646823984_11.9704482828_8.60059780402.png,Adamawa,20-30
11.955476361398008_8.645513568225976_11.9704482828_8.60059780402.png,Adamawa,20-30
11.957812235996016_8.484850843144024_11.9877560788_8.52976660735.png,Adamawa,20-30
11.957812235996016_8.499822764546016_11.9877560788_8.52976660735.png,Adamawa,20-30
11.957812235996016_8.514794685948008_11.9877560788_8.52976660735.png,Adamawa,20-30
11.957812235996016_8.52976660735_11.9877560788_8.52976660735.png,Adamawa,20-30
11.957812235996016_8.544738528751992_11.9877560788_8.52976660735.png,Adamawa,20-30
11.957812235996016_8.559710450153984_11.9877560788_8.52976660735.png,Adamawa,20-30
11.957812235996016_8.574682371555976_11.9877560788_8.52976660735.png,Adamawa,20-30
11.963551651005977_9.245149413828008_11.9186358868_9.26012133523.png,Adamawa,20-30
11.963551651005977_9.275093256631992_11.9186358868_9.26012133523.png,Adamawa,20-30
11.964806970280463_8.509095491505587_11.925430352000001_8.50068873707.png,Adamawa,20-30
11.965055592105976_8.717694503334023_11.9201398279_8.76261026754.png,Adamawa,20-30
11.965055592105976_8.732666424736015_11.9201398279_8.76261026754.png,Adamawa,20-30
11.965055592105976_8.747638346138007_11.9201398279_8.76261026754.png,Adamawa,20-30
11.970346116205977_8.455772972864024_11.925430352000001_8.50068873707.png,Adamawa,20-30
11.970346116205977_8.470744894266016_11.925430352000001_8.50068873707.png,Adamawa,20-30
11.970346116205977_8.485716815668008_11.925430352000001_8.50068873707.png,Adamawa,20-30
11.970346116205977_8.50068873707_11.925430352000001_8.50068873707.png,Adamawa,20-30
11.970346116205977_8.515660658471992_11.925430352000001_8.50068873707.png,Adamawa,20-30
11.970346116205977_8.530632579873984_11.925430352000001_8.50068873707.png,Adamawa,20-30
11.970346116205977_8.545604501275976_11.925430352000001_8.50068873707.png,Adamawa,20-30
11.9704482828_8.555682039814023_11.9704482828_8.60059780402.png,Adamawa,20-30
11.9704482828_8.570653961216015_11.9704482828_8.60059780402.png,Adamawa,20-30
11.9704482828_8.585625882618007_11.9704482828_8.60059780402.png,Adamawa,20-30
11.9704482828_8.60059780402_11.9704482828_8.60059780402.png,Adamawa,20-30
11.9704482828_8.615569725421992_11.9704482828_8.60059780402.png,Adamawa,20-30
11.9704482828_8.630541646823984_11.9704482828_8.60059780402.png,Adamawa,20-30
11.9704482828_8.645513568225976_11.9704482828_8.60059780402.png,Adamawa,20-30
11.972784157398008_8.484850843144024_11.9877560788_8.52976660735.png,Adamawa,20-30
11.972784157398008_8.499822764546016_11.9877560788_8.52976660735.png,Adamawa,20-30
11.972784157398008_8.514794685948008_11.9877560788_8.52976660735.png,Adamawa,20-30
11.972784157398008_8.52976660735_11.9877560788_8.52976660735.png,Adamawa,20-30
11.972784157398008_8.544738528751992_11.9877560788_8.52976660735.png,Adamawa,20-30
11.972784157398008_8.559710450153984_11.9877560788_8.52976660735.png,Adamawa,20-30
11.972784157398008_8.574682371555976_11.9877560788_8.52976660735.png,Adamawa,20-30
11.97316943612377_8.613528397386757_11.9704482828_8.60059780402.png,Adamawa,20-30
11.9789019846_9.249835651655976_11.9789019846_9.20491988745.png,Adamawa,20-30
11.985420204201992_8.555682039814023_11.9704482828_8.60059780402.png,Adamawa,20-30
11.985420204201992_8.570653961216015_11.9704482828_8.60059780402.png,Adamawa,20-30
11.985420204201992_8.585625882618007_11.9704482828_8.60059780402.png,Adamawa,20-30
11.985420204201992_8.60059780402_11.9704482828_8.60059780402.png,Adamawa,20-30
11.985420204201992_8.615569725421992_11.9704482828_8.60059780402.png,Adamawa,20-30
11.985420204201992_8.630541646823984_11.9704482828_8.60059780402.png,Adamawa,20-30
11.985420204201992_8.645513568225976_11.9704482828_8.60059780402.png,Adamawa,20-30
11.9877560788_8.484850843144024_11.9877560788_8.52976660735.png,Adamawa,20-30
11.9877560788_8.499822764546016_11.9877560788_8.52976660735.png,Adamawa,20-30
11.9877560788_8.514794685948008_11.9877560788_8.52976660735.png,Adamawa,20-30
11.9877560788_8.52976660735_11.9877560788_8.52976660735.png,Adamawa,20-30
11.9877560788_8.544738528751992_11.9877560788_8.52976660735.png,Adamawa,20-30
11.9877560788_8.559710450153984_11.9877560788_8.52976660735.png,Adamawa,20-30
11.9877560788_8.574682371555976_11.9877560788_8.52976660735.png,Adamawa,20-30
11.989962962013909_8.517650085114575_11.9877560788_8.52976660735.png,Adamawa,20-30
11.993873906001992_9.160004123244024_11.9789019846_9.20491988745.png,Adamawa,20-30
11.993873906001992_9.174976044646016_11.9789019846_9.20491988745.png,Adamawa,20-30
11.993873906001992_9.234863730253984_11.9789019846_9.20491988745.png,Adamawa,20-30
12.000392125603984_8.555682039814023_11.9704482828_8.60059780402.png,Adamawa,20-30
12.000392125603984_8.570653961216015_11.9704482828_8.60059780402.png,Adamawa,20-30
12.000392125603984_8.585625882618007_11.9704482828_8.60059780402.png,Adamawa,20-30
12.000392125603984_8.60059780402_11.9704482828_8.60059780402.png,Adamawa,20-30
12.000392125603984_8.615569725421992_11.9704482828_8.60059780402.png,Adamawa,20-30
12.000392125603984_8.630541646823984_11.9704482828_8.60059780402.png,Adamawa,20-30
12.000392125603984_8.645513568225976_11.9704482828_8.60059780402.png,Adamawa,20-30
12.002728000201992_8.484850843144024_11.9877560788_8.52976660735.png,Adamawa,20-30
12.002728000201992_8.499822764546016_11.9877560788_8.52976660735.png,Adamawa,20-30
12.002728000201992_8.514794685948008_11.9877560788_8.52976660735.png,Adamawa,20-30
12.002728000201992_8.52976660735_11.9877560788_8.52976660735.png,Adamawa,20-30
12.002728000201992_8.544738528751992_11.9877560788_8.52976660735.png,Adamawa,20-30
12.002728000201992_8.559710450153984_11.9877560788_8.52976660735.png,Adamawa,20-30
12.002728000201992_8.574682371555976_11.9877560788_8.52976660735.png,Adamawa,20-30
12.003015043694024_8.441514045466016_12.0479308079_8.47145788827.png,Adamawa,20-30
12.008845827403984_9.189947966048008_11.9789019846_9.20491988745.png,Adamawa,20-30
12.015364047005976_8.555682039814023_11.9704482828_8.60059780402.png,Adamawa,20-30
12.015364047005976_8.570653961216015_11.9704482828_8.60059780402.png,Adamawa,20-30
12.015364047005976_8.585625882618007_11.9704482828_8.60059780402.png,Adamawa,20-30
12.015364047005976_8.60059780402_11.9704482828_8.60059780402.png,Adamawa,20-30
12.015364047005976_8.615569725421992_11.9704482828_8.60059780402.png,Adamawa,20-30
12.015364047005976_8.630541646823984_11.9704482828_8.60059780402.png,Adamawa,20-30
12.015364047005976_8.645513568225976_11.9704482828_8.60059780402.png,Adamawa,20-30
12.017699921603985_8.484850843144024_11.9877560788_8.52976660735.png,Adamawa,20-30
12.017699921603985_8.499822764546016_11.9877560788_8.52976660735.png,Adamawa,20-30
12.017699921603985_8.514794685948008_11.9877560788_8.52976660735.png,Adamawa,20-30
12.017699921603985_8.52976660735_11.9877560788_8.52976660735.png,Adamawa,20-30
12.017699921603985_8.544738528751992_11.9877560788_8.52976660735.png,Adamawa,20-30
12.017699921603985_8.559710450153984_11.9877560788_8.52976660735.png,Adamawa,20-30
12.017699921603985_8.574682371555976_11.9877560788_8.52976660735.png,Adamawa,20-30
12.023248329393471_8.44021261179332_12.0479308079_8.47145788827.png,Adamawa,20-30
12.023817748805977_9.20491988745_11.9789019846_9.20491988745.png,Adamawa,20-30
12.023817748805977_9.234863730253984_11.9789019846_9.20491988745.png,Adamawa,20-30
12.0246471958224_8.529025822956292_11.9877560788_8.52976660735.png,Adamawa,20-30
12.032671843005977_8.484850843144024_11.9877560788_8.52976660735.png,Adamawa,20-30
12.032671843005977_8.499822764546016_11.9877560788_8.52976660735.png,Adamawa,20-30
12.032671843005977_8.514794685948008_11.9877560788_8.52976660735.png,Adamawa,20-30
12.032671843005977_8.52976660735_11.9877560788_8.52976660735.png,Adamawa,20-30
12.032671843005977_8.544738528751992_11.9877560788_8.52976660735.png,Adamawa,20-30
12.032671843005977_8.559710450153984_11.9877560788_8.52976660735.png,Adamawa,20-30
12.032671843005977_8.574682371555976_11.9877560788_8.52976660735.png,Adamawa,20-30
12.032958886498008_8.441514045466016_12.0479308079_8.47145788827.png,Adamawa,20-30
12.0479308079_8.426542124064024_12.0479308079_8.47145788827.png,Adamawa,20-30
12.0479308079_8.456485966868009_12.0479308079_8.47145788827.png,Adamawa,20-30
12.0479308079_8.47145788827_12.0479308079_8.47145788827.png,Adamawa,20-30
12.049567331296016_10.025559900996015_12.0795111741_10.0555037438.png,Adamawa,20-30
12.051672124296017_7.376078951934024_12.081615967100001_7.42099471614.png,Adamawa,20-30
12.051672124296017_7.406022794738008_12.081615967100001_7.42099471614.png,Adamawa,20-30
12.051672124296017_7.42099471614_12.081615967100001_7.42099471614.png,Adamawa,20-30
12.061004738505023_8.48497513299829_12.0479308079_8.47145788827.png,Adamawa,20-30
12.062902729301992_8.516373652475977_12.0479308079_8.47145788827.png,Adamawa,20-30
12.064539252698008_10.010587979594023_12.0795111741_10.0555037438.png,Adamawa,20-30
12.066644045698009_7.376078951934024_12.081615967100001_7.42099471614.png,Adamawa,20-30
12.077874650703984_8.486429809671993_12.0479308079_8.47145788827.png,Adamawa,20-30
12.077874650703984_8.516373652475977_12.0479308079_8.47145788827.png,Adamawa,20-30
12.081615967100001_7.391050873336016_12.081615967100001_7.42099471614.png,Adamawa,20-30
12.092846572105977_8.426542124064024_12.0479308079_8.47145788827.png,Adamawa,20-30
12.092846572105977_8.441514045466016_12.0479308079_8.47145788827.png,Adamawa,20-30
12.092846572105977_8.486429809671993_12.0479308079_8.47145788827.png,Adamawa,20-30
12.096587888501993_7.391050873336016_12.081615967100001_7.42099471614.png,Adamawa,20-30
12.096587888501993_7.42099471614_12.081615967100001_7.42099471614.png,Adamawa,20-30
12.103410459494022_8.367069765930001_12.148326223699998_8.367069765930001.png,Adamawa,20-30
12.111559809903985_7.376078951934024_12.081615967100001_7.42099471614.png,Adamawa,20-30
12.111559809903985_7.391050873336016_12.081615967100001_7.42099471614.png,Adamawa,20-30
12.111559809903985_7.406022794738008_12.081615967100001_7.42099471614.png,Adamawa,20-30
12.111559809903985_7.42099471614_12.081615967100001_7.42099471614.png,Adamawa,20-30
12.118382380896014_8.411985530135977_12.148326223699998_8.367069765930001.png,Adamawa,20-30
12.124426938305977_10.010587979594023_12.0795111741_10.0555037438.png,Adamawa,20-30
12.124426938305977_10.025559900996015_12.0795111741_10.0555037438.png,Adamawa,20-30
12.124426938305977_10.085447586603983_12.0795111741_10.0555037438.png,Adamawa,20-30
12.126531731305978_7.42099471614_12.081615967100001_7.42099471614.png,Adamawa,20-30
12.126531731305978_7.450938558943984_12.081615967100001_7.42099471614.png,Adamawa,20-30
12.133354302298006_8.322154001724025_12.148326223699998_8.367069765930001.png,Adamawa,20-30
12.133354302298006_8.382041687331993_12.148326223699998_8.367069765930001.png,Adamawa,20-30
12.133354302298006_8.411985530135977_12.148326223699998_8.367069765930001.png,Adamawa,20-30
12.148326223699998_8.322154001724025_12.148326223699998_8.367069765930001.png,Adamawa,20-30
12.148326223699998_8.352097844528009_12.148326223699998_8.367069765930001.png,Adamawa,20-30
12.148326223699998_8.411985530135977_12.148326223699998_8.367069765930001.png,Adamawa,20-30
12.16329814510199_8.367069765930001_12.148326223699998_8.367069765930001.png,Adamawa,20-30
12.170852406994022_8.223871075138007_12.215768171199999_8.238842996539999.png,Adamawa,20-30
12.178270066503982_8.352097844528009_12.148326223699998_8.367069765930001.png,Adamawa,20-30
12.185824328396015_8.193927232334023_12.215768171199999_8.238842996539999.png,Adamawa,20-30
12.193241987905974_8.352097844528009_12.148326223699998_8.367069765930001.png,Adamawa,20-30
12.193241987905974_8.382041687331993_12.148326223699998_8.367069765930001.png,Adamawa,20-30
12.200796249798007_8.193927232334023_12.215768171199999_8.238842996539999.png,Adamawa,20-30
12.200796249798007_8.253814917941991_12.215768171199999_8.238842996539999.png,Adamawa,20-30
12.207884845194025_7.634112949091992_12.252800609400001_7.61914102769.png,Adamawa,20-30
12.207884845194025_7.664056791895976_12.252800609400001_7.61914102769.png,Adamawa,20-30
12.215768171199999_8.253814917941991_12.215768171199999_8.238842996539999.png,Adamawa,20-30
12.222856766596017_7.61914102769_12.252800609400001_7.61914102769.png,Adamawa,20-30
12.222856766596017_7.634112949091992_12.252800609400001_7.61914102769.png,Adamawa,20-30
12.230740092601991_8.193927232334023_12.215768171199999_8.238842996539999.png,Adamawa,20-30
12.230740092601991_8.223871075138007_12.215768171199999_8.238842996539999.png,Adamawa,20-30
12.230740092601991_8.238842996539999_12.215768171199999_8.238842996539999.png,Adamawa,20-30
12.23782868799801_7.634112949091992_12.252800609400001_7.61914102769.png,Adamawa,20-30
12.242254483294024_9.762142519405977_12.2871702475_9.7172267552.png,Adamawa,20-30
12.245712014003983_8.193927232334023_12.215768171199999_8.238842996539999.png,Adamawa,20-30
12.245712014003983_8.238842996539999_12.215768171199999_8.238842996539999.png,Adamawa,20-30
12.252800609400001_7.574225263484023_12.252800609400001_7.61914102769.png,Adamawa,20-30
12.252800609400001_7.6041691062880075_12.252800609400001_7.61914102769.png,Adamawa,20-30
12.252800609400001_7.649084870493984_12.252800609400001_7.61914102769.png,Adamawa,20-30
12.257226404696016_9.687282912396016_12.2871702475_9.7172267552.png,Adamawa,20-30
12.257226404696016_9.702254833798008_12.2871702475_9.7172267552.png,Adamawa,20-30
12.260683935405975_8.238842996539999_12.215768171199999_8.238842996539999.png,Adamawa,20-30
12.260683935405975_8.283758760745975_12.215768171199999_8.238842996539999.png,Adamawa,20-30
12.267772530801993_7.589197184886015_12.252800609400001_7.61914102769.png,Adamawa,20-30
12.282744452203985_7.634112949091992_12.252800609400001_7.61914102769.png,Adamawa,20-30
12.2871702475_9.672310990994024_12.2871702475_9.7172267552.png,Adamawa,20-30
12.2871702475_9.7172267552_12.2871702475_9.7172267552.png,Adamawa,20-30
12.2871702475_9.732198676601993_12.2871702475_9.7172267552.png,Adamawa,20-30
12.292173756994023_7.313746740396017_12.3370895212_7.343690583200001.png,Adamawa,20-30
12.296762752494024_9.600797559534023_12.3416785167_9.645713323739999.png,Adamawa,20-30
12.296762752494024_9.675657166543983_12.3416785167_9.645713323739999.png,Adamawa,20-30
12.297716373605978_7.61914102769_12.252800609400001_7.61914102769.png,Adamawa,20-30
12.297716373605978_7.634112949091992_12.252800609400001_7.61914102769.png,Adamawa,20-30
12.297716373605978_7.664056791895976_12.252800609400001_7.61914102769.png,Adamawa,20-30
12.302142168901993_9.747170598003985_12.2871702475_9.7172267552.png,Adamawa,20-30
12.302142168901993_9.762142519405977_12.2871702475_9.7172267552.png,Adamawa,20-30
12.305659246322685_9.646526234817971_12.3416785167_9.645713323739999.png,Adamawa,20-30
12.307145678396015_7.358662504601993_12.3370895212_7.343690583200001.png,Adamawa,20-30
12.307145678396015_7.373634426003985_12.3370895212_7.343690583200001.png,Adamawa,20-30
12.307145678396015_7.388606347405977_12.3370895212_7.343690583200001.png,Adamawa,20-30
12.311734673896016_9.600797559534023_12.3416785167_9.645713323739999.png,Adamawa,20-30
12.311734673896016_9.645713323739999_12.3416785167_9.645713323739999.png,Adamawa,20-30
12.311734673896016_9.675657166543983_12.3416785167_9.645713323739999.png,Adamawa,20-30
12.311734673896016_9.690629087945975_12.3416785167_9.645713323739999.png,Adamawa,20-30
12.317114090303985_9.687282912396016_12.2871702475_9.7172267552.png,Adamawa,20-30
12.317114090303985_9.7172267552_12.2871702475_9.7172267552.png,Adamawa,20-30
12.317114090303985_9.762142519405977_12.2871702475_9.7172267552.png,Adamawa,20-30
12.326706595298008_9.675657166543983_12.3416785167_9.645713323739999.png,Adamawa,20-30
12.332086011705977_9.762142519405977_12.2871702475_9.7172267552.png,Adamawa,20-30
12.3370895212_7.373634426003985_12.3370895212_7.343690583200001.png,Adamawa,20-30
12.345940306889343_9.602788788975479_12.3416785167_9.645713323739999.png,Adamawa,20-30
12.352061442601991_7.2987748189940245_12.3370895212_7.343690583200001.png,Adamawa,20-30
12.352061442601991_7.358662504601993_12.3370895212_7.343690583200001.png,Adamawa,20-30
12.352061442601991_7.373634426003985_12.3370895212_7.343690583200001.png,Adamawa,20-30
12.352061442601991_7.388606347405977_12.3370895212_7.343690583200001.png,Adamawa,20-30
12.355303608594024_7.382476396656017_12.4002193728_7.412420239460001.png,Adamawa,20-30
12.355303608594024_7.397448318058009_12.4002193728_7.412420239460001.png,Adamawa,20-30
12.367033364003984_7.2987748189940245_12.3370895212_7.343690583200001.png,Adamawa,20-30
12.367033364003984_7.358662504601993_12.3370895212_7.343690583200001.png,Adamawa,20-30
12.367033364003984_7.388606347405977_12.3370895212_7.343690583200001.png,Adamawa,20-30
12.370275529996016_7.382476396656017_12.4002193728_7.412420239460001.png,Adamawa,20-30
12.370275529996016_7.442364082263985_12.4002193728_7.412420239460001.png,Adamawa,20-30
12.371622359503984_9.630741402338007_12.3416785167_9.645713323739999.png,Adamawa,20-30
12.371622359503984_9.675657166543983_12.3416785167_9.645713323739999.png,Adamawa,20-30
12.382005285405976_7.2987748189940245_12.3370895212_7.343690583200001.png,Adamawa,20-30
12.385247451398008_7.4573360036659775_12.4002193728_7.412420239460001.png,Adamawa,20-30
12.386594280905976_9.600797559534023_12.3416785167_9.645713323739999.png,Adamawa,20-30
12.386594280905976_9.675657166543983_12.3416785167_9.645713323739999.png,Adamawa,20-30
12.393150932194025_9.987365500194024_12.438066696400002_10.0322812644.png,Adamawa,20-30
12.4002193728_7.412420239460001_12.4002193728_7.412420239460001.png,Adamawa,20-30
12.4002193728_7.427392160861993_12.4002193728_7.412420239460001.png,Adamawa,20-30
12.400550737394024_7.491147889189999_12.4454665016_7.491147889189999.png,Adamawa,20-30
12.408122853596018_10.047253185801992_12.438066696400002_10.0322812644.png,Adamawa,20-30
12.408122853596018_10.062225107203984_12.438066696400002_10.0322812644.png,Adamawa,20-30
12.415191294201993_7.442364082263985_12.4002193728_7.412420239460001.png,Adamawa,20-30
12.415522658796016_7.446232124984022_12.4454665016_7.491147889189999.png,Adamawa,20-30
12.415522658796016_7.476175967788007_12.4454665016_7.491147889189999.png,Adamawa,20-30
12.415522658796016_7.491147889189999_12.4454665016_7.491147889189999.png,Adamawa,20-30
12.415522658796016_7.506119810591991_12.4454665016_7.491147889189999.png,Adamawa,20-30
12.415522658796016_7.521091731993983_12.4454665016_7.491147889189999.png,Adamawa,20-30
12.415522658796016_7.536063653395975_12.4454665016_7.491147889189999.png,Adamawa,20-30
12.42309477499801_10.017309342998008_12.438066696400002_10.0322812644.png,Adamawa,20-30
12.430163215603985_7.397448318058009_12.4002193728_7.412420239460001.png,Adamawa,20-30
12.430163215603985_7.412420239460001_12.4002193728_7.412420239460001.png,Adamawa,20-30
12.430163215603985_7.4573360036659775_12.4002193728_7.412420239460001.png,Adamawa,20-30
12.430494580198008_7.506119810591991_12.4454665016_7.491147889189999.png,Adamawa,20-30
12.436176991294023_8.115736713164024_12.481092755499999_8.16065247737.png,Adamawa,20-30
12.436176991294023_8.130708634566016_12.481092755499999_8.16065247737.png,Adamawa,20-30
12.438066696400002_10.002337421596016_12.438066696400002_10.0322812644.png,Adamawa,20-30
12.438066696400002_10.062225107203984_12.438066696400002_10.0322812644.png,Adamawa,20-30
12.438066696400002_10.077197028605976_12.438066696400002_10.0322812644.png,Adamawa,20-30
12.445135137005977_7.397448318058009_12.4002193728_7.412420239460001.png,Adamawa,20-30
12.4454665016_7.521091731993983_12.4454665016_7.491147889189999.png,Adamawa,20-30
12.451148912696015_8.175624398771992_12.481092755499999_8.16065247737.png,Adamawa,20-30
12.453038617801994_10.062225107203984_12.438066696400002_10.0322812644.png,Adamawa,20-30
12.460438423001992_7.4612040463860145_12.4454665016_7.491147889189999.png,Adamawa,20-30
12.460438423001992_7.491147889189999_12.4454665016_7.491147889189999.png,Adamawa,20-30
12.466120834098007_8.130708634566016_12.481092755499999_8.16065247737.png,Adamawa,20-30
12.466120834098007_8.190596320173984_12.481092755499999_8.16065247737.png,Adamawa,20-30
12.468010539203986_9.987365500194024_12.438066696400002_10.0322812644.png,Adamawa,20-30
12.475410344403985_7.446232124984022_12.4454665016_7.491147889189999.png,Adamawa,20-30
12.478594646694022_8.505247419764023_12.523510410899998_8.55016318397.png,Adamawa,20-30
12.478594646694022_8.565135105371992_12.523510410899998_8.55016318397.png,Adamawa,20-30
12.478594646694022_8.580107026773984_12.523510410899998_8.55016318397.png,Adamawa,20-30
12.479599732165727_8.522601743371611_12.523510410899998_8.55016318397.png,Adamawa,20-30
12.482982460605978_10.002337421596016_12.438066696400002_10.0322812644.png,Adamawa,20-30
12.482982460605978_10.017309342998008_12.438066696400002_10.0322812644.png,Adamawa,20-30
12.482982460605978_10.047253185801992_12.438066696400002_10.0322812644.png,Adamawa,20-30
12.496064676901991_8.115736713164024_12.481092755499999_8.16065247737.png,Adamawa,20-30
12.496064676901991_8.175624398771992_12.481092755499999_8.16065247737.png,Adamawa,20-30
12.496064676901991_8.190596320173984_12.481092755499999_8.16065247737.png,Adamawa,20-30
12.496064676901991_8.205568241575977_12.481092755499999_8.16065247737.png,Adamawa,20-30
12.508538489498006_8.505247419764023_12.523510410899998_8.55016318397.png,Adamawa,20-30
12.508538489498006_8.55016318397_12.523510410899998_8.55016318397.png,Adamawa,20-30
12.511036598303983_8.115736713164024_12.481092755499999_8.16065247737.png,Adamawa,20-30
12.511036598303983_8.130708634566016_12.481092755499999_8.16065247737.png,Adamawa,20-30
12.517620258394023_8.358700739905977_12.5625360226_8.3137849757.png,Adamawa,20-30
12.521805024257185_8.575188271431214_12.523510410899998_8.55016318397.png,Adamawa,20-30
12.523510410899998_8.505247419764023_12.523510410899998_8.55016318397.png,Adamawa,20-30
12.523510410899998_8.520219341166015_12.523510410899998_8.55016318397.png,Adamawa,20-30
12.523510410899998_8.580107026773984_12.523510410899998_8.55016318397.png,Adamawa,20-30
12.523510410899998_8.595078948175976_12.523510410899998_8.55016318397.png,Adamawa,20-30
12.526008519705975_8.130708634566016_12.481092755499999_8.16065247737.png,Adamawa,20-30
12.526008519705975_8.16065247737_12.481092755499999_8.16065247737.png,Adamawa,20-30
12.532592179796016_8.3137849757_12.5625360226_8.3137849757.png,Adamawa,20-30
12.532592179796016_8.343728818503985_12.5625360226_8.3137849757.png,Adamawa,20-30
12.532592179796016_8.358700739905977_12.5625360226_8.3137849757.png,Adamawa,20-30
12.53848233230199_8.55016318397_12.523510410899998_8.55016318397.png,Adamawa,20-30
12.547564101198008_8.268869211494025_12.5625360226_8.3137849757.png,Adamawa,20-30
12.547564101198008_8.328756897101993_12.5625360226_8.3137849757.png,Adamawa,20-30
12.553454253703983_8.595078948175976_12.523510410899998_8.55016318397.png,Adamawa,20-30
12.561557369928789_8.275089176750983_12.5625360226_8.3137849757.png,Adamawa,20-30
12.5625360226_8.283841132896017_12.5625360226_8.3137849757.png,Adamawa,20-30
12.563576048967038_8.344621796970374_12.5625360226_8.3137849757.png,Adamawa,20-30
12.568426175105975_8.580107026773984_12.523510410899998_8.55016318397.png,Adamawa,20-30
12.577507944001992_8.3137849757_12.5625360226_8.3137849757.png,Adamawa,20-30
12.577507944001992_8.343728818503985_12.5625360226_8.3137849757.png,Adamawa,20-30
12.592479865403984_8.283841132896017_12.5625360226_8.3137849757.png,Adamawa,20-30
12.602666400494025_8.924018124543982_12.647582164700001_8.894074281739998.png,Adamawa,20-30
12.607451786805976_8.328756897101993_12.5625360226_8.3137849757.png,Adamawa,20-30
12.607451786805976_8.343728818503985_12.5625360226_8.3137849757.png,Adamawa,20-30
12.617638321896017_8.90904620314199_12.647582164700001_8.894074281739998.png,Adamawa,20-30
12.626703308342794_8.908417384607597_12.647582164700001_8.894074281739998.png,Adamawa,20-30
12.632610243298009_8.938990045945975_12.647582164700001_8.894074281739998.png,Adamawa,20-30
12.637410763994023_10.393534103196016_12.682326528199999_10.423477946.png,Adamawa,20-30
12.637410763994023_10.408506024598008_12.682326528199999_10.423477946.png,Adamawa,20-30
12.637410763994023_10.423477946_12.682326528199999_10.423477946.png,Adamawa,20-30
12.647582164700001_8.864130438936014_12.647582164700001_8.894074281739998.png,Adamawa,20-30
12.647582164700001_8.924018124543982_12.647582164700001_8.894074281739998.png,Adamawa,20-30
12.652382685396015_10.378562181794024_12.682326528199999_10.423477946.png,Adamawa,20-30
12.653729329794025_8.62238781524_12.698645094000002_8.62238781524.png,Adamawa,20-30
12.653900629496016_7.963192167023983_12.6838444723_7.933248324219999.png,Adamawa,20-30
12.653900629496016_7.9781640884259755_12.6838444723_7.933248324219999.png,Adamawa,20-30
12.661175734594025_8.25431289722_12.706091498800001_8.25431289722.png,Adamawa,20-30
12.662554086101993_8.864130438936014_12.647582164700001_8.894074281739998.png,Adamawa,20-30
12.662554086101993_8.894074281739998_12.647582164700001_8.894074281739998.png,Adamawa,20-30
12.667354606798007_10.393534103196016_12.682326528199999_10.423477946.png,Adamawa,20-30
12.668701251196017_8.577472051034023_12.698645094000002_8.62238781524.png,Adamawa,20-30
12.668701251196017_8.652331658043984_12.698645094000002_8.62238781524.png,Adamawa,20-30
12.668872550898008_7.888332560014023_12.6838444723_7.933248324219999.png,Adamawa,20-30
12.668872550898008_7.918276402818007_12.6838444723_7.933248324219999.png,Adamawa,20-30
12.668872550898008_7.963192167023983_12.6838444723_7.933248324219999.png,Adamawa,20-30
12.676445722594025_7.46485091618_12.721361486800001_7.46485091618.png,Adamawa,20-30
12.676445722594025_7.479822837581992_12.721361486800001_7.46485091618.png,Adamawa,20-30
12.677526007503985_8.849158517534022_12.647582164700001_8.894074281739998.png,Adamawa,20-30
12.677526007503985_8.864130438936014_12.647582164700001_8.894074281739998.png,Adamawa,20-30
12.681904914940697_8.856370123946032_12.647582164700001_8.894074281739998.png,Adamawa,20-30
12.682326528199999_10.468393710205977_12.682326528199999_10.423477946.png,Adamawa,20-30
12.68367317259801_8.592443972436016_12.698645094000002_8.62238781524.png,Adamawa,20-30
12.68367317259801_8.607415893838008_12.698645094000002_8.62238781524.png,Adamawa,20-30
12.6838444723_7.903304481416015_12.6838444723_7.933248324219999.png,Adamawa,20-30
12.6838444723_7.948220245621991_12.6838444723_7.933248324219999.png,Adamawa,20-30
12.691119577398009_8.209397133014024_12.706091498800001_8.25431289722.png,Adamawa,20-30
12.691119577398009_8.269284818621992_12.706091498800001_8.25431289722.png,Adamawa,20-30
12.691417643996017_7.4498789947780075_12.721361486800001_7.46485091618.png,Adamawa,20-30
12.692497928905977_8.864130438936014_12.647582164700001_8.894074281739998.png,Adamawa,20-30
12.692497928905977_8.879102360338006_12.647582164700001_8.894074281739998.png,Adamawa,20-30
12.692497928905977_8.90904620314199_12.647582164700001_8.894074281739998.png,Adamawa,20-30
12.697298449601991_10.408506024598008_12.682326528199999_10.423477946.png,Adamawa,20-30
12.698645094000002_8.592443972436016_12.698645094000002_8.62238781524.png,Adamawa,20-30
12.698816393701993_7.9781640884259755_12.6838444723_7.933248324219999.png,Adamawa,20-30
12.706091498800001_8.209397133014024_12.706091498800001_8.25431289722.png,Adamawa,20-30
12.706091498800001_8.269284818621992_12.706091498800001_8.25431289722.png,Adamawa,20-30
12.706389565398009_7.46485091618_12.721361486800001_7.46485091618.png,Adamawa,20-30
12.706389565398009_7.479822837581992_12.721361486800001_7.46485091618.png,Adamawa,20-30
12.712270371003983_10.408506024598008_12.682326528199999_10.423477946.png,Adamawa,20-30
12.712270371003983_10.423477946_12.682326528199999_10.423477946.png,Adamawa,20-30
12.713617015401994_8.62238781524_12.698645094000002_8.62238781524.png,Adamawa,20-30
12.713617015401994_8.652331658043984_12.698645094000002_8.62238781524.png,Adamawa,20-30
12.713788315103985_7.948220245621991_12.6838444723_7.933248324219999.png,Adamawa,20-30
12.713788315103985_7.9781640884259755_12.6838444723_7.933248324219999.png,Adamawa,20-30
12.721063420201993_8.269284818621992_12.706091498800001_8.25431289722.png,Adamawa,20-30
12.723428251493537_8.293893361908106_12.706091498800001_8.25431289722.png,Adamawa,20-30
12.727242292405975_10.408506024598008_12.682326528199999_10.423477946.png,Adamawa,20-30
12.727242292405975_10.423477946_12.682326528199999_10.423477946.png,Adamawa,20-30
12.727242292405975_10.438449867401992_12.682326528199999_10.423477946.png,Adamawa,20-30
12.728588936803986_8.607415893838008_12.698645094000002_8.62238781524.png,Adamawa,20-30
12.728588936803986_8.62238781524_12.698645094000002_8.62238781524.png,Adamawa,20-30
12.728760236505977_7.918276402818007_12.6838444723_7.933248324219999.png,Adamawa,20-30
12.728760236505977_7.933248324219999_12.6838444723_7.933248324219999.png,Adamawa,20-30
12.728760236505977_7.963192167023983_12.6838444723_7.933248324219999.png,Adamawa,20-30
12.729461589411457_7.462001823882518_12.721361486800001_7.46485091618.png,Adamawa,20-30
12.734495527894024_7.634799895758008_12.7794112921_7.64977181716.png,Adamawa,20-30
12.736035341603985_8.239340975818008_12.706091498800001_8.25431289722.png,Adamawa,20-30
12.736035341603985_8.284256740023984_12.706091498800001_8.25431289722.png,Adamawa,20-30
12.736035341603985_8.299228661425976_12.706091498800001_8.25431289722.png,Adamawa,20-30
12.736333408201993_7.434907073376015_12.721361486800001_7.46485091618.png,Adamawa,20-30
12.736333408201993_7.4498789947780075_12.721361486800001_7.46485091618.png,Adamawa,20-30
12.736333408201993_7.509766680385976_12.721361486800001_7.46485091618.png,Adamawa,20-30
12.743560858205978_8.592443972436016_12.698645094000002_8.62238781524.png,Adamawa,20-30
12.743560858205978_8.652331658043984_12.698645094000002_8.62238781524.png,Adamawa,20-30
12.743560858205978_8.667303579445976_12.698645094000002_8.62238781524.png,Adamawa,20-30
12.747152271215688_8.281151274494956_12.706091498800001_8.25431289722.png,Adamawa,20-30
12.749467449296016_7.604856052954024_12.7794112921_7.64977181716.png,Adamawa,20-30
12.749467449296016_7.619827974356016_12.7794112921_7.64977181716.png,Adamawa,20-30
12.749467449296016_7.679715659963985_12.7794112921_7.64977181716.png,Adamawa,20-30
12.751007263005977_8.25431289722_12.706091498800001_8.25431289722.png,Adamawa,20-30
12.751007263005977_8.284256740023984_12.706091498800001_8.25431289722.png,Adamawa,20-30
12.751305329603985_7.434907073376015_12.721361486800001_7.46485091618.png,Adamawa,20-30
12.751305329603985_7.46485091618_12.721361486800001_7.46485091618.png,Adamawa,20-30
12.751305329603985_7.479822837581992_12.721361486800001_7.46485091618.png,Adamawa,20-30
12.751305329603985_7.494794758983984_12.721361486800001_7.46485091618.png,Adamawa,20-30
12.75864966515948_7.473148772708731_12.721361486800001_7.46485091618.png,Adamawa,20-30
12.764439370698009_7.634799895758008_12.7794112921_7.64977181716.png,Adamawa,20-30
12.794383213501993_7.64977181716_12.7794112921_7.64977181716.png,Adamawa,20-30
12.794383213501993_7.6647437385619925_12.7794112921_7.64977181716.png,Adamawa,20-30
12.794383213501993_7.679715659963985_12.7794112921_7.64977181716.png,Adamawa,20-30
12.809355134903985_7.604856052954024_12.7794112921_7.64977181716.png,Adamawa,20-30
12.809355134903985_7.6647437385619925_12.7794112921_7.64977181716.png,Adamawa,20-30
12.824327056305977_7.604856052954024_12.7794112921_7.64977181716.png,Adamawa,20-30
12.824327056305977_7.64977181716_12.7794112921_7.64977181716.png,Adamawa,20-30
12.843442708794024_10.472977094901992_12.888358473_10.4580051735.png,Adamawa,20-30
12.843442708794024_10.487949016303984_12.888358473_10.4580051735.png,Adamawa,20-30
12.843442708794024_10.502920937705976_12.888358473_10.4580051735.png,Adamawa,20-30
12.8569995948_10.550731878198008_12.8569995948_10.5657037996.png,Adamawa,20-30
12.8569995948_10.5657037996_12.8569995948_10.5657037996.png,Adamawa,20-30
12.858414630196016_10.502920937705976_12.888358473_10.4580051735.png,Adamawa,20-30
12.873386551598008_10.502920937705976_12.888358473_10.4580051735.png,Adamawa,20-30
12.886943437603984_10.5657037996_12.8569995948_10.5657037996.png,Adamawa,20-30
12.888358473_10.413089409294024_12.888358473_10.4580051735.png,Adamawa,20-30
12.888358473_10.428061330696016_12.888358473_10.4580051735.png,Adamawa,20-30
12.888358473_10.4580051735_12.888358473_10.4580051735.png,Adamawa,20-30
12.888358473_10.502920937705976_12.888358473_10.4580051735.png,Adamawa,20-30
12.899172889894025_7.23331565869_12.944088654100002_7.23331565869.png,Adamawa,20-30
12.901915359005976_10.520788035394023_12.8569995948_10.5657037996.png,Adamawa,20-30
12.901915359005976_10.550731878198008_12.8569995948_10.5657037996.png,Adamawa,20-30
12.901915359005976_10.5657037996_12.8569995948_10.5657037996.png,Adamawa,20-30
12.903330394401992_10.4580051735_12.888358473_10.4580051735.png,Adamawa,20-30
12.903330394401992_10.487949016303984_12.888358473_10.4580051735.png,Adamawa,20-30
12.914144811296017_7.203371815886015_12.944088654100002_7.23331565869.png,Adamawa,20-30
12.914144811296017_7.23331565869_12.944088654100002_7.23331565869.png,Adamawa,20-30
12.914144811296017_7.263259501493984_12.944088654100002_7.23331565869.png,Adamawa,20-30
12.921192231816502_7.255890772406177_12.944088654100002_7.23331565869.png,Adamawa,20-30
12.922704143194023_7.5355119711540235_12.9676199074_7.58042773536.png,Adamawa,20-30
12.922704143194023_7.550483892556016_12.9676199074_7.58042773536.png,Adamawa,20-30
12.922704143194023_7.565455813958008_12.9676199074_7.58042773536.png,Adamawa,20-30
12.922704143194023_7.58042773536_12.9676199074_7.58042773536.png,Adamawa,20-30
12.922704143194023_7.595399656761992_12.9676199074_7.58042773536.png,Adamawa,20-30
12.922704143194023_7.610371578163984_12.9676199074_7.58042773536.png,Adamawa,20-30
12.922704143194023_7.625343499565976_12.9676199074_7.58042773536.png,Adamawa,20-30
12.92911673269801_7.263259501493984_12.944088654100002_7.23331565869.png,Adamawa,20-30
12.933274237205977_10.428061330696016_12.888358473_10.4580051735.png,Adamawa,20-30
12.937676064596015_7.5355119711540235_12.9676199074_7.58042773536.png,Adamawa,20-30
12.937676064596015_7.550483892556016_12.9676199074_7.58042773536.png,Adamawa,20-30
12.937676064596015_7.565455813958008_12.9676199074_7.58042773536.png,Adamawa,20-30
12.937676064596015_7.58042773536_12.9676199074_7.58042773536.png,Adamawa,20-30
12.937676064596015_7.595399656761992_12.9676199074_7.58042773536.png,Adamawa,20-30
12.937676064596015_7.610371578163984_12.9676199074_7.58042773536.png,Adamawa,20-30
12.937676064596015_7.625343499565976_12.9676199074_7.58042773536.png,Adamawa,20-30
12.944088654100002_7.2183437372880075_12.944088654100002_7.23331565869.png,Adamawa,20-30
12.946993826314445_7.18912072914981_12.944088654100002_7.23331565869.png,Adamawa,20-30
12.952647985998007_7.5355119711540235_12.9676199074_7.58042773536.png,Adamawa,20-30
12.952647985998007_7.550483892556016_12.9676199074_7.58042773536.png,Adamawa,20-30
12.952647985998007_7.565455813958008_12.9676199074_7.58042773536.png,Adamawa,20-30
12.952647985998007_7.58042773536_12.9676199074_7.58042773536.png,Adamawa,20-30
12.952647985998007_7.595399656761992_12.9676199074_7.58042773536.png,Adamawa,20-30
12.952647985998007_7.610371578163984_12.9676199074_7.58042773536.png,Adamawa,20-30
12.952647985998007_7.625343499565976_12.9676199074_7.58042773536.png,Adamawa,20-30
12.957916803461154_7.537188875591959_12.9676199074_7.58042773536.png,Adamawa,20-30
12.959060575501994_7.203371815886015_12.944088654100002_7.23331565869.png,Adamawa,20-30
12.959060575501994_7.278231422895976_12.944088654100002_7.23331565869.png,Adamawa,20-30
12.9676199074_7.5355119711540235_12.9676199074_7.58042773536.png,Adamawa,20-30
12.9676199074_7.550483892556016_12.9676199074_7.58042773536.png,Adamawa,20-30
12.9676199074_7.565455813958008_12.9676199074_7.58042773536.png,Adamawa,20-30
12.9676199074_7.58042773536_12.9676199074_7.58042773536.png,Adamawa,20-30
12.9676199074_7.595399656761992_12.9676199074_7.58042773536.png,Adamawa,20-30
12.9676199074_7.610371578163984_12.9676199074_7.58042773536.png,Adamawa,20-30
12.9676199074_7.625343499565976_12.9676199074_7.58042773536.png,Adamawa,20-30
12.974032496903986_7.188399894484023_12.944088654100002_7.23331565869.png,Adamawa,20-30
12.982591828801992_7.5355119711540235_12.9676199074_7.58042773536.png,Adamawa,20-30
12.982591828801992_7.550483892556016_12.9676199074_7.58042773536.png,Adamawa,20-30
12.982591828801992_7.565455813958008_12.9676199074_7.58042773536.png,Adamawa,20-30
12.982591828801992_7.58042773536_12.9676199074_7.58042773536.png,Adamawa,20-30
12.982591828801992_7.595399656761992_12.9676199074_7.58042773536.png,Adamawa,20-30
12.982591828801992_7.610371578163984_12.9676199074_7.58042773536.png,Adamawa,20-30
12.982591828801992_7.625343499565976_12.9676199074_7.58042773536.png,Adamawa,20-30
12.989004418305978_7.203371815886015_12.944088654100002_7.23331565869.png,Adamawa,20-30
12.989004418305978_7.23331565869_12.944088654100002_7.23331565869.png,Adamawa,20-30
12.989004418305978_7.248287580091992_12.944088654100002_7.23331565869.png,Adamawa,20-30
12.997563750203984_7.5355119711540235_12.9676199074_7.58042773536.png,Adamawa,20-30
12.997563750203984_7.550483892556016_12.9676199074_7.58042773536.png,Adamawa,20-30
12.997563750203984_7.565455813958008_12.9676199074_7.58042773536.png,Adamawa,20-30
12.997563750203984_7.58042773536_12.9676199074_7.58042773536.png,Adamawa,20-30
12.997563750203984_7.595399656761992_12.9676199074_7.58042773536.png,Adamawa,20-30
12.997563750203984_7.610371578163984_12.9676199074_7.58042773536.png,Adamawa,20-30
12.997563750203984_7.625343499565976_12.9676199074_7.58042773536.png,Adamawa,20-30
13.01148711382471_7.571363799305206_12.9676199074_7.58042773536.png,Adamawa,20-30
13.012535671605976_7.5355119711540235_12.9676199074_7.58042773536.png,Adamawa,20-30
13.012535671605976_7.550483892556016_12.9676199074_7.58042773536.png,Adamawa,20-30
13.012535671605976_7.565455813958008_12.9676199074_7.58042773536.png,Adamawa,20-30
13.012535671605976_7.58042773536_12.9676199074_7.58042773536.png,Adamawa,20-30
13.012535671605976_7.595399656761992_12.9676199074_7.58042773536.png,Adamawa,20-30
13.012535671605976_7.610371578163984_12.9676199074_7.58042773536.png,Adamawa,20-30
13.012535671605976_7.625343499565976_12.9676199074_7.58042773536.png,Adamawa,20-30
13.085593202596016_10.0449155894_13.1155370454_10.0449155894.png,Adamawa,20-30
13.085593202596016_9.999999825194024_13.1155370454_10.0449155894.png,Adamawa,20-30
13.100565123998008_10.0449155894_13.1155370454_10.0449155894.png,Adamawa,20-30
13.100565123998008_10.059887510801993_13.1155370454_10.0449155894.png,Adamawa,20-30
13.100565123998008_10.074859432203985_13.1155370454_10.0449155894.png,Adamawa,20-30
13.100565123998008_9.999999825194024_13.1155370454_10.0449155894.png,Adamawa,20-30
13.1155370454_10.029943667998008_13.1155370454_10.0449155894.png,Adamawa,20-30
13.1155370454_10.059887510801993_13.1155370454_10.0449155894.png,Adamawa,20-30
13.130508966801992_10.029943667998008_13.1155370454_10.0449155894.png,Adamawa,20-30
13.130508966801992_10.074859432203985_13.1155370454_10.0449155894.png,Adamawa,20-30
13.145480888203984_9.999999825194024_13.1155370454_10.0449155894.png,Adamawa,20-30
13.157889638394023_7.676552400344024_13.2028054026_7.72146816455.png,Adamawa,20-30
13.157889638394023_7.691524321746016_13.2028054026_7.72146816455.png,Adamawa,20-30
13.157889638394023_7.706496243148008_13.2028054026_7.72146816455.png,Adamawa,20-30
13.157889638394023_7.72146816455_13.2028054026_7.72146816455.png,Adamawa,20-30
13.157889638394023_7.736440085951992_13.2028054026_7.72146816455.png,Adamawa,20-30
13.157889638394023_7.751412007353984_13.2028054026_7.72146816455.png,Adamawa,20-30
13.157889638394023_7.766383928755976_13.2028054026_7.72146816455.png,Adamawa,20-30
13.160452809605976_10.029943667998008_13.1155370454_10.0449155894.png,Adamawa,20-30
13.172861559796015_7.676552400344024_13.2028054026_7.72146816455.png,Adamawa,20-30
13.172861559796015_7.691524321746016_13.2028054026_7.72146816455.png,Adamawa,20-30
13.172861559796015_7.706496243148008_13.2028054026_7.72146816455.png,Adamawa,20-30
13.172861559796015_7.72146816455_13.2028054026_7.72146816455.png,Adamawa,20-30
13.172861559796015_7.736440085951992_13.2028054026_7.72146816455.png,Adamawa,20-30
13.172861559796015_7.751412007353984_13.2028054026_7.72146816455.png,Adamawa,20-30
13.172861559796015_7.766383928755976_13.2028054026_7.72146816455.png,Adamawa,20-30
13.176306230582894_7.722557544011008_13.2028054026_7.72146816455.png,Adamawa,20-30
13.18293551876676_7.689264420895167_13.2028054026_7.72146816455.png,Adamawa,20-30
13.187833481198007_7.676552400344024_13.2028054026_7.72146816455.png,Adamawa,20-30
13.187833481198007_7.691524321746016_13.2028054026_7.72146816455.png,Adamawa,20-30
13.187833481198007_7.706496243148008_13.2028054026_7.72146816455.png,Adamawa,20-30
13.187833481198007_7.72146816455_13.2028054026_7.72146816455.png,Adamawa,20-30
13.187833481198007_7.736440085951992_13.2028054026_7.72146816455.png,Adamawa,20-30
13.187833481198007_7.751412007353984_13.2028054026_7.72146816455.png,Adamawa,20-30
13.187833481198007_7.766383928755976_13.2028054026_7.72146816455.png,Adamawa,20-30
13.2028054026_7.676552400344024_13.2028054026_7.72146816455.png,Adamawa,20-30
13.2028054026_7.691524321746016_13.2028054026_7.72146816455.png,Adamawa,20-30
13.2028054026_7.706496243148008_13.2028054026_7.72146816455.png,Adamawa,20-30
13.2028054026_7.72146816455_13.2028054026_7.72146816455.png,Adamawa,20-30
13.2028054026_7.736440085951992_13.2028054026_7.72146816455.png,Adamawa,20-30
13.2028054026_7.751412007353984_13.2028054026_7.72146816455.png,Adamawa,20-30
13.2028054026_7.766383928755976_13.2028054026_7.72146816455.png,Adamawa,20-30
13.217777324001991_7.676552400344024_13.2028054026_7.72146816455.png,Adamawa,20-30
13.217777324001991_7.691524321746016_13.2028054026_7.72146816455.png,Adamawa,20-30
13.217777324001991_7.706496243148008_13.2028054026_7.72146816455.png,Adamawa,20-30
13.217777324001991_7.72146816455_13.2028054026_7.72146816455.png,Adamawa,20-30
13.217777324001991_7.736440085951992_13.2028054026_7.72146816455.png,Adamawa,20-30
13.217777324001991_7.751412007353984_13.2028054026_7.72146816455.png,Adamawa,20-30
13.217777324001991_7.766383928755976_13.2028054026_7.72146816455.png,Adamawa,20-30
13.232749245403983_7.676552400344024_13.2028054026_7.72146816455.png,Adamawa,20-30
13.232749245403983_7.691524321746016_13.2028054026_7.72146816455.png,Adamawa,20-30
13.232749245403983_7.706496243148008_13.2028054026_7.72146816455.png,Adamawa,20-30
13.232749245403983_7.72146816455_13.2028054026_7.72146816455.png,Adamawa,20-30
13.232749245403983_7.736440085951992_13.2028054026_7.72146816455.png,Adamawa,20-30
13.232749245403983_7.751412007353984_13.2028054026_7.72146816455.png,Adamawa,20-30
13.232749245403983_7.766383928755976_13.2028054026_7.72146816455.png,Adamawa,20-30
13.247721166805976_7.676552400344024_13.2028054026_7.72146816455.png,Adamawa,20-30
13.247721166805976_7.691524321746016_13.2028054026_7.72146816455.png,Adamawa,20-30
13.247721166805976_7.706496243148008_13.2028054026_7.72146816455.png,Adamawa,20-30
13.247721166805976_7.72146816455_13.2028054026_7.72146816455.png,Adamawa,20-30
13.247721166805976_7.736440085951992_13.2028054026_7.72146816455.png,Adamawa,20-30
13.247721166805976_7.751412007353984_13.2028054026_7.72146816455.png,Adamawa,20-30
13.247721166805976_7.766383928755976_13.2028054026_7.72146816455.png,Adamawa,20-30
11.755632220394023_10.150361513494024_11.8005479846_10.1952772777.png,Borno,30-40
11.755632220394023_10.180305356298009_11.8005479846_10.1952772777.png,Borno,30-40
11.755632220394023_10.225221120503985_11.8005479846_10.1952772777.png,Borno,30-40
11.785576063198008_10.1952772777_11.8005479846_10.1952772777.png,Borno,30-40
11.8005479846_10.165333434896016_11.8005479846_10.1952772777.png,Borno,30-40
11.8005479846_10.240193041905977_11.8005479846_10.1952772777.png,Borno,30-40
11.815519906001992_10.1952772777_11.8005479846_10.1952772777.png,Borno,30-40
11.815519906001992_10.225221120503985_11.8005479846_10.1952772777.png,Borno,30-40
11.830491827403984_10.180305356298009_11.8005479846_10.1952772777.png,Borno,30-40
11.830491827403984_10.1952772777_11.8005479846_10.1952772777.png,Borno,30-40
11.830491827403984_10.225221120503985_11.8005479846_10.1952772777.png,Borno,30-40
11.845463748805976_10.1952772777_11.8005479846_10.1952772777.png,Borno,30-40
12.007970852496015_10.794051447996015_12.0379146953_10.8239952908.png,Borno,30-40
12.022942773898007_10.868911055005976_12.0379146953_10.8239952908.png,Borno,30-40
12.034595409894024_10.040531822398007_12.0795111741_10.0555037438.png,Borno,30-40
12.034686707494025_10.325665769203985_12.079602471700001_10.2957219264.png,Borno,30-40
12.034686707494025_10.340637690605977_12.079602471700001_10.2957219264.png,Borno,30-40
12.0379146953_10.779079526594023_12.0379146953_10.8239952908.png,Borno,30-40
12.049567331296016_10.085447586603983_12.0795111741_10.0555037438.png,Borno,30-40
12.049567331296016_10.100419508005976_12.0795111741_10.0555037438.png,Borno,30-40
12.049658628896017_10.250806162194024_12.079602471700001_10.2957219264.png,Borno,30-40
12.049658628896017_10.310693847801993_12.079602471700001_10.2957219264.png,Borno,30-40
12.049658628896017_10.340637690605977_12.079602471700001_10.2957219264.png,Borno,30-40
12.052886616701992_10.779079526594023_12.0379146953_10.8239952908.png,Borno,30-40
12.052886616701992_10.794051447996015_12.0379146953_10.8239952908.png,Borno,30-40
12.052886616701992_10.809023369398007_12.0379146953_10.8239952908.png,Borno,30-40
12.052886616701992_10.838967212201991_12.0379146953_10.8239952908.png,Borno,30-40
12.064539252698008_10.0555037438_12.0795111741_10.0555037438.png,Borno,30-40
12.067858538103984_10.779079526594023_12.0379146953_10.8239952908.png,Borno,30-40
12.067858538103984_10.853939133603983_12.0379146953_10.8239952908.png,Borno,30-40
12.0795111741_10.0555037438_12.0795111741_10.0555037438.png,Borno,30-40
12.0795111741_10.070475665201991_12.0795111741_10.0555037438.png,Borno,30-40
12.079602471700001_10.265778083596016_12.079602471700001_10.2957219264.png,Borno,30-40
12.079602471700001_10.325665769203985_12.079602471700001_10.2957219264.png,Borno,30-40
12.082830459505976_10.779079526594023_12.0379146953_10.8239952908.png,Borno,30-40
12.082830459505976_10.8239952908_12.0379146953_10.8239952908.png,Borno,30-40
12.082830459505976_10.838967212201991_12.0379146953_10.8239952908.png,Borno,30-40
12.082830459505976_10.853939133603983_12.0379146953_10.8239952908.png,Borno,30-40
12.094483095501992_10.0555037438_12.0795111741_10.0555037438.png,Borno,30-40
12.094574393101993_10.280750004998009_12.079602471700001_10.2957219264.png,Borno,30-40
12.094574393101993_10.2957219264_12.079602471700001_10.2957219264.png,Borno,30-40
12.094574393101993_10.340637690605977_12.079602471700001_10.2957219264.png,Borno,30-40
12.109455016903985_10.100419508005976_12.0795111741_10.0555037438.png,Borno,30-40
12.109546314503985_10.280750004998009_12.079602471700001_10.2957219264.png,Borno,30-40
12.109546314503985_10.2957219264_12.079602471700001_10.2957219264.png,Borno,30-40
12.109546314503985_10.310693847801993_12.079602471700001_10.2957219264.png,Borno,30-40
12.273175396796017_11.919879049301992_12.3031192396_11.9049071279.png,Borno,30-40
12.3031192396_11.874963285096015_12.3031192396_11.9049071279.png,Borno,30-40
12.3031192396_11.889935206498008_12.3031192396_11.9049071279.png,Borno,30-40
12.318091161001993_11.859991363694023_12.3031192396_11.9049071279.png,Borno,30-40
12.318091161001993_11.889935206498008_12.3031192396_11.9049071279.png,Borno,30-40
12.348035003805977_11.874963285096015_12.3031192396_11.9049071279.png,Borno,30-40
12.348035003805977_11.889935206498008_12.3031192396_11.9049071279.png,Borno,30-40
12.348035003805977_11.934850970703984_12.3031192396_11.9049071279.png,Borno,30-40
12.348035003805977_11.949822892105976_12.3031192396_11.9049071279.png,Borno,30-40
12.439331446094023_13.137550602394025_12.4842472103_13.182466366600002.png,Borno,30-40
12.439331446094023_13.227382130805978_12.4842472103_13.182466366600002.png,Borno,30-40
12.454303367496015_13.182466366600002_12.4842472103_13.182466366600002.png,Borno,30-40
12.454303367496015_13.227382130805978_12.4842472103_13.182466366600002.png,Borno,30-40
12.469275288898007_13.137550602394025_12.4842472103_13.182466366600002.png,Borno,30-40
12.469275288898007_13.152522523796017_12.4842472103_13.182466366600002.png,Borno,30-40
12.469275288898007_13.197438288001994_12.4842472103_13.182466366600002.png,Borno,30-40
12.4842472103_13.227382130805978_12.4842472103_13.182466366600002.png,Borno,30-40
12.499219131701992_13.227382130805978_12.4842472103_13.182466366600002.png,Borno,30-40
12.514191053103984_13.152522523796017_12.4842472103_13.182466366600002.png,Borno,30-40
12.514191053103984_13.16749444519801_12.4842472103_13.182466366600002.png,Borno,30-40
12.514191053103984_13.197438288001994_12.4842472103_13.182466366600002.png,Borno,30-40
12.529162974505976_13.227382130805978_12.4842472103_13.182466366600002.png,Borno,30-40
12.641865489796016_13.585809337794025_12.6718093326_13.630725102000001.png,Borno,30-40
12.641865489796016_13.630725102000001_12.6718093326_13.630725102000001.png,Borno,30-40
12.643462464601065_13.650294913032107_12.6718093326_13.630725102000001.png,Borno,30-40
12.655825891008316_13.587589125445694_12.6718093326_13.630725102000001.png,Borno,30-40
12.656837411198008_13.675640866205978_12.6718093326_13.630725102000001.png,Borno,30-40
12.6718093326_13.585809337794025_12.6718093326_13.630725102000001.png,Borno,30-40
12.6718093326_13.600781259196017_12.6718093326_13.630725102000001.png,Borno,30-40
12.686781254001993_13.630725102000001_12.6718093326_13.630725102000001.png,Borno,30-40
12.686781254001993_13.675640866205978_12.6718093326_13.630725102000001.png,Borno,30-40
12.689067416394023_11.806752247298007_12.7339831806_11.8217241687.png,Borno,30-40
12.689067416394023_11.8217241687_12.7339831806_11.8217241687.png,Borno,30-40
12.701753175403985_13.600781259196017_12.6718093326_13.630725102000001.png,Borno,30-40
12.701753175403985_13.660668944803986_12.6718093326_13.630725102000001.png,Borno,30-40
12.701753175403985_13.675640866205978_12.6718093326_13.630725102000001.png,Borno,30-40
12.704039337796015_11.806752247298007_12.7339831806_11.8217241687.png,Borno,30-40
12.704039337796015_11.866639932905976_12.7339831806_11.8217241687.png,Borno,30-40
12.716725096805977_13.585809337794025_12.6718093326_13.630725102000001.png,Borno,30-40
12.716725096805977_13.660668944803986_12.6718093326_13.630725102000001.png,Borno,30-40
12.719011259198007_11.776808404494023_12.7339831806_11.8217241687.png,Borno,30-40
12.719011259198007_11.836696090101992_12.7339831806_11.8217241687.png,Borno,30-40
12.7339831806_11.776808404494023_12.7339831806_11.8217241687.png,Borno,30-40
12.7339831806_11.806752247298007_12.7339831806_11.8217241687.png,Borno,30-40
12.736296587596016_10.826232518096015_12.7662404304_10.8561763609.png,Borno,30-40
12.736296587596016_10.871148282301991_12.7662404304_10.8561763609.png,Borno,30-40
12.748955102001991_11.806752247298007_12.7339831806_11.8217241687.png,Borno,30-40
12.748955102001991_11.866639932905976_12.7339831806_11.8217241687.png,Borno,30-40
12.751268508998008_10.826232518096015_12.7662404304_10.8561763609.png,Borno,30-40
12.751268508998008_10.8561763609_12.7662404304_10.8561763609.png,Borno,30-40
12.778898944805976_11.791780325896015_12.7339831806_11.8217241687.png,Borno,30-40
12.778898944805976_11.806752247298007_12.7339831806_11.8217241687.png,Borno,30-40
12.778898944805976_11.836696090101992_12.7339831806_11.8217241687.png,Borno,30-40
12.781212351801992_10.811260596694023_12.7662404304_10.8561763609.png,Borno,30-40
12.781212351801992_10.871148282301991_12.7662404304_10.8561763609.png,Borno,30-40
12.781212351801992_10.901092125105976_12.7662404304_10.8561763609.png,Borno,30-40
12.796184273203984_10.811260596694023_12.7662404304_10.8561763609.png,Borno,30-40
12.796184273203984_10.826232518096015_12.7662404304_10.8561763609.png,Borno,30-40
12.796927940894024_10.971807287905975_12.8418437051_10.926891523699998.png,Borno,30-40
12.811156194605976_10.826232518096015_12.7662404304_10.8561763609.png,Borno,30-40
12.811156194605976_10.871148282301991_12.7662404304_10.8561763609.png,Borno,30-40
12.811156194605976_10.901092125105976_12.7662404304_10.8561763609.png,Borno,30-40
12.811899862296016_10.911919602298006_12.8418437051_10.926891523699998.png,Borno,30-40
12.811899862296016_10.926891523699998_12.8418437051_10.926891523699998.png,Borno,30-40
12.811899862296016_10.971807287905975_12.8418437051_10.926891523699998.png,Borno,30-40
12.812083830594023_10.580675721001992_12.8569995948_10.5657037996.png,Borno,30-40
12.812083830594023_10.595647642403984_12.8569995948_10.5657037996.png,Borno,30-40
12.826871783698008_10.911919602298006_12.8418437051_10.926891523699998.png,Borno,30-40
12.827055751996015_10.595647642403984_12.8569995948_10.5657037996.png,Borno,30-40
12.827055751996015_10.610619563805976_12.8569995948_10.5657037996.png,Borno,30-40
12.841113217594025_11.076307087001991_12.886028981800001_11.0613351656.png,Borno,30-40
12.8418437051_10.881975759494022_12.8418437051_10.926891523699998.png,Borno,30-40
12.8418437051_10.911919602298006_12.8418437051_10.926891523699998.png,Borno,30-40
12.8418437051_10.956835366503983_12.8418437051_10.926891523699998.png,Borno,30-40
12.856085138996017_11.076307087001991_12.886028981800001_11.0613351656.png,Borno,30-40
12.856085138996017_11.106250929805976_12.886028981800001_11.0613351656.png,Borno,30-40
12.856815626501993_10.911919602298006_12.8418437051_10.926891523699998.png,Borno,30-40
12.871057060398009_11.016419401394023_12.886028981800001_11.0613351656.png,Borno,30-40
12.871787547903985_10.911919602298006_12.8418437051_10.926891523699998.png,Borno,30-40
12.871971516201992_10.580675721001992_12.8569995948_10.5657037996.png,Borno,30-40
12.886028981800001_11.076307087001991_12.886028981800001_11.0613351656.png,Borno,30-40
12.886028981800001_11.091279008403983_12.886028981800001_11.0613351656.png,Borno,30-40
12.886759469305977_10.881975759494022_12.8418437051_10.926891523699998.png,Borno,30-40
12.886759469305977_10.926891523699998_12.8418437051_10.926891523699998.png,Borno,30-40
12.886759469305977_10.971807287905975_12.8418437051_10.926891523699998.png,Borno,30-40
12.886943437603984_10.610619563805976_12.8569995948_10.5657037996.png,Borno,30-40
12.901000903201993_11.016419401394023_12.886028981800001_11.0613351656.png,Borno,30-40
12.901000903201993_11.091279008403983_12.886028981800001_11.0613351656.png,Borno,30-40
12.901915359005976_10.580675721001992_12.8569995948_10.5657037996.png,Borno,30-40
12.930944746005977_11.016419401394023_12.886028981800001_11.0613351656.png,Borno,30-40
12.930944746005977_11.031391322796015_12.886028981800001_11.0613351656.png,Borno,30-40
12.930944746005977_11.0613351656_12.886028981800001_11.0613351656.png,Borno,30-40
12.930944746005977_11.076307087001991_12.886028981800001_11.0613351656.png,Borno,30-40
13.002701379394022_11.859018467698009_13.047617143599998_11.873990389100001.png,Borno,30-40
13.002701379394022_11.888962310501993_13.047617143599998_11.873990389100001.png,Borno,30-40
13.017673300796014_11.844046546296017_13.047617143599998_11.873990389100001.png,Borno,30-40
13.017673300796014_11.903934231903985_13.047617143599998_11.873990389100001.png,Borno,30-40
13.017673300796014_11.918906153305977_13.047617143599998_11.873990389100001.png,Borno,30-40
13.047617143599998_11.888962310501993_13.047617143599998_11.873990389100001.png,Borno,30-40
13.047617143599998_11.903934231903985_13.047617143599998_11.873990389100001.png,Borno,30-40
13.06258906500199_11.844046546296017_13.047617143599998_11.873990389100001.png,Borno,30-40
13.06258906500199_11.903934231903985_13.047617143599998_11.873990389100001.png,Borno,30-40
13.06258906500199_11.918906153305977_13.047617143599998_11.873990389100001.png,Borno,30-40
13.077560986403983_11.829074624894025_13.047617143599998_11.873990389100001.png,Borno,30-40
13.077560986403983_11.873990389100001_13.047617143599998_11.873990389100001.png,Borno,30-40
13.077560986403983_11.903934231903985_13.047617143599998_11.873990389100001.png,Borno,30-40
4.270870351534024_6.223837135554024_4.31578611574_6.26875289976.png,Lagos,10-20
4.270870351534024_6.238809056956016_4.31578611574_6.26875289976.png,Lagos,10-20
4.270870351534024_6.313668663965976_4.31578611574_6.26875289976.png,Lagos,10-20
4.277304877066306_6.224583108657176_4.31578611574_6.26875289976.png,Lagos,10-20
4.283803377034025_6.3231437899519936_4.3287191412400015_6.3081718685500014.png,Lagos,10-20
4.298775298436017_6.3081718685500014_4.3287191412400015_6.3081718685500014.png,Lagos,10-20
4.300814194338008_6.253780978358008_4.31578611574_6.26875289976.png,Lagos,10-20
4.313747219838009_6.293199947148009_4.3287191412400015_6.3081718685500014.png,Lagos,10-20
4.31578611574_6.283724821161992_4.31578611574_6.26875289976.png,Lagos,10-20
4.3287191412400015_6.293199947148009_4.3287191412400015_6.3081718685500014.png,Lagos,10-20
4.343691062641994_6.353087632755978_4.3287191412400015_6.3081718685500014.png,Lagos,10-20
4.353511004474024_7.139046639044024_4.39842676868_7.183962403250001.png,Osun,10-20
4.353511004474024_7.1540185604460165_4.39842676868_7.183962403250001.png,Osun,10-20
4.353511004474024_7.168990481848009_4.39842676868_7.183962403250001.png,Osun,10-20
4.353511004474024_7.183962403250001_4.39842676868_7.183962403250001.png,Osun,10-20
4.353511004474024_7.198934324651993_4.39842676868_7.183962403250001.png,Osun,10-20
4.353511004474024_7.213906246053985_4.39842676868_7.183962403250001.png,Osun,10-20
4.353511004474024_7.228878167455977_4.39842676868_7.183962403250001.png,Osun,10-20
4.368482925876016_7.139046639044024_4.39842676868_7.183962403250001.png,Osun,10-20
4.368482925876016_7.1540185604460165_4.39842676868_7.183962403250001.png,Osun,10-20
4.368482925876016_7.168990481848009_4.39842676868_7.183962403250001.png,Osun,10-20
4.368482925876016_7.183962403250001_4.39842676868_7.183962403250001.png,Osun,10-20
4.368482925876016_7.198934324651993_4.39842676868_7.183962403250001.png,Osun,10-20
4.368482925876016_7.213906246053985_4.39842676868_7.183962403250001.png,Osun,10-20
4.368482925876016_7.228878167455977_4.39842676868_7.183962403250001.png,Osun,10-20
4.380275962824024_7.122018824984023_4.4251917270300005_7.166934589189999.png,Osun,10-20
4.380275962824024_7.136990746386015_4.4251917270300005_7.166934589189999.png,Osun,10-20
4.380275962824024_7.151962667788007_4.4251917270300005_7.166934589189999.png,Osun,10-20
4.380275962824024_7.166934589189999_4.4251917270300005_7.166934589189999.png,Osun,10-20
4.380275962824024_7.1819065105919915_4.4251917270300005_7.166934589189999.png,Osun,10-20
4.380275962824024_7.196878431993984_4.4251917270300005_7.166934589189999.png,Osun,10-20
4.380275962824024_7.211850353395976_4.4251917270300005_7.166934589189999.png,Osun,10-20
4.383454847278008_7.139046639044024_4.39842676868_7.183962403250001.png,Osun,10-20
4.383454847278008_7.1540185604460165_4.39842676868_7.183962403250001.png,Osun,10-20
4.383454847278008_7.168990481848009_4.39842676868_7.183962403250001.png,Osun,10-20
4.383454847278008_7.183962403250001_4.39842676868_7.183962403250001.png,Osun,10-20
4.383454847278008_7.198934324651993_4.39842676868_7.183962403250001.png,Osun,10-20
4.383454847278008_7.213906246053985_4.39842676868_7.183962403250001.png,Osun,10-20
4.383454847278008_7.228878167455977_4.39842676868_7.183962403250001.png,Osun,10-20
4.395247884226016_7.122018824984023_4.4251917270300005_7.166934589189999.png,Osun,10-20
4.395247884226016_7.136990746386015_4.4251917270300005_7.166934589189999.png,Osun,10-20
4.395247884226016_7.151962667788007_4.4251917270300005_7.166934589189999.png,Osun,10-20
4.395247884226016_7.166934589189999_4.4251917270300005_7.166934589189999.png,Osun,10-20
4.395247884226016_7.1819065105919915_4.4251917270300005_7.166934589189999.png,Osun,10-20
4.395247884226016_7.196878431993984_4.4251917270300005_7.166934589189999.png,Osun,10-20
4.395247884226016_7.211850353395976_4.4251917270300005_7.166934589189999.png,Osun,10-20
4.39842676868_7.139046639044024_4.39842676868_7.183962403250001.png,Osun,10-20
4.39842676868_7.1540185604460165_4.39842676868_7.183962403250001.png,Osun,10-20
4.39842676868_7.168990481848009_4.39842676868_7.183962403250001.png,Osun,10-20
4.39842676868_7.183962403250001_4.39842676868_7.183962403250001.png,Osun,10-20
4.39842676868_7.198934324651993_4.39842676868_7.183962403250001.png,Osun,10-20
4.39842676868_7.213906246053985_4.39842676868_7.183962403250001.png,Osun,10-20
4.39842676868_7.228878167455977_4.39842676868_7.183962403250001.png,Osun,10-20
4.405897950411387_7.14946744345678_4.39842676868_7.183962403250001.png,Osun,10-20
4.410219805628008_7.122018824984023_4.4251917270300005_7.166934589189999.png,Osun,10-20
4.410219805628008_7.136990746386015_4.4251917270300005_7.166934589189999.png,Osun,10-20
4.410219805628008_7.151962667788007_4.4251917270300005_7.166934589189999.png,Osun,10-20
4.410219805628008_7.166934589189999_4.4251917270300005_7.166934589189999.png,Osun,10-20
4.410219805628008_7.1819065105919915_4.4251917270300005_7.166934589189999.png,Osun,10-20
4.410219805628008_7.196878431993984_4.4251917270300005_7.166934589189999.png,Osun,10-20
4.410219805628008_7.211850353395976_4.4251917270300005_7.166934589189999.png,Osun,10-20
4.4129059350454645_7.193002936000014_4.4251917270300005_7.166934589189999.png,Osun,10-20
4.413398690081992_7.139046639044024_4.39842676868_7.183962403250001.png,Osun,10-20
4.413398690081992_7.1540185604460165_4.39842676868_7.183962403250001.png,Osun,10-20
4.413398690081992_7.168990481848009_4.39842676868_7.183962403250001.png,Osun,10-20
4.413398690081992_7.183962403250001_4.39842676868_7.183962403250001.png,Osun,10-20
4.413398690081992_7.198934324651993_4.39842676868_7.183962403250001.png,Osun,10-20
4.413398690081992_7.213906246053985_4.39842676868_7.183962403250001.png,Osun,10-20
4.413398690081992_7.228878167455977_4.39842676868_7.183962403250001.png,Osun,10-20
4.4251917270300005_7.122018824984023_4.4251917270300005_7.166934589189999.png,Osun,10-20
4.4251917270300005_7.136990746386015_4.4251917270300005_7.166934589189999.png,Osun,10-20
4.4251917270300005_7.151962667788007_4.4251917270300005_7.166934589189999.png,Osun,10-20
4.4251917270300005_7.166934589189999_4.4251917270300005_7.166934589189999.png,Osun,10-20
4.4251917270300005_7.1819065105919915_4.4251917270300005_7.166934589189999.png,Osun,10-20
4.4251917270300005_7.196878431993984_4.4251917270300005_7.166934589189999.png,Osun,10-20
4.4251917270300005_7.211850353395976_4.4251917270300005_7.166934589189999.png,Osun,10-20
4.426016093106601_7.163524894814821_4.39842676868_7.183962403250001.png,Osun,10-20
4.4283706114839845_7.139046639044024_4.39842676868_7.183962403250001.png,Osun,10-20
4.4283706114839845_7.1540185604460165_4.39842676868_7.183962403250001.png,Osun,10-20
4.4283706114839845_7.168990481848009_4.39842676868_7.183962403250001.png,Osun,10-20
4.4283706114839845_7.183962403250001_4.39842676868_7.183962403250001.png,Osun,10-20
4.4283706114839845_7.198934324651993_4.39842676868_7.183962403250001.png,Osun,10-20
4.4283706114839845_7.213906246053985_4.39842676868_7.183962403250001.png,Osun,10-20
4.4283706114839845_7.228878167455977_4.39842676868_7.183962403250001.png,Osun,10-20
4.440163648431993_7.151962667788007_4.4251917270300005_7.166934589189999.png,Osun,10-20
4.440163648431993_7.166934589189999_4.4251917270300005_7.166934589189999.png,Osun,10-20
4.440163648431993_7.1819065105919915_4.4251917270300005_7.166934589189999.png,Osun,10-20
4.440163648431993_7.196878431993984_4.4251917270300005_7.166934589189999.png,Osun,10-20
4.440163648431993_7.211850353395976_4.4251917270300005_7.166934589189999.png,Osun,10-20
4.443342532885977_7.1540185604460165_4.39842676868_7.183962403250001.png,Osun,10-20
4.443342532885977_7.168990481848009_4.39842676868_7.183962403250001.png,Osun,10-20
4.443342532885977_7.183962403250001_4.39842676868_7.183962403250001.png,Osun,10-20
4.443342532885977_7.198934324651993_4.39842676868_7.183962403250001.png,Osun,10-20
4.443342532885977_7.213906246053985_4.39842676868_7.183962403250001.png,Osun,10-20
4.443342532885977_7.228878167455977_4.39842676868_7.183962403250001.png,Osun,10-20
4.455135569833985_7.151962667788007_4.4251917270300005_7.166934589189999.png,Osun,10-20
4.455135569833985_7.166934589189999_4.4251917270300005_7.166934589189999.png,Osun,10-20
4.455135569833985_7.1819065105919915_4.4251917270300005_7.166934589189999.png,Osun,10-20
4.455135569833985_7.196878431993984_4.4251917270300005_7.166934589189999.png,Osun,10-20
4.455135569833985_7.211850353395976_4.4251917270300005_7.166934589189999.png,Osun,10-20
4.470107491235977_7.122018824984023_4.4251917270300005_7.166934589189999.png,Osun,10-20
4.470107491235977_7.136990746386015_4.4251917270300005_7.166934589189999.png,Osun,10-20
4.470107491235977_7.151962667788007_4.4251917270300005_7.166934589189999.png,Osun,10-20
4.470107491235977_7.166934589189999_4.4251917270300005_7.166934589189999.png,Osun,10-20
4.470107491235977_7.1819065105919915_4.4251917270300005_7.166934589189999.png,Osun,10-20
4.470107491235977_7.196878431993984_4.4251917270300005_7.166934589189999.png,Osun,10-20
4.470107491235977_7.211850353395976_4.4251917270300005_7.166934589189999.png,Osun,10-20
4.579047775864024_7.726766119734022_4.62396354007_7.771681883939999.png,Osun,10-20
4.579047775864024_7.7567099625380065_4.62396354007_7.771681883939999.png,Osun,10-20
4.579047775864024_7.771681883939999_4.62396354007_7.771681883939999.png,Osun,10-20
4.579047775864024_7.801625726743983_4.62396354007_7.771681883939999.png,Osun,10-20
4.588553088004023_7.715950020161992_4.633468852209999_7.70097809876.png,Osun,10-20
4.589433087436015_7.714889344463984_4.61937693024_7.68494550166.png,Osun,10-20
4.589433087436015_7.729861265865976_4.61937693024_7.68494550166.png,Osun,10-20
4.594019697266016_7.7567099625380065_4.62396354007_7.771681883939999.png,Osun,10-20
4.603078456160594_7.729607742940776_4.61937693024_7.68494550166.png,Osun,10-20
4.603525009406015_7.715950020161992_4.633468852209999_7.70097809876.png,Osun,10-20
4.603525009406015_7.7309219415639845_4.633468852209999_7.70097809876.png,Osun,10-20
4.6044050088380075_7.729861265865976_4.61937693024_7.68494550166.png,Osun,10-20
4.608991618668008_7.816597648145975_4.62396354007_7.771681883939999.png,Osun,10-20
4.618496930808007_7.7309219415639845_4.633468852209999_7.70097809876.png,Osun,10-20
4.618881316544024_7.33236455293_4.66379708075_7.33236455293.png,Osun,10-20
4.618881316544024_7.347336474331992_4.66379708075_7.33236455293.png,Osun,10-20
4.61937693024_7.699917423061992_4.61937693024_7.68494550166.png,Osun,10-20
4.61937693024_7.714889344463984_4.61937693024_7.68494550166.png,Osun,10-20
4.633468852209999_7.70097809876_4.633468852209999_7.70097809876.png,Osun,10-20
4.634348851641992_7.68494550166_4.61937693024_7.68494550166.png,Osun,10-20
4.638935461471992_7.741738041136014_4.62396354007_7.771681883939999.png,Osun,10-20
4.638935461471992_7.7567099625380065_4.62396354007_7.771681883939999.png,Osun,10-20
4.638935461471992_7.801625726743983_4.62396354007_7.771681883939999.png,Osun,10-20
4.643263203974024_7.6937829866280065_4.68817896818_7.708754908029999.png,Osun,10-20
4.648440773611991_7.686006177358008_4.633468852209999_7.70097809876.png,Osun,10-20
4.648440773611991_7.745893862965977_4.633468852209999_7.70097809876.png,Osun,10-20
4.648825159348008_7.3024207101260155_4.66379708075_7.33236455293.png,Osun,10-20
4.648825159348008_7.377280317135976_4.66379708075_7.33236455293.png,Osun,10-20
4.653907382873984_7.7567099625380065_4.62396354007_7.771681883939999.png,Osun,10-20
4.658235125376016_7.753670672235975_4.68817896818_7.708754908029999.png,Osun,10-20
4.66379708075_7.287448788724023_4.66379708075_7.33236455293.png,Osun,10-20
4.66379708075_7.317392631528008_4.66379708075_7.33236455293.png,Osun,10-20
4.664292694445976_7.714889344463984_4.61937693024_7.68494550166.png,Osun,10-20
4.668879304275976_7.786653805341991_4.62396354007_7.771681883939999.png,Osun,10-20
4.669392388024024_7.137971534346016_4.71430815223_7.16791537715.png,Osun,10-20
4.669392388024024_7.152943455748008_4.71430815223_7.16791537715.png,Osun,10-20
4.669392388024024_7.16791537715_4.71430815223_7.16791537715.png,Osun,10-20
4.669392388024024_7.182887298551992_4.71430815223_7.16791537715.png,Osun,10-20
4.669392388024024_7.197859219953984_4.71430815223_7.16791537715.png,Osun,10-20
4.669392388024024_7.212831141355976_4.71430815223_7.16791537715.png,Osun,10-20
4.673207046778008_7.708754908029999_4.68817896818_7.708754908029999.png,Osun,10-20
4.676586931774369_7.209513012747692_4.71430815223_7.16791537715.png,Osun,10-20
4.6783846164159755_7.745893862965977_4.633468852209999_7.70097809876.png,Osun,10-20
4.678769002151992_7.317392631528008_4.66379708075_7.33236455293.png,Osun,10-20
4.678769002151992_7.377280317135976_4.66379708075_7.33236455293.png,Osun,10-20
4.684364309426016_7.182887298551992_4.71430815223_7.16791537715.png,Osun,10-20
4.684364309426016_7.197859219953984_4.71430815223_7.16791537715.png,Osun,10-20
4.684364309426016_7.212831141355976_4.71430815223_7.16791537715.png,Osun,10-20
4.68817896818_7.6937829866280065_4.68817896818_7.708754908029999.png,Osun,10-20
4.693740923553984_7.287448788724023_4.66379708075_7.33236455293.png,Osun,10-20
4.693740923553984_7.317392631528008_4.66379708075_7.33236455293.png,Osun,10-20
4.693740923553984_7.362308395733984_4.66379708075_7.33236455293.png,Osun,10-20
4.699336230828008_7.16791537715_4.71430815223_7.16791537715.png,Osun,10-20
4.699336230828008_7.182887298551992_4.71430815223_7.16791537715.png,Osun,10-20
4.699336230828008_7.197859219953984_4.71430815223_7.16791537715.png,Osun,10-20
4.702090292404024_7.318688398421992_4.74700605661_7.30371647702.png,Osun,10-20
4.702090292404024_7.333660319823984_4.74700605661_7.30371647702.png,Osun,10-20
4.703150889581992_7.663839143824022_4.68817896818_7.708754908029999.png,Osun,10-20
4.703150889581992_7.678811065226014_4.68817896818_7.708754908029999.png,Osun,10-20
4.703150889581992_7.6937829866280065_4.68817896818_7.708754908029999.png,Osun,10-20
4.703150889581992_7.708754908029999_4.68817896818_7.708754908029999.png,Osun,10-20
4.7087128449559765_7.377280317135976_4.66379708075_7.33236455293.png,Osun,10-20
4.71430815223_7.182887298551992_4.71430815223_7.16791537715.png,Osun,10-20
4.71430815223_7.197859219953984_4.71430815223_7.16791537715.png,Osun,10-20
4.715844019424024_7.1949409672939835_4.76075978363_7.164997124489999.png,Osun,10-20
4.717062213806016_7.258800712814024_4.74700605661_7.30371647702.png,Osun,10-20
4.718475708294024_7.891680063844023_4.7633914725_7.93659582805.png,Osun,10-20
4.729280073631992_7.212831141355976_4.71430815223_7.16791537715.png,Osun,10-20
4.732034135208008_7.288744555618008_4.74700605661_7.30371647702.png,Osun,10-20
4.733094732385976_7.663839143824022_4.68817896818_7.708754908029999.png,Osun,10-20
4.733094732385976_7.723726829431991_4.68817896818_7.708754908029999.png,Osun,10-20
4.733447629696016_7.891680063844023_4.7633914725_7.93659582805.png,Osun,10-20
4.733447629696016_7.9066519852460155_4.7633914725_7.93659582805.png,Osun,10-20
4.733447629696016_7.966539670853984_4.7633914725_7.93659582805.png,Osun,10-20
4.736303697115458_7.897700509958425_4.7633914725_7.93659582805.png,Osun,10-20
4.74700605661_7.273772634216016_4.74700605661_7.30371647702.png,Osun,10-20
4.74700605661_7.288744555618008_4.74700605661_7.30371647702.png,Osun,10-20
4.74700605661_7.333660319823984_4.74700605661_7.30371647702.png,Osun,10-20
4.748419551098008_7.951567749451992_4.7633914725_7.93659582805.png,Osun,10-20
4.748419551098008_7.981511592255976_4.7633914725_7.93659582805.png,Osun,10-20
4.763330407224626_7.963303961961531_4.7633914725_7.93659582805.png,Osun,10-20
4.7633914725_7.891680063844023_4.7633914725_7.93659582805.png,Osun,10-20
4.7633914725_7.966539670853984_4.7633914725_7.93659582805.png,Osun,10-20
4.7783633939019925_7.891680063844023_4.7633914725_7.93659582805.png,Osun,10-20
4.7783633939019925_7.951567749451992_4.7633914725_7.93659582805.png,Osun,10-20
4.793335315303985_7.891680063844023_4.7633914725_7.93659582805.png,Osun,10-20
4.805000887954023_7.37144906773_4.849916652159999_7.37144906773.png,Osun,10-20
4.805000887954023_7.416364831935977_4.849916652159999_7.37144906773.png,Osun,10-20
4.819735270454023_7.805033477844024_4.86465103466_7.84994924205.png,Osun,10-20
4.819735270454023_7.820005399246016_4.86465103466_7.84994924205.png,Osun,10-20
4.819735270454023_7.84994924205_4.86465103466_7.84994924205.png,Osun,10-20
4.819735270454023_7.864921163451992_4.86465103466_7.84994924205.png,Osun,10-20
4.819735270454023_7.879893084853984_4.86465103466_7.84994924205.png,Osun,10-20
4.819735270454023_7.894865006255976_4.86465103466_7.84994924205.png,Osun,10-20
4.819972809356015_7.401392910533985_4.849916652159999_7.37144906773.png,Osun,10-20
4.8273254021_8.03775303243402_4.8273254021_8.082668796639997.png,Osun,10-20
4.834707191856015_7.805033477844024_4.86465103466_7.84994924205.png,Osun,10-20
4.834707191856015_7.820005399246016_4.86465103466_7.84994924205.png,Osun,10-20
4.834707191856015_7.834977320648008_4.86465103466_7.84994924205.png,Osun,10-20
4.834707191856015_7.84994924205_4.86465103466_7.84994924205.png,Osun,10-20
4.834707191856015_7.864921163451992_4.86465103466_7.84994924205.png,Osun,10-20
4.834707191856015_7.879893084853984_4.86465103466_7.84994924205.png,Osun,10-20
4.834707191856015_7.894865006255976_4.86465103466_7.84994924205.png,Osun,10-20
4.838987665387361_7.81033014139144_4.86465103466_7.84994924205.png,Osun,10-20
4.8496791132580075_7.805033477844024_4.86465103466_7.84994924205.png,Osun,10-20
4.8496791132580075_7.820005399246016_4.86465103466_7.84994924205.png,Osun,10-20
4.8496791132580075_7.834977320648008_4.86465103466_7.84994924205.png,Osun,10-20
4.8496791132580075_7.84994924205_4.86465103466_7.84994924205.png,Osun,10-20
4.8496791132580075_7.864921163451992_4.86465103466_7.84994924205.png,Osun,10-20
4.8496791132580075_7.879893084853984_4.86465103466_7.84994924205.png,Osun,10-20
4.8496791132580075_7.894865006255976_4.86465103466_7.84994924205.png,Osun,10-20
4.849916652159999_7.401392910533985_4.849916652159999_7.37144906773.png,Osun,10-20
4.857269244903984_8.082668796639997_4.8273254021_8.082668796639997.png,Osun,10-20
4.86465103466_7.805033477844024_4.86465103466_7.84994924205.png,Osun,10-20
4.86465103466_7.820005399246016_4.86465103466_7.84994924205.png,Osun,10-20
4.86465103466_7.834977320648008_4.86465103466_7.84994924205.png,Osun,10-20
4.86465103466_7.84994924205_4.86465103466_7.84994924205.png,Osun,10-20
4.86465103466_7.864921163451992_4.86465103466_7.84994924205.png,Osun,10-20
4.86465103466_7.879893084853984_4.86465103466_7.84994924205.png,Osun,10-20
4.86465103466_7.894865006255976_4.86465103466_7.84994924205.png,Osun,10-20
4.866027471244024_7.938397579168007_4.91094323545_7.953369500569999.png,Osun,10-20
4.866027471244024_7.953369500569999_4.91094323545_7.953369500569999.png,Osun,10-20
4.866027471244024_7.9982852647759755_4.91094323545_7.953369500569999.png,Osun,10-20
4.872241166305976_8.052724953836012_4.8273254021_8.082668796639997.png,Osun,10-20
4.876199484494023_8.011880286828008_4.9211152487_8.02685220823.png,Osun,10-20
4.879622956061992_7.805033477844024_4.86465103466_7.84994924205.png,Osun,10-20
4.879622956061992_7.820005399246016_4.86465103466_7.84994924205.png,Osun,10-20
4.879622956061992_7.834977320648008_4.86465103466_7.84994924205.png,Osun,10-20
4.879622956061992_7.84994924205_4.86465103466_7.84994924205.png,Osun,10-20
4.879622956061992_7.864921163451992_4.86465103466_7.84994924205.png,Osun,10-20
4.879622956061992_7.879893084853984_4.86465103466_7.84994924205.png,Osun,10-20
4.880999392646016_7.923425657766015_4.91094323545_7.953369500569999.png,Osun,10-20
4.889560452414022_7.952357159988007_4.9344762166199985_7.967329081389999.png,Osun,10-20
4.889560452414022_7.98230100279199_4.9344762166199985_7.967329081389999.png,Osun,10-20
4.889560452414022_8.012244845595974_4.9344762166199985_7.967329081389999.png,Osun,10-20
4.891171405896015_8.02685220823_4.9211152487_8.02685220823.png,Osun,10-20
4.891171405896015_8.071767972435977_4.9211152487_8.02685220823.png,Osun,10-20
4.894594877463984_7.805033477844024_4.86465103466_7.84994924205.png,Osun,10-20
4.894594877463984_7.820005399246016_4.86465103466_7.84994924205.png,Osun,10-20
4.894594877463984_7.834977320648008_4.86465103466_7.84994924205.png,Osun,10-20
4.894594877463984_7.84994924205_4.86465103466_7.84994924205.png,Osun,10-20
4.894594877463984_7.864921163451992_4.86465103466_7.84994924205.png,Osun,10-20
4.894594877463984_7.879893084853984_4.86465103466_7.84994924205.png,Osun,10-20
4.894594877463984_7.894865006255976_4.86465103466_7.84994924205.png,Osun,10-20
4.9041268807991445_7.81541616106423_4.86465103466_7.84994924205.png,Osun,10-20
4.90452537531626_7.924440077572907_4.91094323545_7.953369500569999.png,Osun,10-20
4.904532373816014_7.922413317184023_4.9344762166199985_7.967329081389999.png,Osun,10-20
4.904532373816014_7.997272924193982_4.9344762166199985_7.967329081389999.png,Osun,10-20
4.904532373816014_8.012244845595974_4.9344762166199985_7.967329081389999.png,Osun,10-20
4.9061433272980075_8.041824129631992_4.9211152487_8.02685220823.png,Osun,10-20
4.9061433272980075_8.056796051033984_4.9211152487_8.02685220823.png,Osun,10-20
4.909566798865976_7.805033477844024_4.86465103466_7.84994924205.png,Osun,10-20
4.909566798865976_7.820005399246016_4.86465103466_7.84994924205.png,Osun,10-20
4.909566798865976_7.84994924205_4.86465103466_7.84994924205.png,Osun,10-20
4.909566798865976_7.864921163451992_4.86465103466_7.84994924205.png,Osun,10-20
4.909566798865976_7.879893084853984_4.86465103466_7.84994924205.png,Osun,10-20
4.909566798865976_7.894865006255976_4.86465103466_7.84994924205.png,Osun,10-20
4.91094323545_7.953369500569999_4.91094323545_7.953369500569999.png,Osun,10-20
4.919504295218006_7.952357159988007_4.9344762166199985_7.967329081389999.png,Osun,10-20
4.9211152487_8.041824129631992_4.9211152487_8.02685220823.png,Osun,10-20
4.9259151568519925_7.908453736364023_4.91094323545_7.953369500569999.png,Osun,10-20
4.932487121036808_7.923495225187468_4.91094323545_7.953369500569999.png,Osun,10-20
4.936087170101992_7.981936444024024_4.9211152487_8.02685220823.png,Osun,10-20
4.936087170101992_8.041824129631992_4.9211152487_8.02685220823.png,Osun,10-20
4.940887078253985_7.938397579168007_4.91094323545_7.953369500569999.png,Osun,10-20
4.940887078253985_7.968341421971991_4.91094323545_7.953369500569999.png,Osun,10-20
4.940887078253985_7.983313343373983_4.91094323545_7.953369500569999.png,Osun,10-20
4.949448138021991_7.922413317184023_4.9344762166199985_7.967329081389999.png,Osun,10-20
4.949448138021991_7.967329081389998_4.9344762166199985_7.967329081389999.png,Osun,10-20
4.951059091503984_7.981936444024024_4.9211152487_8.02685220823.png,Osun,10-20
4.951059091503984_8.02685220823_4.9211152487_8.02685220823.png,Osun,10-20
4.955858999655977_7.923425657766015_4.91094323545_7.953369500569999.png,Osun,10-20
4.955858999655977_7.953369500569999_4.91094323545_7.953369500569999.png,Osun,10-20
4.958586160214024_7.911968277666015_5.00350192442_7.94191212047.png,Osun,10-20
4.958586160214024_7.9269401990680075_5.00350192442_7.94191212047.png,Osun,10-20
4.958586160214024_7.94191212047_5.00350192442_7.94191212047.png,Osun,10-20
4.958586160214024_7.956884041871992_5.00350192442_7.94191212047.png,Osun,10-20
4.958586160214024_7.971855963273984_5.00350192442_7.94191212047.png,Osun,10-20
4.958586160214024_7.986827884675976_5.00350192442_7.94191212047.png,Osun,10-20
4.964420059423983_7.967329081389998_4.9344762166199985_7.967329081389999.png,Osun,10-20
4.966031012905976_7.981936444024024_4.9211152487_8.02685220823.png,Osun,10-20
4.966674708914024_7.919682570786016_5.01159047312_7.94962641359.png,Osun,10-20
4.966674708914024_7.964598334991992_5.01159047312_7.94962641359.png,Osun,10-20
4.966674708914024_7.979570256393984_5.01159047312_7.94962641359.png,Osun,10-20
4.966674708914024_7.994542177795976_5.01159047312_7.94962641359.png,Osun,10-20
4.973558081616016_7.9269401990680075_5.00350192442_7.94191212047.png,Osun,10-20
4.973558081616016_7.956884041871992_5.00350192442_7.94191212047.png,Osun,10-20
4.973558081616016_7.971855963273984_5.00350192442_7.94191212047.png,Osun,10-20
4.973558081616016_7.986827884675976_5.00350192442_7.94191212047.png,Osun,10-20
4.979391980825975_7.997272924193982_4.9344762166199985_7.967329081389999.png,Osun,10-20
4.979391980825975_8.012244845595974_4.9344762166199985_7.967329081389999.png,Osun,10-20
4.981646630316016_7.934654492188008_5.01159047312_7.94962641359.png,Osun,10-20
4.981646630316016_7.94962641359_5.01159047312_7.94962641359.png,Osun,10-20
4.981646630316016_7.964598334991992_5.01159047312_7.94962641359.png,Osun,10-20
4.981646630316016_7.979570256393984_5.01159047312_7.94962641359.png,Osun,10-20
4.981646630316016_7.994542177795976_5.01159047312_7.94962641359.png,Osun,10-20
4.988530003018008_7.94191212047_5.00350192442_7.94191212047.png,Osun,10-20
4.988530003018008_7.956884041871992_5.00350192442_7.94191212047.png,Osun,10-20
4.988530003018008_7.971855963273984_5.00350192442_7.94191212047.png,Osun,10-20
4.988530003018008_7.986827884675976_5.00350192442_7.94191212047.png,Osun,10-20
4.989999574429573_7.953832622331761_5.01159047312_7.94962641359.png,Osun,10-20
4.996618551718008_7.94962641359_5.01159047312_7.94962641359.png,Osun,10-20
4.996618551718008_7.964598334991992_5.01159047312_7.94962641359.png,Osun,10-20
4.996618551718008_7.979570256393984_5.01159047312_7.94962641359.png,Osun,10-20
4.996618551718008_7.994542177795976_5.01159047312_7.94962641359.png,Osun,10-20
5.00350192442_7.956884041871992_5.00350192442_7.94191212047.png,Osun,10-20
5.00350192442_7.971855963273984_5.00350192442_7.94191212047.png,Osun,10-20
5.00350192442_7.986827884675976_5.00350192442_7.94191212047.png,Osun,10-20
5.011549953964024_7.963539009615976_5.05646571817_7.91862324541.png,Osun,10-20
5.01159047312_7.964598334991992_5.01159047312_7.94962641359.png,Osun,10-20
5.01159047312_7.979570256393984_5.01159047312_7.94962641359.png,Osun,10-20
5.01159047312_7.994542177795976_5.01159047312_7.94962641359.png,Osun,10-20
5.012897649894523_7.967791676968532_5.00350192442_7.94191212047.png,Osun,10-20
5.018473845821992_7.971855963273984_5.00350192442_7.94191212047.png,Osun,10-20
5.018473845821992_7.986827884675976_5.00350192442_7.94191212047.png,Osun,10-20
5.026562394521992_7.979570256393984_5.01159047312_7.94962641359.png,Osun,10-20
5.026562394521992_7.994542177795976_5.01159047312_7.94962641359.png,Osun,10-20
5.028318065383786_7.987689931216307_5.01159047312_7.94962641359.png,Osun,10-20
4.358662984043986_6.3231437899519936_4.3287191412400015_6.3081718685500014.png,Ogun,20-30
4.669392388024024_7.122999612944024_4.71430815223_7.16791537715.png,Ondo,0-10
4.6779924811039875_7.15636046882599_4.71430815223_7.16791537715.png,Ondo,0-10
4.684364309426016_7.122999612944024_4.71430815223_7.16791537715.png,Ondo,0-10
4.684364309426016_7.137971534346016_4.71430815223_7.16791537715.png,Ondo,0-10
4.684364309426016_7.152943455748008_4.71430815223_7.16791537715.png,Ondo,0-10
4.684364309426016_7.16791537715_4.71430815223_7.16791537715.png,Ondo,0-10
4.698839594154023_6.807043698733985_4.74375535836_6.77709985593.png,Ondo,0-10
4.699336230828008_7.122999612944024_4.71430815223_7.16791537715.png,Ondo,0-10
4.699336230828008_7.137971534346016_4.71430815223_7.16791537715.png,Ondo,0-10
4.699336230828008_7.152943455748008_4.71430815223_7.16791537715.png,Ondo,0-10
4.709027777114024_6.6988931604760165_4.75394354132_6.728837003280001.png,Ondo,0-10
4.709027777114024_6.728837003280001_4.75394354132_6.728837003280001.png,Ondo,0-10
4.713811515556015_6.747156013126016_4.74375535836_6.77709985593.png,Ondo,0-10
4.71430815223_7.122999612944024_4.71430815223_7.16791537715.png,Ondo,0-10
4.71430815223_7.137971534346016_4.71430815223_7.16791537715.png,Ondo,0-10
4.71430815223_7.152943455748008_4.71430815223_7.16791537715.png,Ondo,0-10
4.71430815223_7.16791537715_4.71430815223_7.16791537715.png,Ondo,0-10
4.715844019424024_7.120081360284023_4.76075978363_7.164997124489999.png,Ondo,0-10
4.722665069484024_6.943311839634024_4.76758083369_6.98822760384.png,Ondo,0-10
4.722665069484024_6.958283761036016_4.76758083369_6.98822760384.png,Ondo,0-10
4.722665069484024_6.973255682438008_4.76758083369_6.98822760384.png,Ondo,0-10
4.722665069484024_6.98822760384_4.76758083369_6.98822760384.png,Ondo,0-10
4.722665069484024_7.0031995252419925_4.76758083369_6.98822760384.png,Ondo,0-10
4.722665069484024_7.018171446643985_4.76758083369_6.98822760384.png,Ondo,0-10
4.722665069484024_7.033143368045977_4.76758083369_6.98822760384.png,Ondo,0-10
4.723284834555868_6.718119334104927_4.75394354132_6.728837003280001.png,Ondo,0-10
4.723999698516016_6.773752767485977_4.75394354132_6.728837003280001.png,Ondo,0-10
4.7287834369580075_6.762127934528008_4.74375535836_6.77709985593.png,Ondo,0-10
4.7287834369580075_6.77709985593_4.74375535836_6.77709985593.png,Ondo,0-10
4.7287834369580075_6.807043698733985_4.74375535836_6.77709985593.png,Ondo,0-10
4.7287834369580075_6.822015620135977_4.74375535836_6.77709985593.png,Ondo,0-10
4.729280073631992_7.122999612944024_4.71430815223_7.16791537715.png,Ondo,0-10
4.729280073631992_7.137971534346016_4.71430815223_7.16791537715.png,Ondo,0-10
4.729280073631992_7.152943455748008_4.71430815223_7.16791537715.png,Ondo,0-10
4.729280073631992_7.16791537715_4.71430815223_7.16791537715.png,Ondo,0-10
4.729280073631992_7.182887298551992_4.71430815223_7.16791537715.png,Ondo,0-10
4.729280073631992_7.197859219953984_4.71430815223_7.16791537715.png,Ondo,0-10
4.730815940826016_7.150025203088007_4.76075978363_7.164997124489999.png,Ondo,0-10
4.730980759024024_6.794670961454024_4.77589652323_6.83958672566.png,Ondo,0-10
4.730980759024024_6.809642882856016_4.77589652323_6.83958672566.png,Ondo,0-10
4.730980759024024_6.83958672566_4.77589652323_6.83958672566.png,Ondo,0-10
4.735663268768853_6.996799479565341_4.76758083369_6.98822760384.png,Ondo,0-10
4.737636990886016_6.943311839634024_4.76758083369_6.98822760384.png,Ondo,0-10
4.737636990886016_6.958283761036016_4.76758083369_6.98822760384.png,Ondo,0-10
4.737636990886016_6.973255682438008_4.76758083369_6.98822760384.png,Ondo,0-10
4.737636990886016_6.98822760384_4.76758083369_6.98822760384.png,Ondo,0-10
4.737636990886016_7.0031995252419925_4.76758083369_6.98822760384.png,Ondo,0-10
4.737636990886016_7.018171446643985_4.76758083369_6.98822760384.png,Ondo,0-10
4.737636990886016_7.033143368045977_4.76758083369_6.98822760384.png,Ondo,0-10
4.738844476354024_6.976052903154025_4.78376024056_7.020968667360001.png,Ondo,0-10
4.738844476354024_6.991024824556017_4.78376024056_7.020968667360001.png,Ondo,0-10
4.738844476354024_7.005996745958009_4.78376024056_7.020968667360001.png,Ondo,0-10
4.738844476354024_7.020968667360001_4.78376024056_7.020968667360001.png,Ondo,0-10
4.738844476354024_7.035940588761993_4.78376024056_7.020968667360001.png,Ondo,0-10
4.738844476354024_7.050912510163985_4.78376024056_7.020968667360001.png,Ondo,0-10
4.738844476354024_7.065884431565977_4.78376024056_7.020968667360001.png,Ondo,0-10
4.738971619918008_6.713865081878009_4.75394354132_6.728837003280001.png,Ondo,0-10
4.738971619918008_6.758780846083985_4.75394354132_6.728837003280001.png,Ondo,0-10
4.742947717814023_7.062622747054024_4.78786348202_7.1075385112600005.png,Ondo,0-10
4.742947717814023_7.077594668456016_4.78786348202_7.1075385112600005.png,Ondo,0-10
4.742947717814023_7.092566589858008_4.78786348202_7.1075385112600005.png,Ondo,0-10
4.742947717814023_7.1075385112600005_4.78786348202_7.1075385112600005.png,Ondo,0-10
4.742947717814023_7.122510432661993_4.78786348202_7.1075385112600005.png,Ondo,0-10
4.742947717814023_7.137482354063985_4.78786348202_7.1075385112600005.png,Ondo,0-10
4.742947717814023_7.152454275465977_4.78786348202_7.1075385112600005.png,Ondo,0-10
4.74375535836_6.732184091724024_4.74375535836_6.77709985593.png,Ondo,0-10
4.74375535836_6.762127934528008_4.74375535836_6.77709985593.png,Ondo,0-10
4.744251995033984_7.122999612944024_4.71430815223_7.16791537715.png,Ondo,0-10
4.744251995033984_7.137971534346016_4.71430815223_7.16791537715.png,Ondo,0-10
4.744251995033984_7.152943455748008_4.71430815223_7.16791537715.png,Ondo,0-10
4.744251995033984_7.16791537715_4.71430815223_7.16791537715.png,Ondo,0-10
4.744251995033984_7.182887298551992_4.71430815223_7.16791537715.png,Ondo,0-10
4.744251995033984_7.197859219953984_4.71430815223_7.16791537715.png,Ondo,0-10
4.744251995033984_7.212831141355976_4.71430815223_7.16791537715.png,Ondo,0-10
4.7448233841240235_6.262996504444024_4.78973914833_6.30791226865.png,Ondo,0-10
4.7448233841240235_6.277968425846016_4.78973914833_6.30791226865.png,Ondo,0-10
4.7448233841240235_6.352828032855976_4.78973914833_6.30791226865.png,Ondo,0-10
4.745787862228008_7.120081360284023_4.76075978363_7.164997124489999.png,Ondo,0-10
4.745787862228008_7.164997124489999_4.76075978363_7.164997124489999.png,Ondo,0-10
4.745952680426016_6.809642882856016_4.77589652323_6.83958672566.png,Ondo,0-10
4.745952680426016_6.83958672566_4.77589652323_6.83958672566.png,Ondo,0-10
4.752608912288008_6.943311839634024_4.76758083369_6.98822760384.png,Ondo,0-10
4.752608912288008_6.958283761036016_4.76758083369_6.98822760384.png,Ondo,0-10
4.752608912288008_6.973255682438008_4.76758083369_6.98822760384.png,Ondo,0-10
4.752608912288008_6.98822760384_4.76758083369_6.98822760384.png,Ondo,0-10
4.752608912288008_7.0031995252419925_4.76758083369_6.98822760384.png,Ondo,0-10
4.752608912288008_7.018171446643985_4.76758083369_6.98822760384.png,Ondo,0-10
4.752608912288008_7.033143368045977_4.76758083369_6.98822760384.png,Ondo,0-10
4.753816397756016_6.976052903154025_4.78376024056_7.020968667360001.png,Ondo,0-10
4.753816397756016_6.991024824556017_4.78376024056_7.020968667360001.png,Ondo,0-10
4.753816397756016_7.005996745958009_4.78376024056_7.020968667360001.png,Ondo,0-10
4.753816397756016_7.020968667360001_4.78376024056_7.020968667360001.png,Ondo,0-10
4.753816397756016_7.035940588761993_4.78376024056_7.020968667360001.png,Ondo,0-10
4.753816397756016_7.050912510163985_4.78376024056_7.020968667360001.png,Ondo,0-10
4.753816397756016_7.065884431565977_4.78376024056_7.020968667360001.png,Ondo,0-10
4.75521273284922_6.263399245871709_4.78973914833_6.30791226865.png,Ondo,0-10
4.7579196392160155_7.062622747054024_4.78786348202_7.1075385112600005.png,Ondo,0-10
4.7579196392160155_7.077594668456016_4.78786348202_7.1075385112600005.png,Ondo,0-10
4.7579196392160155_7.092566589858008_4.78786348202_7.1075385112600005.png,Ondo,0-10
4.7579196392160155_7.1075385112600005_4.78786348202_7.1075385112600005.png,Ondo,0-10
4.7579196392160155_7.122510432661993_4.78786348202_7.1075385112600005.png,Ondo,0-10
4.7579196392160155_7.152454275465977_4.78786348202_7.1075385112600005.png,Ondo,0-10
4.758727279761992_6.747156013126016_4.74375535836_6.77709985593.png,Ondo,0-10
4.759223916435976_7.122999612944024_4.71430815223_7.16791537715.png,Ondo,0-10
4.759223916435976_7.137971534346016_4.71430815223_7.16791537715.png,Ondo,0-10
4.759223916435976_7.152943455748008_4.71430815223_7.16791537715.png,Ondo,0-10
4.759223916435976_7.16791537715_4.71430815223_7.16791537715.png,Ondo,0-10
4.759223916435976_7.182887298551992_4.71430815223_7.16791537715.png,Ondo,0-10
4.759223916435976_7.197859219953984_4.71430815223_7.16791537715.png,Ondo,0-10
4.759223916435976_7.212831141355976_4.71430815223_7.16791537715.png,Ondo,0-10
4.76075978363_7.135053281686015_4.76075978363_7.164997124489999.png,Ondo,0-10
4.76075978363_7.179969045891991_4.76075978363_7.164997124489999.png,Ondo,0-10
4.76075978363_7.1949409672939835_4.76075978363_7.164997124489999.png,Ondo,0-10
4.760924601828008_6.884502489865977_4.77589652323_6.83958672566.png,Ondo,0-10
4.761977978011992_7.273772634216016_4.74700605661_7.30371647702.png,Ondo,0-10
4.761977978011992_7.288744555618008_4.74700605661_7.30371647702.png,Ondo,0-10
4.763027457364024_6.9580797629780085_4.80794322157_6.973051684380001.png,Ondo,0-10
4.763027457364024_6.973051684380001_4.80794322157_6.973051684380001.png,Ondo,0-10
4.763027457364024_6.988023605781993_4.80794322157_6.973051684380001.png,Ondo,0-10
4.763027457364024_7.002995527183985_4.80794322157_6.973051684380001.png,Ondo,0-10
4.763027457364024_7.017967448585977_4.80794322157_6.973051684380001.png,Ondo,0-10
4.766403090524024_6.965991353474024_4.8113188547300005_7.01090711768.png,Ondo,0-10
4.766403090524024_6.980963274876016_4.8113188547300005_7.01090711768.png,Ondo,0-10
4.766403090524024_6.995935196278008_4.8113188547300005_7.01090711768.png,Ondo,0-10
4.766403090524024_7.01090711768_4.8113188547300005_7.01090711768.png,Ondo,0-10
4.766403090524024_7.0258790390819925_4.8113188547300005_7.01090711768.png,Ondo,0-10
4.766403090524024_7.040850960483985_4.8113188547300005_7.01090711768.png,Ondo,0-10
4.766403090524024_7.055822881885977_4.8113188547300005_7.01090711768.png,Ondo,0-10
4.766612462004024_7.090483908404024_4.81152822621_7.13539967261.png,Ondo,0-10
4.766612462004024_7.105455829806016_4.81152822621_7.13539967261.png,Ondo,0-10
4.766612462004024_7.120427751208008_4.81152822621_7.13539967261.png,Ondo,0-10
4.766612462004024_7.13539967261_4.81152822621_7.13539967261.png,Ondo,0-10
4.766612462004024_7.150371594011992_4.81152822621_7.13539967261.png,Ondo,0-10
4.766612462004024_7.165343515413984_4.81152822621_7.13539967261.png,Ondo,0-10
4.766612462004024_7.1803154368159765_4.81152822621_7.13539967261.png,Ondo,0-10
4.766649778182728_6.987770948050073_4.8113188547300005_7.01090711768.png,Ondo,0-10
4.76758083369_6.958283761036016_4.76758083369_6.98822760384.png,Ondo,0-10
4.76758083369_6.973255682438008_4.76758083369_6.98822760384.png,Ondo,0-10
4.76758083369_6.98822760384_4.76758083369_6.98822760384.png,Ondo,0-10
4.76758083369_7.0031995252419925_4.76758083369_6.98822760384.png,Ondo,0-10
4.76758083369_7.018171446643985_4.76758083369_6.98822760384.png,Ondo,0-10
4.76758083369_7.033143368045977_4.76758083369_6.98822760384.png,Ondo,0-10
4.768788319158008_6.976052903154025_4.78376024056_7.020968667360001.png,Ondo,0-10
4.768788319158008_6.991024824556017_4.78376024056_7.020968667360001.png,Ondo,0-10
4.768788319158008_7.005996745958009_4.78376024056_7.020968667360001.png,Ondo,0-10
4.768788319158008_7.020968667360001_4.78376024056_7.020968667360001.png,Ondo,0-10
4.768788319158008_7.035940588761993_4.78376024056_7.020968667360001.png,Ondo,0-10
4.768788319158008_7.050912510163985_4.78376024056_7.020968667360001.png,Ondo,0-10
4.768788319158008_7.065884431565977_4.78376024056_7.020968667360001.png,Ondo,0-10
4.772891560618008_7.062622747054024_4.78786348202_7.1075385112600005.png,Ondo,0-10
4.772891560618008_7.077594668456016_4.78786348202_7.1075385112600005.png,Ondo,0-10
4.772891560618008_7.092566589858008_4.78786348202_7.1075385112600005.png,Ondo,0-10
4.772891560618008_7.1075385112600005_4.78786348202_7.1075385112600005.png,Ondo,0-10
4.772891560618008_7.122510432661993_4.78786348202_7.1075385112600005.png,Ondo,0-10
4.772891560618008_7.137482354063985_4.78786348202_7.1075385112600005.png,Ondo,0-10
4.772891560618008_7.152454275465977_4.78786348202_7.1075385112600005.png,Ondo,0-10
4.774767226928008_6.262996504444024_4.78973914833_6.30791226865.png,Ondo,0-10
4.77589652323_6.824614804258008_4.77589652323_6.83958672566.png,Ondo,0-10
4.77589652323_6.884502489865977_4.77589652323_6.83958672566.png,Ondo,0-10
4.7769228866337246_6.983580973327956_4.78376024056_7.020968667360001.png,Ondo,0-10
4.777999378766016_6.9580797629780085_4.80794322157_6.973051684380001.png,Ondo,0-10
4.777999378766016_6.973051684380001_4.80794322157_6.973051684380001.png,Ondo,0-10
4.777999378766016_6.988023605781993_4.80794322157_6.973051684380001.png,Ondo,0-10
4.777999378766016_7.002995527183985_4.80794322157_6.973051684380001.png,Ondo,0-10
4.777999378766016_7.017967448585977_4.80794322157_6.973051684380001.png,Ondo,0-10
4.779209592651788_6.322662860402299_4.78973914833_6.30791226865.png,Ondo,0-10
4.781375011926016_6.965991353474024_4.8113188547300005_7.01090711768.png,Ondo,0-10
4.781375011926016_6.980963274876016_4.8113188547300005_7.01090711768.png,Ondo,0-10
4.781375011926016_6.995935196278008_4.8113188547300005_7.01090711768.png,Ondo,0-10
4.781375011926016_7.01090711768_4.8113188547300005_7.01090711768.png,Ondo,0-10
4.781375011926016_7.0258790390819925_4.8113188547300005_7.01090711768.png,Ondo,0-10
4.781375011926016_7.040850960483985_4.8113188547300005_7.01090711768.png,Ondo,0-10
4.781375011926016_7.055822881885977_4.8113188547300005_7.01090711768.png,Ondo,0-10
4.781584383406016_7.090483908404024_4.81152822621_7.13539967261.png,Ondo,0-10
4.781584383406016_7.105455829806016_4.81152822621_7.13539967261.png,Ondo,0-10
4.781584383406016_7.120427751208008_4.81152822621_7.13539967261.png,Ondo,0-10
4.781584383406016_7.13539967261_4.81152822621_7.13539967261.png,Ondo,0-10
4.781584383406016_7.150371594011992_4.81152822621_7.13539967261.png,Ondo,0-10
4.781584383406016_7.165343515413984_4.81152822621_7.13539967261.png,Ondo,0-10
4.781584383406016_7.1803154368159765_4.81152822621_7.13539967261.png,Ondo,0-10
4.782552755091992_6.958283761036016_4.76758083369_6.98822760384.png,Ondo,0-10
4.782552755091992_6.973255682438008_4.76758083369_6.98822760384.png,Ondo,0-10
4.782552755091992_6.98822760384_4.76758083369_6.98822760384.png,Ondo,0-10
4.782552755091992_7.0031995252419925_4.76758083369_6.98822760384.png,Ondo,0-10
4.782552755091992_7.018171446643985_4.76758083369_6.98822760384.png,Ondo,0-10
4.782552755091992_7.033143368045977_4.76758083369_6.98822760384.png,Ondo,0-10
4.782835374314024_7.036291892004024_4.82775113852_7.08120765621.png,Ondo,0-10
4.782835374314024_7.051263813406016_4.82775113852_7.08120765621.png,Ondo,0-10
4.782835374314024_7.066235734808008_4.82775113852_7.08120765621.png,Ondo,0-10
4.782835374314024_7.08120765621_4.82775113852_7.08120765621.png,Ondo,0-10
4.782835374314024_7.096179577611992_4.82775113852_7.08120765621.png,Ondo,0-10
4.782835374314024_7.111151499013984_4.82775113852_7.08120765621.png,Ondo,0-10
4.782835374314024_7.1261234204159765_4.82775113852_7.08120765621.png,Ondo,0-10
4.78376024056_6.976052903154025_4.78376024056_7.020968667360001.png,Ondo,0-10
4.78376024056_6.991024824556017_4.78376024056_7.020968667360001.png,Ondo,0-10
4.78376024056_7.005996745958009_4.78376024056_7.020968667360001.png,Ondo,0-10
4.78376024056_7.020968667360001_4.78376024056_7.020968667360001.png,Ondo,0-10
4.78376024056_7.035940588761993_4.78376024056_7.020968667360001.png,Ondo,0-10
4.78376024056_7.050912510163985_4.78376024056_7.020968667360001.png,Ondo,0-10
4.78376024056_7.065884431565977_4.78376024056_7.020968667360001.png,Ondo,0-10
4.784068595447401_7.110241136983741_4.81152822621_7.13539967261.png,Ondo,0-10
4.786505321187513_7.164183020880233_4.81152822621_7.13539967261.png,Ondo,0-10
4.78786348202_7.062622747054024_4.78786348202_7.1075385112600005.png,Ondo,0-10
4.78786348202_7.077594668456016_4.78786348202_7.1075385112600005.png,Ondo,0-10
4.78786348202_7.092566589858008_4.78786348202_7.1075385112600005.png,Ondo,0-10
4.78786348202_7.1075385112600005_4.78786348202_7.1075385112600005.png,Ondo,0-10
4.78786348202_7.122510432661993_4.78786348202_7.1075385112600005.png,Ondo,0-10
4.78786348202_7.137482354063985_4.78786348202_7.1075385112600005.png,Ondo,0-10
4.78786348202_7.152454275465977_4.78786348202_7.1075385112600005.png,Ondo,0-10
4.7886158659301366_7.08816054637181_4.82775113852_7.08120765621.png,Ondo,0-10
4.788671122565976_6.732184091724024_4.74375535836_6.77709985593.png,Ondo,0-10
4.788671122565976_6.807043698733985_4.74375535836_6.77709985593.png,Ondo,0-10
4.78973914833_6.322884190051992_4.78973914833_6.30791226865.png,Ondo,0-10
4.790703626433984_7.150025203088007_4.76075978363_7.164997124489999.png,Ondo,0-10
4.790703626433984_7.164997124489999_4.76075978363_7.164997124489999.png,Ondo,0-10
4.790868444631992_6.83958672566_4.77589652323_6.83958672566.png,Ondo,0-10
4.790868444631992_6.8695305684639845_4.77589652323_6.83958672566.png,Ondo,0-10
4.791921820815976_7.288744555618008_4.74700605661_7.30371647702.png,Ondo,0-10
4.792797185830265_7.046333442239015_4.78376024056_7.020968667360001.png,Ondo,0-10
4.792971300168008_6.9580797629780085_4.80794322157_6.973051684380001.png,Ondo,0-10
4.792971300168008_6.973051684380001_4.80794322157_6.973051684380001.png,Ondo,0-10
4.792971300168008_6.988023605781993_4.80794322157_6.973051684380001.png,Ondo,0-10
4.792971300168008_7.002995527183985_4.80794322157_6.973051684380001.png,Ondo,0-10
4.792971300168008_7.017967448585977_4.80794322157_6.973051684380001.png,Ondo,0-10
4.794197859974024_6.9473308361160155_4.83911362418_6.97727467892.png,Ondo,0-10
4.794197859974024_6.962302757518008_4.83911362418_6.97727467892.png,Ondo,0-10
4.794197859974024_6.97727467892_4.83911362418_6.97727467892.png,Ondo,0-10
4.794197859974024_6.992246600321992_4.83911362418_6.97727467892.png,Ondo,0-10
4.794197859974024_7.007218521723984_4.83911362418_6.97727467892.png,Ondo,0-10
4.794197859974024_7.022190443125976_4.83911362418_6.97727467892.png,Ondo,0-10
4.796346933328008_6.965991353474024_4.8113188547300005_7.01090711768.png,Ondo,0-10
4.796346933328008_6.980963274876016_4.8113188547300005_7.01090711768.png,Ondo,0-10
4.796346933328008_6.995935196278008_4.8113188547300005_7.01090711768.png,Ondo,0-10
4.796346933328008_7.01090711768_4.8113188547300005_7.01090711768.png,Ondo,0-10
4.796346933328008_7.0258790390819925_4.8113188547300005_7.01090711768.png,Ondo,0-10
4.796346933328008_7.040850960483985_4.8113188547300005_7.01090711768.png,Ondo,0-10
4.796346933328008_7.055822881885977_4.8113188547300005_7.01090711768.png,Ondo,0-10
4.796556304808008_7.090483908404024_4.81152822621_7.13539967261.png,Ondo,0-10
4.796556304808008_7.105455829806016_4.81152822621_7.13539967261.png,Ondo,0-10
4.796556304808008_7.120427751208008_4.81152822621_7.13539967261.png,Ondo,0-10
4.796556304808008_7.13539967261_4.81152822621_7.13539967261.png,Ondo,0-10
4.796556304808008_7.150371594011992_4.81152822621_7.13539967261.png,Ondo,0-10
4.796556304808008_7.165343515413984_4.81152822621_7.13539967261.png,Ondo,0-10
4.796556304808008_7.1803154368159765_4.81152822621_7.13539967261.png,Ondo,0-10
4.7975246764939845_6.958283761036016_4.76758083369_6.98822760384.png,Ondo,0-10
4.7975246764939845_6.973255682438008_4.76758083369_6.98822760384.png,Ondo,0-10
4.7975246764939845_6.98822760384_4.76758083369_6.98822760384.png,Ondo,0-10
4.7975246764939845_7.0031995252419925_4.76758083369_6.98822760384.png,Ondo,0-10
4.7975246764939845_7.018171446643985_4.76758083369_6.98822760384.png,Ondo,0-10
4.7975246764939845_7.033143368045977_4.76758083369_6.98822760384.png,Ondo,0-10
4.797807295716016_7.036291892004024_4.82775113852_7.08120765621.png,Ondo,0-10
4.797807295716016_7.051263813406016_4.82775113852_7.08120765621.png,Ondo,0-10
4.797807295716016_7.066235734808008_4.82775113852_7.08120765621.png,Ondo,0-10
4.797807295716016_7.08120765621_4.82775113852_7.08120765621.png,Ondo,0-10
4.797807295716016_7.096179577611992_4.82775113852_7.08120765621.png,Ondo,0-10
4.797807295716016_7.111151499013984_4.82775113852_7.08120765621.png,Ondo,0-10
4.797807295716016_7.1261234204159765_4.82775113852_7.08120765621.png,Ondo,0-10
4.7987321619619925_6.976052903154025_4.78376024056_7.020968667360001.png,Ondo,0-10
4.7987321619619925_6.991024824556017_4.78376024056_7.020968667360001.png,Ondo,0-10
4.7987321619619925_7.005996745958009_4.78376024056_7.020968667360001.png,Ondo,0-10
4.7987321619619925_7.020968667360001_4.78376024056_7.020968667360001.png,Ondo,0-10
4.7987321619619925_7.035940588761993_4.78376024056_7.020968667360001.png,Ondo,0-10
4.7987321619619925_7.050912510163985_4.78376024056_7.020968667360001.png,Ondo,0-10
4.7987321619619925_7.065884431565977_4.78376024056_7.020968667360001.png,Ondo,0-10
4.798859305525976_6.6988931604760165_4.75394354132_6.728837003280001.png,Ondo,0-10
4.800733792488366_6.9472320266028955_4.76758083369_6.98822760384.png,Ondo,0-10
4.802835403421992_7.062622747054024_4.78786348202_7.1075385112600005.png,Ondo,0-10
4.802835403421992_7.077594668456016_4.78786348202_7.1075385112600005.png,Ondo,0-10
4.802835403421992_7.092566589858008_4.78786348202_7.1075385112600005.png,Ondo,0-10
4.802835403421992_7.1075385112600005_4.78786348202_7.1075385112600005.png,Ondo,0-10
4.802835403421992_7.122510432661993_4.78786348202_7.1075385112600005.png,Ondo,0-10
4.802835403421992_7.137482354063985_4.78786348202_7.1075385112600005.png,Ondo,0-10
4.802835403421992_7.152454275465977_4.78786348202_7.1075385112600005.png,Ondo,0-10
4.803255570534024_6.957038536956016_4.84817133474_6.986982379760001.png,Ondo,0-10
4.803255570534024_6.9720104583580085_4.84817133474_6.986982379760001.png,Ondo,0-10
4.803255570534024_6.986982379760001_4.84817133474_6.986982379760001.png,Ondo,0-10
4.803255570534024_7.001954301161993_4.84817133474_6.986982379760001.png,Ondo,0-10
4.803255570534024_7.016926222563985_4.84817133474_6.986982379760001.png,Ondo,0-10
4.803255570534024_7.031898143965977_4.84817133474_6.986982379760001.png,Ondo,0-10
4.804711069731992_6.322884190051992_4.78973914833_6.30791226865.png,Ondo,0-10
4.8056755478359765_7.164997124489999_4.76075978363_7.164997124489999.png,Ondo,0-10
4.8056755478359765_7.179969045891991_4.76075978363_7.164997124489999.png,Ondo,0-10
4.805840366033984_6.854558647061992_4.77589652323_6.83958672566.png,Ondo,0-10
4.805840366033984_6.884502489865977_4.77589652323_6.83958672566.png,Ondo,0-10
4.80794322157_6.928135920174024_4.80794322157_6.973051684380001.png,Ondo,0-10
4.80794322157_6.943107841576016_4.80794322157_6.973051684380001.png,Ondo,0-10
4.80794322157_6.9580797629780085_4.80794322157_6.973051684380001.png,Ondo,0-10
4.80794322157_6.988023605781993_4.80794322157_6.973051684380001.png,Ondo,0-10
4.80794322157_7.002995527183985_4.80794322157_6.973051684380001.png,Ondo,0-10
4.80794322157_7.017967448585977_4.80794322157_6.973051684380001.png,Ondo,0-10
4.809169781376016_6.932358914714023_4.83911362418_6.97727467892.png,Ondo,0-10
4.809169781376016_6.9473308361160155_4.83911362418_6.97727467892.png,Ondo,0-10
4.809169781376016_6.962302757518008_4.83911362418_6.97727467892.png,Ondo,0-10
4.809169781376016_6.992246600321992_4.83911362418_6.97727467892.png,Ondo,0-10
4.809169781376016_7.007218521723984_4.83911362418_6.97727467892.png,Ondo,0-10
4.809169781376016_7.022190443125976_4.83911362418_6.97727467892.png,Ondo,0-10
4.80939950384384_7.110626008625855_4.78786348202_7.1075385112600005.png,Ondo,0-10
4.8113188547300005_6.995935196278008_4.8113188547300005_7.01090711768.png,Ondo,0-10
4.8113188547300005_7.01090711768_4.8113188547300005_7.01090711768.png,Ondo,0-10
4.8113188547300005_7.0258790390819925_4.8113188547300005_7.01090711768.png,Ondo,0-10
4.8113188547300005_7.040850960483985_4.8113188547300005_7.01090711768.png,Ondo,0-10
4.8113188547300005_7.055822881885977_4.8113188547300005_7.01090711768.png,Ondo,0-10
4.81152822621_7.090483908404024_4.81152822621_7.13539967261.png,Ondo,0-10
4.81152822621_7.105455829806016_4.81152822621_7.13539967261.png,Ondo,0-10
4.81152822621_7.120427751208008_4.81152822621_7.13539967261.png,Ondo,0-10
4.81152822621_7.13539967261_4.81152822621_7.13539967261.png,Ondo,0-10
4.81152822621_7.150371594011992_4.81152822621_7.13539967261.png,Ondo,0-10
4.81152822621_7.165343515413984_4.81152822621_7.13539967261.png,Ondo,0-10
4.81152822621_7.1803154368159765_4.81152822621_7.13539967261.png,Ondo,0-10
4.812496597895977_6.943311839634024_4.76758083369_6.98822760384.png,Ondo,0-10
4.812496597895977_6.958283761036016_4.76758083369_6.98822760384.png,Ondo,0-10
4.812496597895977_6.98822760384_4.76758083369_6.98822760384.png,Ondo,0-10
4.812496597895977_7.0031995252419925_4.76758083369_6.98822760384.png,Ondo,0-10
4.812496597895977_7.018171446643985_4.76758083369_6.98822760384.png,Ondo,0-10
4.812496597895977_7.033143368045977_4.76758083369_6.98822760384.png,Ondo,0-10
4.812779217118008_7.036291892004024_4.82775113852_7.08120765621.png,Ondo,0-10
4.812779217118008_7.051263813406016_4.82775113852_7.08120765621.png,Ondo,0-10
4.812779217118008_7.066235734808008_4.82775113852_7.08120765621.png,Ondo,0-10
4.812779217118008_7.08120765621_4.82775113852_7.08120765621.png,Ondo,0-10
4.812779217118008_7.096179577611992_4.82775113852_7.08120765621.png,Ondo,0-10
4.812779217118008_7.111151499013984_4.82775113852_7.08120765621.png,Ondo,0-10
4.812779217118008_7.1261234204159765_4.82775113852_7.08120765621.png,Ondo,0-10
4.813704083363985_6.991024824556017_4.78376024056_7.020968667360001.png,Ondo,0-10
4.813704083363985_7.005996745958009_4.78376024056_7.020968667360001.png,Ondo,0-10
4.813704083363985_7.020968667360001_4.78376024056_7.020968667360001.png,Ondo,0-10
4.813704083363985_7.035940588761993_4.78376024056_7.020968667360001.png,Ondo,0-10
4.813704083363985_7.050912510163985_4.78376024056_7.020968667360001.png,Ondo,0-10
4.813704083363985_7.065884431565977_4.78376024056_7.020968667360001.png,Ondo,0-10
4.815102432224024_7.013683381454025_4.86001819643_7.0585991456600015.png,Ondo,0-10
4.815102432224024_7.028655302856017_4.86001819643_7.0585991456600015.png,Ondo,0-10
4.815102432224024_7.043627224258009_4.86001819643_7.0585991456600015.png,Ondo,0-10
4.815102432224024_7.0585991456600015_4.86001819643_7.0585991456600015.png,Ondo,0-10
4.815102432224024_7.073571067061994_4.86001819643_7.0585991456600015.png,Ondo,0-10
4.815102432224024_7.088542988463986_4.86001819643_7.0585991456600015.png,Ondo,0-10
4.815102432224024_7.103514909865978_4.86001819643_7.0585991456600015.png,Ondo,0-10
4.817807324823984_7.062622747054024_4.78786348202_7.1075385112600005.png,Ondo,0-10
4.817807324823984_7.077594668456016_4.78786348202_7.1075385112600005.png,Ondo,0-10
4.817807324823984_7.092566589858008_4.78786348202_7.1075385112600005.png,Ondo,0-10
4.817807324823984_7.1075385112600005_4.78786348202_7.1075385112600005.png,Ondo,0-10
4.817807324823984_7.122510432661993_4.78786348202_7.1075385112600005.png,Ondo,0-10
4.817807324823984_7.137482354063985_4.78786348202_7.1075385112600005.png,Ondo,0-10
4.817807324823984_7.152454275465977_4.78786348202_7.1075385112600005.png,Ondo,0-10
4.818227491936016_6.942066615554024_4.84817133474_6.986982379760001.png,Ondo,0-10
4.818227491936016_6.957038536956016_4.84817133474_6.986982379760001.png,Ondo,0-10
4.818227491936016_7.001954301161993_4.84817133474_6.986982379760001.png,Ondo,0-10
4.818227491936016_7.016926222563985_4.84817133474_6.986982379760001.png,Ondo,0-10
4.818227491936016_7.031898143965977_4.84817133474_6.986982379760001.png,Ondo,0-10
4.819682991133984_6.337856111453984_4.78973914833_6.30791226865.png,Ondo,0-10
4.8229151429719925_6.928135920174024_4.80794322157_6.973051684380001.png,Ondo,0-10
4.8229151429719925_6.943107841576016_4.80794322157_6.973051684380001.png,Ondo,0-10
4.8229151429719925_6.9580797629780085_4.80794322157_6.973051684380001.png,Ondo,0-10
4.8229151429719925_6.988023605781993_4.80794322157_6.973051684380001.png,Ondo,0-10
4.8229151429719925_7.002995527183985_4.80794322157_6.973051684380001.png,Ondo,0-10
4.8229151429719925_7.017967448585977_4.80794322157_6.973051684380001.png,Ondo,0-10
4.824141702778008_6.932358914714023_4.83911362418_6.97727467892.png,Ondo,0-10
4.824141702778008_6.9473308361160155_4.83911362418_6.97727467892.png,Ondo,0-10
4.824141702778008_6.962302757518008_4.83911362418_6.97727467892.png,Ondo,0-10
4.824141702778008_6.992246600321992_4.83911362418_6.97727467892.png,Ondo,0-10
4.824141702778008_7.007218521723984_4.83911362418_6.97727467892.png,Ondo,0-10
4.824141702778008_7.022190443125976_4.83911362418_6.97727467892.png,Ondo,0-10
4.826290776131993_6.995935196278008_4.8113188547300005_7.01090711768.png,Ondo,0-10
4.826290776131993_7.01090711768_4.8113188547300005_7.01090711768.png,Ondo,0-10
4.826290776131993_7.0258790390819925_4.8113188547300005_7.01090711768.png,Ondo,0-10
4.826290776131993_7.040850960483985_4.8113188547300005_7.01090711768.png,Ondo,0-10
4.826290776131993_7.055822881885977_4.8113188547300005_7.01090711768.png,Ondo,0-10
4.826500147611992_7.090483908404024_4.81152822621_7.13539967261.png,Ondo,0-10
4.826500147611992_7.105455829806016_4.81152822621_7.13539967261.png,Ondo,0-10
4.826500147611992_7.120427751208008_4.81152822621_7.13539967261.png,Ondo,0-10
4.826500147611992_7.13539967261_4.81152822621_7.13539967261.png,Ondo,0-10
4.826500147611992_7.150371594011992_4.81152822621_7.13539967261.png,Ondo,0-10
4.826500147611992_7.165343515413984_4.81152822621_7.13539967261.png,Ondo,0-10
4.826500147611992_7.1803154368159765_4.81152822621_7.13539967261.png,Ondo,0-10
4.82775113852_7.036291892004024_4.82775113852_7.08120765621.png,Ondo,0-10
4.82775113852_7.051263813406016_4.82775113852_7.08120765621.png,Ondo,0-10
4.82775113852_7.066235734808008_4.82775113852_7.08120765621.png,Ondo,0-10
4.82775113852_7.08120765621_4.82775113852_7.08120765621.png,Ondo,0-10
4.82775113852_7.096179577611992_4.82775113852_7.08120765621.png,Ondo,0-10
4.82775113852_7.111151499013984_4.82775113852_7.08120765621.png,Ondo,0-10
4.82775113852_7.1261234204159765_4.82775113852_7.08120765621.png,Ondo,0-10
4.828179063414023_6.897254513099999_4.873094827619999_6.897254513099999.png,Ondo,0-10
4.828179063414023_6.912226434501991_4.873094827619999_6.897254513099999.png,Ondo,0-10
4.828179063414023_6.927198355903983_4.873094827619999_6.897254513099999.png,Ondo,0-10
4.828676004765977_6.991024824556017_4.78376024056_7.020968667360001.png,Ondo,0-10
4.828676004765977_7.005996745958009_4.78376024056_7.020968667360001.png,Ondo,0-10
4.828676004765977_7.020968667360001_4.78376024056_7.020968667360001.png,Ondo,0-10
4.828676004765977_7.035940588761993_4.78376024056_7.020968667360001.png,Ondo,0-10
4.828676004765977_7.050912510163985_4.78376024056_7.020968667360001.png,Ondo,0-10
4.828676004765977_7.065884431565977_4.78376024056_7.020968667360001.png,Ondo,0-10
4.830074353626016_7.013683381454025_4.86001819643_7.0585991456600015.png,Ondo,0-10
4.830074353626016_7.028655302856017_4.86001819643_7.0585991456600015.png,Ondo,0-10
4.830074353626016_7.043627224258009_4.86001819643_7.0585991456600015.png,Ondo,0-10
4.830074353626016_7.0585991456600015_4.86001819643_7.0585991456600015.png,Ondo,0-10
4.830074353626016_7.073571067061994_4.86001819643_7.0585991456600015.png,Ondo,0-10
4.830074353626016_7.088542988463986_4.86001819643_7.0585991456600015.png,Ondo,0-10
4.830074353626016_7.103514909865978_4.86001819643_7.0585991456600015.png,Ondo,0-10
4.831274686524024_6.846209884921992_4.87619045073_6.83123796352.png,Ondo,0-10
4.832181523115261_7.001470937556138_4.80794322157_6.973051684380001.png,Ondo,0-10
4.832779246225976_7.062622747054024_4.78786348202_7.1075385112600005.png,Ondo,0-10
4.832779246225976_7.077594668456016_4.78786348202_7.1075385112600005.png,Ondo,0-10
4.832779246225976_7.092566589858008_4.78786348202_7.1075385112600005.png,Ondo,0-10
4.832779246225976_7.1075385112600005_4.78786348202_7.1075385112600005.png,Ondo,0-10
4.832779246225976_7.122510432661993_4.78786348202_7.1075385112600005.png,Ondo,0-10
4.832779246225976_7.137482354063985_4.78786348202_7.1075385112600005.png,Ondo,0-10
4.832779246225976_7.152454275465977_4.78786348202_7.1075385112600005.png,Ondo,0-10
4.833199413338008_6.942066615554024_4.84817133474_6.986982379760001.png,Ondo,0-10
4.833199413338008_6.957038536956016_4.84817133474_6.986982379760001.png,Ondo,0-10
4.833199413338008_7.001954301161993_4.84817133474_6.986982379760001.png,Ondo,0-10
4.833199413338008_7.016926222563985_4.84817133474_6.986982379760001.png,Ondo,0-10
4.833199413338008_7.031898143965977_4.84817133474_6.986982379760001.png,Ondo,0-10
4.834152093042776_7.076251872582692_4.86001819643_7.0585991456600015.png,Ondo,0-10
4.834654912535976_6.277968425846016_4.78973914833_6.30791226865.png,Ondo,0-10
4.834654912535976_6.322884190051992_4.78973914833_6.30791226865.png,Ondo,0-10
4.834944730758007_7.356477146328008_4.849916652159999_7.37144906773.png,Ondo,0-10
4.837887064373985_6.928135920174024_4.80794322157_6.973051684380001.png,Ondo,0-10
4.837887064373985_6.943107841576016_4.80794322157_6.973051684380001.png,Ondo,0-10
4.837887064373985_6.9580797629780085_4.80794322157_6.973051684380001.png,Ondo,0-10
4.837887064373985_6.988023605781993_4.80794322157_6.973051684380001.png,Ondo,0-10
4.837887064373985_7.002995527183985_4.80794322157_6.973051684380001.png,Ondo,0-10
4.837887064373985_7.017967448585977_4.80794322157_6.973051684380001.png,Ondo,0-10
4.83911362418_6.932358914714023_4.83911362418_6.97727467892.png,Ondo,0-10
4.83911362418_6.9473308361160155_4.83911362418_6.97727467892.png,Ondo,0-10
4.83911362418_6.962302757518008_4.83911362418_6.97727467892.png,Ondo,0-10
4.83911362418_6.992246600321992_4.83911362418_6.97727467892.png,Ondo,0-10
4.83911362418_7.007218521723984_4.83911362418_6.97727467892.png,Ondo,0-10
4.83911362418_7.022190443125976_4.83911362418_6.97727467892.png,Ondo,0-10
4.841262697533985_6.995935196278008_4.8113188547300005_7.01090711768.png,Ondo,0-10
4.841262697533985_7.01090711768_4.8113188547300005_7.01090711768.png,Ondo,0-10
4.841262697533985_7.0258790390819925_4.8113188547300005_7.01090711768.png,Ondo,0-10
4.841262697533985_7.040850960483985_4.8113188547300005_7.01090711768.png,Ondo,0-10
4.841262697533985_7.055822881885977_4.8113188547300005_7.01090711768.png,Ondo,0-10
4.841472069013984_7.090483908404024_4.81152822621_7.13539967261.png,Ondo,0-10
4.841472069013984_7.105455829806016_4.81152822621_7.13539967261.png,Ondo,0-10
4.841472069013984_7.120427751208008_4.81152822621_7.13539967261.png,Ondo,0-10
4.841472069013984_7.13539967261_4.81152822621_7.13539967261.png,Ondo,0-10
4.841472069013984_7.150371594011992_4.81152822621_7.13539967261.png,Ondo,0-10
4.841472069013984_7.165343515413984_4.81152822621_7.13539967261.png,Ondo,0-10
4.841472069013984_7.1803154368159765_4.81152822621_7.13539967261.png,Ondo,0-10
4.842723059921992_7.036291892004024_4.82775113852_7.08120765621.png,Ondo,0-10
4.842723059921992_7.051263813406016_4.82775113852_7.08120765621.png,Ondo,0-10
4.842723059921992_7.066235734808008_4.82775113852_7.08120765621.png,Ondo,0-10
4.842723059921992_7.08120765621_4.82775113852_7.08120765621.png,Ondo,0-10
4.842723059921992_7.096179577611992_4.82775113852_7.08120765621.png,Ondo,0-10
4.842723059921992_7.111151499013984_4.82775113852_7.08120765621.png,Ondo,0-10
4.842723059921992_7.1261234204159765_4.82775113852_7.08120765621.png,Ondo,0-10
4.843192864471992_6.610742571134024_4.82822094307_6.65565833534.png,Ondo,0-10
4.845046275028008_7.013683381454025_4.86001819643_7.0585991456600015.png,Ondo,0-10
4.845046275028008_7.028655302856017_4.86001819643_7.0585991456600015.png,Ondo,0-10
4.845046275028008_7.043627224258009_4.86001819643_7.0585991456600015.png,Ondo,0-10
4.845046275028008_7.0585991456600015_4.86001819643_7.0585991456600015.png,Ondo,0-10
4.845046275028008_7.073571067061994_4.86001819643_7.0585991456600015.png,Ondo,0-10
4.845046275028008_7.088542988463986_4.86001819643_7.0585991456600015.png,Ondo,0-10
4.845046275028008_7.103514909865978_4.86001819643_7.0585991456600015.png,Ondo,0-10
4.846246607926016_6.801294120716015_4.87619045073_6.83123796352.png,Ondo,0-10
4.846246607926016_6.83123796352_4.87619045073_6.83123796352.png,Ondo,0-10
4.847447522127522_7.069356301379616_4.82775113852_7.08120765621.png,Ondo,0-10
4.84817133474_6.942066615554024_4.84817133474_6.986982379760001.png,Ondo,0-10
4.84817133474_6.957038536956016_4.84817133474_6.986982379760001.png,Ondo,0-10
4.84817133474_7.001954301161993_4.84817133474_6.986982379760001.png,Ondo,0-10
4.84817133474_7.016926222563985_4.84817133474_6.986982379760001.png,Ondo,0-10
4.84817133474_7.031898143965977_4.84817133474_6.986982379760001.png,Ondo,0-10
4.849916652159999_7.341505224926016_4.849916652159999_7.37144906773.png,Ondo,0-10
4.850533251399812_7.015495784602044_4.8113188547300005_7.01090711768.png,Ondo,0-10
4.852858985775977_6.928135920174024_4.80794322157_6.973051684380001.png,Ondo,0-10
4.852858985775977_6.943107841576016_4.80794322157_6.973051684380001.png,Ondo,0-10
4.852858985775977_6.9580797629780085_4.80794322157_6.973051684380001.png,Ondo,0-10
4.852858985775977_6.973051684380001_4.80794322157_6.973051684380001.png,Ondo,0-10
4.852858985775977_6.988023605781993_4.80794322157_6.973051684380001.png,Ondo,0-10
4.852858985775977_7.002995527183985_4.80794322157_6.973051684380001.png,Ondo,0-10
4.852858985775977_7.017967448585977_4.80794322157_6.973051684380001.png,Ondo,0-10
4.853741808194024_6.959581758274024_4.8986575724_7.00449752248.png,Ondo,0-10
4.853741808194024_6.974553679676016_4.8986575724_7.00449752248.png,Ondo,0-10
4.853741808194024_6.989525601078008_4.8986575724_7.00449752248.png,Ondo,0-10
4.853741808194024_7.00449752248_4.8986575724_7.00449752248.png,Ondo,0-10
4.853741808194024_7.0194694438819925_4.8986575724_7.00449752248.png,Ondo,0-10
4.853741808194024_7.034441365283985_4.8986575724_7.00449752248.png,Ondo,0-10
4.853741808194024_7.049413286685977_4.8986575724_7.00449752248.png,Ondo,0-10
4.8540855455819925_6.932358914714023_4.83911362418_6.97727467892.png,Ondo,0-10
4.8540855455819925_6.9473308361160155_4.83911362418_6.97727467892.png,Ondo,0-10
4.8540855455819925_6.962302757518008_4.83911362418_6.97727467892.png,Ondo,0-10
4.8540855455819925_6.97727467892_4.83911362418_6.97727467892.png,Ondo,0-10
4.8540855455819925_6.992246600321992_4.83911362418_6.97727467892.png,Ondo,0-10
4.8540855455819925_7.007218521723984_4.83911362418_6.97727467892.png,Ondo,0-10
4.8540855455819925_7.022190443125976_4.83911362418_6.97727467892.png,Ondo,0-10
4.856234618935977_6.965991353474024_4.8113188547300005_7.01090711768.png,Ondo,0-10
4.856234618935977_6.980963274876016_4.8113188547300005_7.01090711768.png,Ondo,0-10
4.856234618935977_6.995935196278008_4.8113188547300005_7.01090711768.png,Ondo,0-10
4.856234618935977_7.01090711768_4.8113188547300005_7.01090711768.png,Ondo,0-10
4.856234618935977_7.0258790390819925_4.8113188547300005_7.01090711768.png,Ondo,0-10
4.856234618935977_7.040850960483985_4.8113188547300005_7.01090711768.png,Ondo,0-10
4.856234618935977_7.055822881885977_4.8113188547300005_7.01090711768.png,Ondo,0-10
4.856443990415976_7.090483908404024_4.81152822621_7.13539967261.png,Ondo,0-10
4.856443990415976_7.105455829806016_4.81152822621_7.13539967261.png,Ondo,0-10
4.856443990415976_7.120427751208008_4.81152822621_7.13539967261.png,Ondo,0-10
4.856443990415976_7.13539967261_4.81152822621_7.13539967261.png,Ondo,0-10
4.856443990415976_7.150371594011992_4.81152822621_7.13539967261.png,Ondo,0-10
4.856443990415976_7.165343515413984_4.81152822621_7.13539967261.png,Ondo,0-10
4.856443990415976_7.1803154368159765_4.81152822621_7.13539967261.png,Ondo,0-10
4.857694981323984_7.036291892004024_4.82775113852_7.08120765621.png,Ondo,0-10
4.857694981323984_7.051263813406016_4.82775113852_7.08120765621.png,Ondo,0-10
4.857694981323984_7.066235734808008_4.82775113852_7.08120765621.png,Ondo,0-10
4.857694981323984_7.08120765621_4.82775113852_7.08120765621.png,Ondo,0-10
4.857694981323984_7.096179577611992_4.82775113852_7.08120765621.png,Ondo,0-10
4.857694981323984_7.111151499013984_4.82775113852_7.08120765621.png,Ondo,0-10
4.857694981323984_7.1261234204159765_4.82775113852_7.08120765621.png,Ondo,0-10
4.858122906218007_6.897254513099999_4.873094827619999_6.897254513099999.png,Ondo,0-10
4.858122906218007_6.927198355903983_4.873094827619999_6.897254513099999.png,Ondo,0-10
4.86001819643_7.013683381454025_4.86001819643_7.0585991456600015.png,Ondo,0-10
4.86001819643_7.028655302856017_4.86001819643_7.0585991456600015.png,Ondo,0-10
4.86001819643_7.043627224258009_4.86001819643_7.0585991456600015.png,Ondo,0-10
4.86001819643_7.0585991456600015_4.86001819643_7.0585991456600015.png,Ondo,0-10
4.86001819643_7.073571067061994_4.86001819643_7.0585991456600015.png,Ondo,0-10
4.86001819643_7.088542988463986_4.86001819643_7.0585991456600015.png,Ondo,0-10
4.86001819643_7.103514909865978_4.86001819643_7.0585991456600015.png,Ondo,0-10
4.863143256141992_6.942066615554024_4.84817133474_6.986982379760001.png,Ondo,0-10
4.863143256141992_6.957038536956016_4.84817133474_6.986982379760001.png,Ondo,0-10
4.863143256141992_6.9720104583580085_4.84817133474_6.986982379760001.png,Ondo,0-10
4.863143256141992_6.986982379760001_4.84817133474_6.986982379760001.png,Ondo,0-10
4.863143256141992_7.001954301161993_4.84817133474_6.986982379760001.png,Ondo,0-10
4.863143256141992_7.016926222563985_4.84817133474_6.986982379760001.png,Ondo,0-10
4.863143256141992_7.031898143965977_4.84817133474_6.986982379760001.png,Ondo,0-10
4.864888573561991_7.341505224926016_4.849916652159999_7.37144906773.png,Ondo,0-10
4.864888573561991_7.356477146328008_4.849916652159999_7.37144906773.png,Ondo,0-10
4.868713729596016_6.959581758274024_4.8986575724_7.00449752248.png,Ondo,0-10
4.868713729596016_6.974553679676016_4.8986575724_7.00449752248.png,Ondo,0-10
4.868713729596016_6.989525601078008_4.8986575724_7.00449752248.png,Ondo,0-10
4.868713729596016_7.00449752248_4.8986575724_7.00449752248.png,Ondo,0-10
4.868713729596016_7.0194694438819925_4.8986575724_7.00449752248.png,Ondo,0-10
4.868713729596016_7.034441365283985_4.8986575724_7.00449752248.png,Ondo,0-10
4.868713729596016_7.049413286685977_4.8986575724_7.00449752248.png,Ondo,0-10
4.869057466983985_6.932358914714023_4.83911362418_6.97727467892.png,Ondo,0-10
4.869057466983985_6.9473308361160155_4.83911362418_6.97727467892.png,Ondo,0-10
4.869057466983985_6.962302757518008_4.83911362418_6.97727467892.png,Ondo,0-10
4.869057466983985_6.97727467892_4.83911362418_6.97727467892.png,Ondo,0-10
4.869057466983985_6.992246600321992_4.83911362418_6.97727467892.png,Ondo,0-10
4.869057466983985_7.007218521723984_4.83911362418_6.97727467892.png,Ondo,0-10
4.869057466983985_7.022190443125976_4.83911362418_6.97727467892.png,Ondo,0-10
4.872557963599855_6.987972423897616_4.83911362418_6.97727467892.png,Ondo,0-10
4.872666902725976_7.036291892004024_4.82775113852_7.08120765621.png,Ondo,0-10
4.872666902725976_7.051263813406016_4.82775113852_7.08120765621.png,Ondo,0-10
4.872666902725976_7.066235734808008_4.82775113852_7.08120765621.png,Ondo,0-10
4.872666902725976_7.08120765621_4.82775113852_7.08120765621.png,Ondo,0-10
4.872666902725976_7.096179577611992_4.82775113852_7.08120765621.png,Ondo,0-10
4.872666902725976_7.111151499013984_4.82775113852_7.08120765621.png,Ondo,0-10
4.872666902725976_7.1261234204159765_4.82775113852_7.08120765621.png,Ondo,0-10
4.873094827619999_6.897254513099999_4.873094827619999_6.897254513099999.png,Ondo,0-10
4.873094827619999_6.912226434501991_4.873094827619999_6.897254513099999.png,Ondo,0-10
4.873094827619999_6.927198355903983_4.873094827619999_6.897254513099999.png,Ondo,0-10
4.873136707275976_6.65565833534_4.82822094307_6.65565833534.png,Ondo,0-10
4.873839661194024_6.199261082994024_4.9187554254000005_6.2441768472.png,Ondo,0-10
4.873839661194024_6.214233004396016_4.9187554254000005_6.2441768472.png,Ondo,0-10
4.874523390794024_6.2598503319640235_4.919439155_6.30476609617.png,Ondo,0-10
4.874523390794024_6.30476609617_4.919439155_6.30476609617.png,Ondo,0-10
4.874523390794024_6.334709938973984_4.919439155_6.30476609617.png,Ondo,0-10
4.874523390794024_6.349681860375976_4.919439155_6.30476609617.png,Ondo,0-10
4.8749901178319925_7.013683381454025_4.86001819643_7.0585991456600015.png,Ondo,0-10
4.8749901178319925_7.028655302856017_4.86001819643_7.0585991456600015.png,Ondo,0-10
4.8749901178319925_7.043627224258009_4.86001819643_7.0585991456600015.png,Ondo,0-10
4.8749901178319925_7.0585991456600015_4.86001819643_7.0585991456600015.png,Ondo,0-10
4.8749901178319925_7.073571067061994_4.86001819643_7.0585991456600015.png,Ondo,0-10
4.8749901178319925_7.088542988463986_4.86001819643_7.0585991456600015.png,Ondo,0-10
4.8749901178319925_7.103514909865978_4.86001819643_7.0585991456600015.png,Ondo,0-10
4.878115177543984_6.942066615554024_4.84817133474_6.986982379760001.png,Ondo,0-10
4.878115177543984_6.957038536956016_4.84817133474_6.986982379760001.png,Ondo,0-10
4.878115177543984_6.9720104583580085_4.84817133474_6.986982379760001.png,Ondo,0-10
4.878115177543984_6.986982379760001_4.84817133474_6.986982379760001.png,Ondo,0-10
4.878115177543984_7.001954301161993_4.84817133474_6.986982379760001.png,Ondo,0-10
4.878115177543984_7.016926222563985_4.84817133474_6.986982379760001.png,Ondo,0-10
4.878115177543984_7.031898143965977_4.84817133474_6.986982379760001.png,Ondo,0-10
4.8794699741040235_6.906092268934023_4.92438573831_6.951008033139999.png,Ondo,0-10
4.8794699741040235_6.921064190336015_4.92438573831_6.951008033139999.png,Ondo,0-10
4.8794699741040235_6.936036111738007_4.92438573831_6.951008033139999.png,Ondo,0-10
4.8794699741040235_6.951008033139999_4.92438573831_6.951008033139999.png,Ondo,0-10
4.8794699741040235_6.965979954541991_4.92438573831_6.951008033139999.png,Ondo,0-10
4.8794699741040235_6.980951875943983_4.92438573831_6.951008033139999.png,Ondo,0-10
4.8794699741040235_6.995923797345975_4.92438573831_6.951008033139999.png,Ondo,0-10
4.879860494963983_7.37144906773_4.849916652159999_7.37144906773.png,Ondo,0-10
4.883247631338139_6.942143208212123_4.84817133474_6.986982379760001.png,Ondo,0-10
4.883685650998008_6.959581758274024_4.8986575724_7.00449752248.png,Ondo,0-10
4.883685650998008_6.974553679676016_4.8986575724_7.00449752248.png,Ondo,0-10
4.883685650998008_6.989525601078008_4.8986575724_7.00449752248.png,Ondo,0-10
4.883685650998008_7.00449752248_4.8986575724_7.00449752248.png,Ondo,0-10
4.883685650998008_7.0194694438819925_4.8986575724_7.00449752248.png,Ondo,0-10
4.883685650998008_7.034441365283985_4.8986575724_7.00449752248.png,Ondo,0-10
4.883685650998008_7.049413286685977_4.8986575724_7.00449752248.png,Ondo,0-10
4.884029388385977_6.932358914714023_4.83911362418_6.97727467892.png,Ondo,0-10
4.884029388385977_6.9473308361160155_4.83911362418_6.97727467892.png,Ondo,0-10
4.884029388385977_6.962302757518008_4.83911362418_6.97727467892.png,Ondo,0-10
4.884029388385977_6.97727467892_4.83911362418_6.97727467892.png,Ondo,0-10
4.884029388385977_6.992246600321992_4.83911362418_6.97727467892.png,Ondo,0-10
4.884029388385977_7.007218521723984_4.83911362418_6.97727467892.png,Ondo,0-10
4.884029388385977_7.022190443125976_4.83911362418_6.97727467892.png,Ondo,0-10
4.888811582596016_6.2441768472_4.9187554254000005_6.2441768472.png,Ondo,0-10
4.888811582596016_6.289092611405977_4.9187554254000005_6.2441768472.png,Ondo,0-10
4.88930994720028_7.075702571398509_4.86001819643_7.0585991456600015.png,Ondo,0-10
4.889495312196016_6.274822253366016_4.919439155_6.30476609617.png,Ondo,0-10
4.889495312196016_6.30476609617_4.919439155_6.30476609617.png,Ondo,0-10
4.889962039233985_7.013683381454025_4.86001819643_7.0585991456600015.png,Ondo,0-10
4.889962039233985_7.028655302856017_4.86001819643_7.0585991456600015.png,Ondo,0-10
4.889962039233985_7.043627224258009_4.86001819643_7.0585991456600015.png,Ondo,0-10
4.889962039233985_7.0585991456600015_4.86001819643_7.0585991456600015.png,Ondo,0-10
4.889962039233985_7.073571067061994_4.86001819643_7.0585991456600015.png,Ondo,0-10
4.889962039233985_7.088542988463986_4.86001819643_7.0585991456600015.png,Ondo,0-10
4.889962039233985_7.103514909865978_4.86001819643_7.0585991456600015.png,Ondo,0-10
4.892200168714024_6.349254747658008_4.93711593292_6.36422666906.png,Ondo,0-10
4.892200168714024_6.409142433265976_4.93711593292_6.36422666906.png,Ondo,0-10
4.893087098945976_6.942066615554024_4.84817133474_6.986982379760001.png,Ondo,0-10
4.893087098945976_6.957038536956016_4.84817133474_6.986982379760001.png,Ondo,0-10
4.893087098945976_6.9720104583580085_4.84817133474_6.986982379760001.png,Ondo,0-10
4.893087098945976_6.986982379760001_4.84817133474_6.986982379760001.png,Ondo,0-10
4.893087098945976_7.001954301161993_4.84817133474_6.986982379760001.png,Ondo,0-10
4.893087098945976_7.016926222563985_4.84817133474_6.986982379760001.png,Ondo,0-10
4.893087098945976_7.031898143965977_4.84817133474_6.986982379760001.png,Ondo,0-10
4.894441895506016_6.906092268934023_4.92438573831_6.951008033139999.png,Ondo,0-10
4.894441895506016_6.921064190336015_4.92438573831_6.951008033139999.png,Ondo,0-10
4.894441895506016_6.951008033139999_4.92438573831_6.951008033139999.png,Ondo,0-10
4.894441895506016_6.965979954541991_4.92438573831_6.951008033139999.png,Ondo,0-10
4.894441895506016_6.980951875943983_4.92438573831_6.951008033139999.png,Ondo,0-10
4.894441895506016_6.995923797345975_4.92438573831_6.951008033139999.png,Ondo,0-10
4.8948324163659755_7.326533303524024_4.849916652159999_7.37144906773.png,Ondo,0-10
4.8986575724_6.959581758274024_4.8986575724_7.00449752248.png,Ondo,0-10
4.8986575724_6.974553679676016_4.8986575724_7.00449752248.png,Ondo,0-10
4.8986575724_6.989525601078008_4.8986575724_7.00449752248.png,Ondo,0-10
4.8986575724_7.00449752248_4.8986575724_7.00449752248.png,Ondo,0-10
4.8986575724_7.0194694438819925_4.8986575724_7.00449752248.png,Ondo,0-10
4.90177678261761_6.992154468014001_4.8986575724_7.00449752248.png,Ondo,0-10
4.9030386704239834_6.897254513099999_4.873094827619999_6.897254513099999.png,Ondo,0-10
4.903783503998008_6.2741206900039845_4.9187554254000005_6.2441768472.png,Ondo,0-10
4.904467233598008_6.30476609617_4.919439155_6.30476609617.png,Ondo,0-10
4.904910638439991_6.9940116918979855_4.8986575724_7.00449752248.png,Ondo,0-10
4.904933960635977_7.013683381454025_4.86001819643_7.0585991456600015.png,Ondo,0-10
4.904933960635977_7.028655302856017_4.86001819643_7.0585991456600015.png,Ondo,0-10
4.904933960635977_7.0585991456600015_4.86001819643_7.0585991456600015.png,Ondo,0-10
4.904933960635977_7.073571067061994_4.86001819643_7.0585991456600015.png,Ondo,0-10
4.904933960635977_7.088542988463986_4.86001819643_7.0585991456600015.png,Ondo,0-10
4.904933960635977_7.103514909865978_4.86001819643_7.0585991456600015.png,Ondo,0-10
4.9061342935339844_6.801294120716015_4.87619045073_6.83123796352.png,Ondo,0-10
4.9061342935339844_6.846209884921992_4.87619045073_6.83123796352.png,Ondo,0-10
4.9061342935339844_6.861181806323984_4.87619045073_6.83123796352.png,Ondo,0-10
4.9061342935339844_6.876153727725976_4.87619045073_6.83123796352.png,Ondo,0-10
4.909413816908008_6.906092268934023_4.92438573831_6.951008033139999.png,Ondo,0-10
4.909413816908008_6.921064190336015_4.92438573831_6.951008033139999.png,Ondo,0-10
4.909413816908008_6.951008033139999_4.92438573831_6.951008033139999.png,Ondo,0-10
4.909413816908008_6.965979954541991_4.92438573831_6.951008033139999.png,Ondo,0-10
4.909413816908008_6.980951875943983_4.92438573831_6.951008033139999.png,Ondo,0-10
4.909413816908008_6.995923797345975_4.92438573831_6.951008033139999.png,Ondo,0-10
4.911746738144024_6.075796859584024_4.95666250235_6.12071262379.png,Ondo,0-10
4.911746738144024_6.165628387995977_4.95666250235_6.12071262379.png,Ondo,0-10
4.913629493801992_6.959581758274024_4.8986575724_7.00449752248.png,Ondo,0-10
4.913629493801992_6.974553679676016_4.8986575724_7.00449752248.png,Ondo,0-10
4.913629493801992_6.989525601078008_4.8986575724_7.00449752248.png,Ondo,0-10
4.913629493801992_7.00449752248_4.8986575724_7.00449752248.png,Ondo,0-10
4.913629493801992_7.0194694438819925_4.8986575724_7.00449752248.png,Ondo,0-10
4.916698569820446_6.987581810711213_4.92438573831_6.951008033139999.png,Ondo,0-10
4.9180105918259756_6.927198355903983_4.873094827619999_6.897254513099999.png,Ondo,0-10
4.9187554254000005_6.289092611405977_4.9187554254000005_6.2441768472.png,Ondo,0-10
4.919439155_6.334709938973984_4.919439155_6.30476609617.png,Ondo,0-10
4.919439155_6.349681860375976_4.919439155_6.30476609617.png,Ondo,0-10
4.9211062149359766_6.83123796352_4.87619045073_6.83123796352.png,Ondo,0-10
4.9211062149359766_6.861181806323984_4.87619045073_6.83123796352.png,Ondo,0-10
4.921876981474024_6.2929099787240235_4.96679274568_6.33782574293.png,Ondo,0-10
4.921876981474024_6.307881900126016_4.96679274568_6.33782574293.png,Ondo,0-10
4.921876981474024_6.322853821528008_4.96679274568_6.33782574293.png,Ondo,0-10
4.921876981474024_6.33782574293_4.96679274568_6.33782574293.png,Ondo,0-10
4.921876981474024_6.352797664331992_4.96679274568_6.33782574293.png,Ondo,0-10
4.921876981474024_6.367769585733984_4.96679274568_6.33782574293.png,Ondo,0-10
4.922144011518008_6.3193109048540235_4.93711593292_6.36422666906.png,Ondo,0-10
4.922144011518008_6.334282826256016_4.93711593292_6.36422666906.png,Ondo,0-10
4.922144011518008_6.36422666906_4.93711593292_6.36422666906.png,Ondo,0-10
4.92438573831_6.906092268934023_4.92438573831_6.951008033139999.png,Ondo,0-10
4.92438573831_6.921064190336015_4.92438573831_6.951008033139999.png,Ondo,0-10
4.92438573831_6.936036111738007_4.92438573831_6.951008033139999.png,Ondo,0-10
4.92438573831_6.951008033139999_4.92438573831_6.951008033139999.png,Ondo,0-10
4.92438573831_6.965979954541991_4.92438573831_6.951008033139999.png,Ondo,0-10
4.92438573831_6.980951875943983_4.92438573831_6.951008033139999.png,Ondo,0-10
4.92438573831_6.995923797345975_4.92438573831_6.951008033139999.png,Ondo,0-10
4.9252300613745135_6.929267293536482_4.92438573831_6.951008033139999.png,Ondo,0-10
4.926718659546016_6.1506564665939845_4.95666250235_6.12071262379.png,Ondo,0-10
4.9286014152039845_6.959581758274024_4.8986575724_7.00449752248.png,Ondo,0-10
4.9286014152039845_6.974553679676016_4.8986575724_7.00449752248.png,Ondo,0-10
4.9286014152039845_6.989525601078008_4.8986575724_7.00449752248.png,Ondo,0-10
4.9286014152039845_7.00449752248_4.8986575724_7.00449752248.png,Ondo,0-10
4.9286014152039845_7.0194694438819925_4.8986575724_7.00449752248.png,Ondo,0-10
4.933727346801993_6.2741206900039845_4.9187554254000005_6.2441768472.png,Ondo,0-10
4.934411076401992_6.274822253366016_4.919439155_6.30476609617.png,Ondo,0-10
4.934411076401992_6.319738017571992_4.919439155_6.30476609617.png,Ondo,0-10
4.936848902876016_6.2929099787240235_4.96679274568_6.33782574293.png,Ondo,0-10
4.936848902876016_6.307881900126016_4.96679274568_6.33782574293.png,Ondo,0-10
4.936848902876016_6.322853821528008_4.96679274568_6.33782574293.png,Ondo,0-10
4.936848902876016_6.33782574293_4.96679274568_6.33782574293.png,Ondo,0-10
4.936848902876016_6.352797664331992_4.96679274568_6.33782574293.png,Ondo,0-10
4.936848902876016_6.367769585733984_4.96679274568_6.33782574293.png,Ondo,0-10
4.939357659711992_6.906092268934023_4.92438573831_6.951008033139999.png,Ondo,0-10
4.939357659711992_6.921064190336015_4.92438573831_6.951008033139999.png,Ondo,0-10
4.939357659711992_6.936036111738007_4.92438573831_6.951008033139999.png,Ondo,0-10
4.939357659711992_6.951008033139999_4.92438573831_6.951008033139999.png,Ondo,0-10
4.939357659711992_6.965979954541991_4.92438573831_6.951008033139999.png,Ondo,0-10
4.939357659711992_6.980951875943983_4.92438573831_6.951008033139999.png,Ondo,0-10
4.939357659711992_6.995923797345975_4.92438573831_6.951008033139999.png,Ondo,0-10
4.941690580948008_6.165628387995977_4.95666250235_6.12071262379.png,Ondo,0-10
4.943573336605977_6.959581758274024_4.8986575724_7.00449752248.png,Ondo,0-10
4.943573336605977_6.974553679676016_4.8986575724_7.00449752248.png,Ondo,0-10
4.943573336605977_6.989525601078008_4.8986575724_7.00449752248.png,Ondo,0-10
4.943573336605977_7.00449752248_4.8986575724_7.00449752248.png,Ondo,0-10
4.943573336605977_7.0194694438819925_4.8986575724_7.00449752248.png,Ondo,0-10
4.943573336605977_7.034441365283985_4.8986575724_7.00449752248.png,Ondo,0-10
4.943573336605977_7.049413286685977_4.8986575724_7.00449752248.png,Ondo,0-10
4.948699268203985_6.199261082994024_4.9187554254000005_6.2441768472.png,Ondo,0-10
4.948699268203985_6.2441768472_4.9187554254000005_6.2441768472.png,Ondo,0-10
4.951820824278008_6.2929099787240235_4.96679274568_6.33782574293.png,Ondo,0-10
4.951820824278008_6.307881900126016_4.96679274568_6.33782574293.png,Ondo,0-10
4.951820824278008_6.322853821528008_4.96679274568_6.33782574293.png,Ondo,0-10
4.951820824278008_6.33782574293_4.96679274568_6.33782574293.png,Ondo,0-10
4.951820824278008_6.352797664331992_4.96679274568_6.33782574293.png,Ondo,0-10
4.951820824278008_6.367769585733984_4.96679274568_6.33782574293.png,Ondo,0-10
4.952087854321992_6.3193109048540235_4.93711593292_6.36422666906.png,Ondo,0-10
4.952087854321992_6.36422666906_4.93711593292_6.36422666906.png,Ondo,0-10
4.952087854321992_6.409142433265976_4.93711593292_6.36422666906.png,Ondo,0-10
4.954329581113984_6.906092268934023_4.92438573831_6.951008033139999.png,Ondo,0-10
4.954329581113984_6.921064190336015_4.92438573831_6.951008033139999.png,Ondo,0-10
4.954329581113984_6.936036111738007_4.92438573831_6.951008033139999.png,Ondo,0-10
4.954329581113984_6.951008033139999_4.92438573831_6.951008033139999.png,Ondo,0-10
4.954329581113984_6.965979954541991_4.92438573831_6.951008033139999.png,Ondo,0-10
4.954329581113984_6.980951875943983_4.92438573831_6.951008033139999.png,Ondo,0-10
4.954329581113984_6.995923797345975_4.92438573831_6.951008033139999.png,Ondo,0-10
4.95666250235_6.090768780986016_4.95666250235_6.12071262379.png,Ondo,0-10
4.95666250235_6.105740702388008_4.95666250235_6.12071262379.png,Ondo,0-10
4.963671189605977_6.214233004396016_4.9187554254000005_6.2441768472.png,Ondo,0-10
4.963671189605977_6.229204925798008_4.9187554254000005_6.2441768472.png,Ondo,0-10
4.964354919205976_6.2598503319640235_4.919439155_6.30476609617.png,Ondo,0-10
4.96679274568_6.2929099787240235_4.96679274568_6.33782574293.png,Ondo,0-10
4.96679274568_6.307881900126016_4.96679274568_6.33782574293.png,Ondo,0-10
4.96679274568_6.322853821528008_4.96679274568_6.33782574293.png,Ondo,0-10
4.96679274568_6.33782574293_4.96679274568_6.33782574293.png,Ondo,0-10
4.96679274568_6.382741507135976_4.96679274568_6.33782574293.png,Ondo,0-10
4.9670597757239845_6.334282826256016_4.93711593292_6.36422666906.png,Ondo,0-10
4.969301502515976_6.906092268934023_4.92438573831_6.951008033139999.png,Ondo,0-10
4.969301502515976_6.921064190336015_4.92438573831_6.951008033139999.png,Ondo,0-10
4.969301502515976_6.936036111738007_4.92438573831_6.951008033139999.png,Ondo,0-10
4.969301502515976_6.951008033139999_4.92438573831_6.951008033139999.png,Ondo,0-10
4.969301502515976_6.965979954541991_4.92438573831_6.951008033139999.png,Ondo,0-10
4.969301502515976_6.980951875943983_4.92438573831_6.951008033139999.png,Ondo,0-10
4.9716344237519925_6.12071262379_4.95666250235_6.12071262379.png,Ondo,0-10
4.9716344237519925_6.135684545191992_4.95666250235_6.12071262379.png,Ondo,0-10
4.9716344237519925_6.1506564665939845_4.95666250235_6.12071262379.png,Ondo,0-10
4.981764667081992_6.2929099787240235_4.96679274568_6.33782574293.png,Ondo,0-10
4.981764667081992_6.307881900126016_4.96679274568_6.33782574293.png,Ondo,0-10
4.981764667081992_6.322853821528008_4.96679274568_6.33782574293.png,Ondo,0-10
4.981764667081992_6.33782574293_4.96679274568_6.33782574293.png,Ondo,0-10
4.981764667081992_6.352797664331992_4.96679274568_6.33782574293.png,Ondo,0-10
4.981764667081992_6.367769585733984_4.96679274568_6.33782574293.png,Ondo,0-10
4.981764667081992_6.382741507135976_4.96679274568_6.33782574293.png,Ondo,0-10
4.982031697125977_6.3193109048540235_4.93711593292_6.36422666906.png,Ondo,0-10
4.982031697125977_6.379198590461992_4.93711593292_6.36422666906.png,Ondo,0-10
4.9967365884839845_6.2929099787240235_4.96679274568_6.33782574293.png,Ondo,0-10
4.9967365884839845_6.307881900126016_4.96679274568_6.33782574293.png,Ondo,0-10
4.9967365884839845_6.322853821528008_4.96679274568_6.33782574293.png,Ondo,0-10
4.9967365884839845_6.33782574293_4.96679274568_6.33782574293.png,Ondo,0-10
4.9967365884839845_6.352797664331992_4.96679274568_6.33782574293.png,Ondo,0-10
4.9967365884839845_6.367769585733984_4.96679274568_6.33782574293.png,Ondo,0-10
4.9967365884839845_6.382741507135976_4.96679274568_6.33782574293.png,Ondo,0-10
4.999199922328009_6.559721906981993_5.014171843730001_6.544749985580001.png,Ondo,0-10
5.001578266555977_6.105740702388008_4.95666250235_6.12071262379.png,Ondo,0-10
5.001578266555977_6.12071262379_4.95666250235_6.12071262379.png,Ondo,0-10
5.001578266555977_6.165628387995977_4.95666250235_6.12071262379.png,Ondo,0-10
5.004104183896037_6.301664987224785_4.96679274568_6.33782574293.png,Ondo,0-10
5.011708509885977_6.307881900126016_4.96679274568_6.33782574293.png,Ondo,0-10
5.011708509885977_6.322853821528008_4.96679274568_6.33782574293.png,Ondo,0-10
5.011708509885977_6.33782574293_4.96679274568_6.33782574293.png,Ondo,0-10
5.011708509885977_6.352797664331992_4.96679274568_6.33782574293.png,Ondo,0-10
5.011708509885977_6.367769585733984_4.96679274568_6.33782574293.png,Ondo,0-10
5.011708509885977_6.382741507135976_4.96679274568_6.33782574293.png,Ondo,0-10
5.014171843730001_6.589665749785977_5.014171843730001_6.544749985580001.png,Ondo,0-10
5.044115686533985_6.514806142776017_5.014171843730001_6.544749985580001.png,Ondo,0-10
5.044115686533985_6.544749985580001_5.014171843730001_6.544749985580001.png,Ondo,0-10
5.045457569114023_7.3212919395640235_5.09037333332_7.36620770377.png,Ondo,0-10
5.045457569114023_7.336263860966016_5.09037333332_7.36620770377.png,Ondo,0-10
5.045457569114023_7.351235782368008_5.09037333332_7.36620770377.png,Ondo,0-10
5.045457569114023_7.36620770377_5.09037333332_7.36620770377.png,Ondo,0-10
5.045457569114023_7.381179625171992_5.09037333332_7.36620770377.png,Ondo,0-10
5.045457569114023_7.396151546573984_5.09037333332_7.36620770377.png,Ondo,0-10
5.045457569114023_7.411123467975976_5.09037333332_7.36620770377.png,Ondo,0-10
5.059087607935977_6.514806142776017_5.014171843730001_6.544749985580001.png,Ondo,0-10
5.059087607935977_6.589665749785977_5.014171843730001_6.544749985580001.png,Ondo,0-10
5.060429490516015_7.3212919395640235_5.09037333332_7.36620770377.png,Ondo,0-10
5.060429490516015_7.336263860966016_5.09037333332_7.36620770377.png,Ondo,0-10
5.060429490516015_7.351235782368008_5.09037333332_7.36620770377.png,Ondo,0-10
5.060429490516015_7.36620770377_5.09037333332_7.36620770377.png,Ondo,0-10
5.060429490516015_7.381179625171992_5.09037333332_7.36620770377.png,Ondo,0-10
5.060429490516015_7.396151546573984_5.09037333332_7.36620770377.png,Ondo,0-10
5.060429490516015_7.411123467975976_5.09037333332_7.36620770377.png,Ondo,0-10
5.065177799418008_6.771935576414024_5.08014972082_6.81685134062.png,Ondo,0-10
5.069301895034024_7.329680494394023_5.11421765924_7.3745962586.png,Ondo,0-10
5.069301895034024_7.344652415796015_5.11421765924_7.3745962586.png,Ondo,0-10
5.069301895034024_7.3596243371980075_5.11421765924_7.3745962586.png,Ondo,0-10
5.069301895034024_7.3745962586_5.11421765924_7.3745962586.png,Ondo,0-10
5.069301895034024_7.389568180001992_5.11421765924_7.3745962586.png,Ondo,0-10
5.069301895034024_7.404540101403984_5.11421765924_7.3745962586.png,Ondo,0-10
5.069301895034024_7.419512022805976_5.11421765924_7.3745962586.png,Ondo,0-10
5.073998399858732_7.40169030908672_5.09037333332_7.36620770377.png,Ondo,0-10
5.0754014119180075_7.3212919395640235_5.09037333332_7.36620770377.png,Ondo,0-10
5.0754014119180075_7.336263860966016_5.09037333332_7.36620770377.png,Ondo,0-10
5.0754014119180075_7.351235782368008_5.09037333332_7.36620770377.png,Ondo,0-10
5.0754014119180075_7.36620770377_5.09037333332_7.36620770377.png,Ondo,0-10
5.0754014119180075_7.381179625171992_5.09037333332_7.36620770377.png,Ondo,0-10
5.0754014119180075_7.396151546573984_5.09037333332_7.36620770377.png,Ondo,0-10
5.0754014119180075_7.411123467975976_5.09037333332_7.36620770377.png,Ondo,0-10
5.084273816436016_7.329680494394023_5.11421765924_7.3745962586.png,Ondo,0-10
5.084273816436016_7.344652415796015_5.11421765924_7.3745962586.png,Ondo,0-10
5.084273816436016_7.3596243371980075_5.11421765924_7.3745962586.png,Ondo,0-10
5.084273816436016_7.3745962586_5.11421765924_7.3745962586.png,Ondo,0-10
5.084273816436016_7.389568180001992_5.11421765924_7.3745962586.png,Ondo,0-10
5.084273816436016_7.404540101403984_5.11421765924_7.3745962586.png,Ondo,0-10
5.084273816436016_7.419512022805976_5.11421765924_7.3745962586.png,Ondo,0-10
5.086208016216016_7.351411785744023_5.11615185902_7.39632754995.png,Ondo,0-10
5.086208016216016_7.39632754995_5.11615185902_7.39632754995.png,Ondo,0-10
5.09037333332_7.3212919395640235_5.09037333332_7.36620770377.png,Ondo,0-10
5.09037333332_7.336263860966016_5.09037333332_7.36620770377.png,Ondo,0-10
5.09037333332_7.351235782368008_5.09037333332_7.36620770377.png,Ondo,0-10
5.09037333332_7.36620770377_5.09037333332_7.36620770377.png,Ondo,0-10
5.09037333332_7.381179625171992_5.09037333332_7.36620770377.png,Ondo,0-10
5.09037333332_7.396151546573984_5.09037333332_7.36620770377.png,Ondo,0-10
5.09037333332_7.411123467975976_5.09037333332_7.36620770377.png,Ondo,0-10
5.095121642221992_6.786907497816016_5.08014972082_6.81685134062.png,Ondo,0-10
5.097116783164024_7.419631792715977_5.14203254737_7.374716028510001.png,Ondo,0-10
5.099245737838008_7.329680494394023_5.11421765924_7.3745962586.png,Ondo,0-10
5.099245737838008_7.344652415796015_5.11421765924_7.3745962586.png,Ondo,0-10
5.099245737838008_7.3596243371980075_5.11421765924_7.3745962586.png,Ondo,0-10
5.099245737838008_7.3745962586_5.11421765924_7.3745962586.png,Ondo,0-10
5.099245737838008_7.389568180001992_5.11421765924_7.3745962586.png,Ondo,0-10
5.099245737838008_7.404540101403984_5.11421765924_7.3745962586.png,Ondo,0-10
5.099245737838008_7.419512022805976_5.11421765924_7.3745962586.png,Ondo,0-10
5.101179937618008_7.39632754995_5.11615185902_7.39632754995.png,Ondo,0-10
5.101179937618008_7.411299471351992_5.11615185902_7.39632754995.png,Ondo,0-10
5.101179937618008_7.441243314155976_5.11615185902_7.39632754995.png,Ondo,0-10
5.105345254721992_7.3212919395640235_5.09037333332_7.36620770377.png,Ondo,0-10
5.105345254721992_7.336263860966016_5.09037333332_7.36620770377.png,Ondo,0-10
5.105345254721992_7.351235782368008_5.09037333332_7.36620770377.png,Ondo,0-10
5.105345254721992_7.36620770377_5.09037333332_7.36620770377.png,Ondo,0-10
5.105345254721992_7.381179625171992_5.09037333332_7.36620770377.png,Ondo,0-10
5.105345254721992_7.396151546573984_5.09037333332_7.36620770377.png,Ondo,0-10
5.105345254721992_7.411123467975976_5.09037333332_7.36620770377.png,Ondo,0-10
5.110093563623984_6.771935576414024_5.08014972082_6.81685134062.png,Ondo,0-10
5.110658699393796_7.356939073721685_5.11421765924_7.3745962586.png,Ondo,0-10
5.112088704566016_7.374716028510001_5.14203254737_7.374716028510001.png,Ondo,0-10
5.112088704566016_7.419631792715977_5.14203254737_7.374716028510001.png,Ondo,0-10
5.11382997396242_7.334286481068815_5.11421765924_7.3745962586.png,Ondo,0-10
5.11421765924_7.329680494394023_5.11421765924_7.3745962586.png,Ondo,0-10
5.11421765924_7.344652415796015_5.11421765924_7.3745962586.png,Ondo,0-10
5.11421765924_7.3596243371980075_5.11421765924_7.3745962586.png,Ondo,0-10
5.11421765924_7.3745962586_5.11421765924_7.3745962586.png,Ondo,0-10
5.11421765924_7.389568180001992_5.11421765924_7.3745962586.png,Ondo,0-10
5.11421765924_7.404540101403984_5.11421765924_7.3745962586.png,Ondo,0-10
5.11421765924_7.419512022805976_5.11421765924_7.3745962586.png,Ondo,0-10
5.116072643966016_6.586279616606015_5.14601648677_6.61622345941.png,Ondo,0-10
5.11615185902_7.441243314155976_5.11615185902_7.39632754995.png,Ondo,0-10
5.118289059214763_7.384561068719509_5.09037333332_7.36620770377.png,Ondo,0-10
5.120317176123984_7.3212919395640235_5.09037333332_7.36620770377.png,Ondo,0-10
5.120317176123984_7.336263860966016_5.09037333332_7.36620770377.png,Ondo,0-10
5.120317176123984_7.351235782368008_5.09037333332_7.36620770377.png,Ondo,0-10
5.120317176123984_7.36620770377_5.09037333332_7.36620770377.png,Ondo,0-10
5.120317176123984_7.381179625171992_5.09037333332_7.36620770377.png,Ondo,0-10
5.120317176123984_7.396151546573984_5.09037333332_7.36620770377.png,Ondo,0-10
5.120317176123984_7.411123467975976_5.09037333332_7.36620770377.png,Ondo,0-10
5.125065485025976_6.786907497816016_5.08014972082_6.81685134062.png,Ondo,0-10
5.1291895806419925_7.329680494394023_5.11421765924_7.3745962586.png,Ondo,0-10
5.1291895806419925_7.344652415796015_5.11421765924_7.3745962586.png,Ondo,0-10
5.1291895806419925_7.3596243371980075_5.11421765924_7.3745962586.png,Ondo,0-10
5.1291895806419925_7.3745962586_5.11421765924_7.3745962586.png,Ondo,0-10
5.1291895806419925_7.389568180001992_5.11421765924_7.3745962586.png,Ondo,0-10
5.1291895806419925_7.404540101403984_5.11421765924_7.3745962586.png,Ondo,0-10
5.1291895806419925_7.419512022805976_5.11421765924_7.3745962586.png,Ondo,0-10
5.1311237804219925_7.411299471351992_5.11615185902_7.39632754995.png,Ondo,0-10
5.135289097525976_7.3212919395640235_5.09037333332_7.36620770377.png,Ondo,0-10
5.135289097525976_7.336263860966016_5.09037333332_7.36620770377.png,Ondo,0-10
5.135289097525976_7.351235782368008_5.09037333332_7.36620770377.png,Ondo,0-10
5.135289097525976_7.36620770377_5.09037333332_7.36620770377.png,Ondo,0-10
5.135289097525976_7.381179625171992_5.09037333332_7.36620770377.png,Ondo,0-10
5.135289097525976_7.396151546573984_5.09037333332_7.36620770377.png,Ondo,0-10
5.135289097525976_7.411123467975976_5.09037333332_7.36620770377.png,Ondo,0-10
5.14203254737_7.374716028510001_5.14203254737_7.374716028510001.png,Ondo,0-10
5.14203254737_7.389687949911993_5.14203254737_7.374716028510001.png,Ondo,0-10
5.14203254737_7.404659871313985_5.14203254737_7.374716028510001.png,Ondo,0-10
5.144161502043985_7.329680494394023_5.11421765924_7.3745962586.png,Ondo,0-10
5.144161502043985_7.344652415796015_5.11421765924_7.3745962586.png,Ondo,0-10
5.144161502043985_7.3596243371980075_5.11421765924_7.3745962586.png,Ondo,0-10
5.144161502043985_7.3745962586_5.11421765924_7.3745962586.png,Ondo,0-10
5.144161502043985_7.389568180001992_5.11421765924_7.3745962586.png,Ondo,0-10
5.144161502043985_7.404540101403984_5.11421765924_7.3745962586.png,Ondo,0-10
5.144161502043985_7.419512022805976_5.11421765924_7.3745962586.png,Ondo,0-10
5.146095701823985_7.351411785744023_5.11615185902_7.39632754995.png,Ondo,0-10
5.146095701823985_7.366383707146015_5.11615185902_7.39632754995.png,Ondo,0-10
5.146095701823985_7.411299471351992_5.11615185902_7.39632754995.png,Ondo,0-10
5.1570044687719925_7.419631792715977_5.14203254737_7.374716028510001.png,Ondo,0-10
5.159133423445977_7.329680494394023_5.11421765924_7.3745962586.png,Ondo,0-10
5.159133423445977_7.344652415796015_5.11421765924_7.3745962586.png,Ondo,0-10
5.159133423445977_7.3596243371980075_5.11421765924_7.3745962586.png,Ondo,0-10
5.159133423445977_7.3745962586_5.11421765924_7.3745962586.png,Ondo,0-10
5.159133423445977_7.389568180001992_5.11421765924_7.3745962586.png,Ondo,0-10
5.159133423445977_7.404540101403984_5.11421765924_7.3745962586.png,Ondo,0-10
5.159133423445977_7.419512022805976_5.11421765924_7.3745962586.png,Ondo,0-10
5.161067623225977_7.366383707146015_5.11615185902_7.39632754995.png,Ondo,0-10
5.161067623225977_7.39632754995_5.11615185902_7.39632754995.png,Ondo,0-10
5.171976390173985_7.389687949911993_5.14203254737_7.374716028510001.png,Ondo,0-10
5.171976390173985_7.419631792715977_5.14203254737_7.374716028510001.png,Ondo,0-10
5.186948311575977_7.3298002643040245_5.14203254737_7.374716028510001.png,Ondo,0-10
5.186948311575977_7.344772185706017_5.14203254737_7.374716028510001.png,Ondo,0-10
5.186948311575977_7.389687949911993_5.14203254737_7.374716028510001.png,Ondo,0-10
5.243041083824024_6.978996950718008_5.28795684803_6.99396887212.png,Ondo,0-10
5.243041083824024_7.038884636325976_5.28795684803_6.99396887212.png,Ondo,0-10
5.258013005226016_6.964025029316016_5.28795684803_6.99396887212.png,Ondo,0-10
5.285304497936016_7.388518881894024_5.31524834074_7.4334346461.png,Ondo,0-10
5.285304497936016_7.403490803296016_5.31524834074_7.4334346461.png,Ondo,0-10
5.28795684803_6.949053107914024_5.28795684803_6.99396887212.png,Ondo,0-10
5.28795684803_6.99396887212_5.28795684803_6.99396887212.png,Ondo,0-10
5.28795684803_7.008940793521992_5.28795684803_6.99396887212.png,Ondo,0-10
5.28795684803_7.023912714923984_5.28795684803_6.99396887212.png,Ondo,0-10
5.302928769431992_6.964025029316016_5.28795684803_6.99396887212.png,Ondo,0-10
5.302928769431992_7.008940793521992_5.28795684803_6.99396887212.png,Ondo,0-10
5.305949921844024_7.356973402984024_5.350865686050001_7.40188916719.png,Ondo,0-10
5.305949921844024_7.371945324386016_5.350865686050001_7.40188916719.png,Ondo,0-10
5.310724106168007_6.896721610710001_5.325696027569999_6.896721610710001.png,Ondo,0-10
5.310724106168007_6.926665453513985_5.325696027569999_6.896721610710001.png,Ondo,0-10
5.310724106168007_6.941637374915977_5.325696027569999_6.896721610710001.png,Ondo,0-10
5.31524834074_7.403490803296016_5.31524834074_7.4334346461.png,Ondo,0-10
5.3179006908339845_6.964025029316016_5.28795684803_6.99396887212.png,Ondo,0-10
5.3179006908339845_6.99396887212_5.28795684803_6.99396887212.png,Ondo,0-10
5.320921843246016_7.371945324386016_5.350865686050001_7.40188916719.png,Ondo,0-10
5.320921843246016_7.386917245788008_5.350865686050001_7.40188916719.png,Ondo,0-10
5.3305199478540235_7.042416285534023_5.37543571206_7.08733204974.png,Ondo,0-10
5.3305199478540235_7.102303971141992_5.37543571206_7.08733204974.png,Ondo,0-10
5.332872612235977_7.023912714923984_5.28795684803_6.99396887212.png,Ondo,0-10
5.3358937646480085_7.386917245788008_5.350865686050001_7.40188916719.png,Ondo,0-10
5.3406679489719915_6.941637374915977_5.325696027569999_6.896721610710001.png,Ondo,0-10
5.345491869256016_7.08733204974_5.37543571206_7.08733204974.png,Ondo,0-10
5.360463790658008_7.102303971141992_5.37543571206_7.08733204974.png,Ondo,0-10
5.360463790658008_7.117275892543984_5.37543571206_7.08733204974.png,Ondo,0-10
5.37543571206_7.057388206936015_5.37543571206_7.08733204974.png,Ondo,0-10
5.37543571206_7.08733204974_5.37543571206_7.08733204974.png,Ondo,0-10
5.37543571206_7.102303971141992_5.37543571206_7.08733204974.png,Ondo,0-10
5.390407633461992_7.08733204974_5.37543571206_7.08733204974.png,Ondo,0-10
5.390407633461992_7.102303971141992_5.37543571206_7.08733204974.png,Ondo,0-10
5.398241299774024_7.05253754146_5.44315706398_7.05253754146.png,Ondo,0-10
5.413213221176016_7.007621777254023_5.44315706398_7.05253754146.png,Ondo,0-10
5.413213221176016_7.022593698656015_5.44315706398_7.05253754146.png,Ondo,0-10
5.413213221176016_7.097453305665976_5.44315706398_7.05253754146.png,Ondo,0-10
5.413769956224024_7.177101570354025_5.45868572043_7.222017334560001.png,Ondo,0-10
5.428185142578008_7.082481384263984_5.44315706398_7.05253754146.png,Ondo,0-10
5.428741877626016_7.177101570354025_5.45868572043_7.222017334560001.png,Ondo,0-10
5.428741877626016_7.222017334560001_5.45868572043_7.222017334560001.png,Ondo,0-10
5.428741877626016_7.251961177363985_5.45868572043_7.222017334560001.png,Ondo,0-10
5.44315706398_7.097453305665976_5.44315706398_7.05253754146.png,Ondo,0-10
5.443713799028008_7.251961177363985_5.45868572043_7.222017334560001.png,Ondo,0-10
5.44624050621_6.996249392668007_5.44624050621_7.011221314069999.png,Ondo,0-10
5.454102599936016_6.889052175184022_5.48404644274_6.933967939389999.png,Ondo,0-10
5.454102599936016_6.963911782193983_5.48404644274_6.933967939389999.png,Ondo,0-10
5.455110438144024_7.186450373308008_5.50002620235_7.20142229471.png,Ondo,0-10
5.458128985381992_7.007621777254023_5.44315706398_7.05253754146.png,Ondo,0-10
5.45868572043_7.177101570354025_5.45868572043_7.222017334560001.png,Ondo,0-10
5.461212427611992_6.981277471266015_5.44624050621_7.011221314069999.png,Ondo,0-10
5.461212427611992_7.0411651568739835_5.44624050621_7.011221314069999.png,Ondo,0-10
5.469074521338008_6.9040240965860145_5.48404644274_6.933967939389999.png,Ondo,0-10
5.469074521338008_6.918996017988007_5.48404644274_6.933967939389999.png,Ondo,0-10
5.469074521338008_6.948939860791991_5.48404644274_6.933967939389999.png,Ondo,0-10
5.470082359546016_7.156506530504024_5.50002620235_7.20142229471.png,Ondo,0-10
5.470082359546016_7.20142229471_5.50002620235_7.20142229471.png,Ondo,0-10
5.473100906783984_7.007621777254023_5.44315706398_7.05253754146.png,Ondo,0-10
5.473100906783984_7.022593698656015_5.44315706398_7.05253754146.png,Ondo,0-10
5.473100906783984_7.0375656200580075_5.44315706398_7.05253754146.png,Ondo,0-10
5.473657641831992_7.222017334560001_5.45868572043_7.222017334560001.png,Ondo,0-10
5.476184349013984_6.981277471266015_5.44624050621_7.011221314069999.png,Ondo,0-10
5.476184349013984_7.026193235471991_5.44624050621_7.011221314069999.png,Ondo,0-10
5.476184349013984_7.056137078275976_5.44624050621_7.011221314069999.png,Ondo,0-10
5.477466066294023_7.0343431087580095_5.5223818305_7.049315030160002.png,Ondo,0-10
5.477466066294023_7.079258872963986_5.5223818305_7.049315030160002.png,Ondo,0-10
5.48404644274_6.918996017988007_5.48404644274_6.933967939389999.png,Ondo,0-10
5.48404644274_6.933967939389999_5.48404644274_6.933967939389999.png,Ondo,0-10
5.485054280948008_7.156506530504024_5.50002620235_7.20142229471.png,Ondo,0-10
5.485054280948008_7.2163942161119925_5.50002620235_7.20142229471.png,Ondo,0-10
5.485054280948008_7.231366137513985_5.50002620235_7.20142229471.png,Ondo,0-10
5.4880728281859765_7.082481384263984_5.44315706398_7.05253754146.png,Ondo,0-10
5.488629563233984_7.236989255961993_5.45868572043_7.222017334560001.png,Ondo,0-10
5.488629563233984_7.2669330987659775_5.45868572043_7.222017334560001.png,Ondo,0-10
5.491156270415976_6.981277471266015_5.44624050621_7.011221314069999.png,Ondo,0-10
5.491156270415976_7.0411651568739835_5.44624050621_7.011221314069999.png,Ondo,0-10
5.492437987696015_7.094230794365978_5.5223818305_7.049315030160002.png,Ondo,0-10
5.497514821964024_7.218440999593983_5.54243058617_7.188497156789999.png,Ondo,0-10
5.497514821964024_7.233412920995975_5.54243058617_7.188497156789999.png,Ondo,0-10
5.4990183641419925_6.978883703595975_5.48404644274_6.933967939389999.png,Ondo,0-10
5.50002620235_7.186450373308008_5.50002620235_7.20142229471.png,Ondo,0-10
5.50002620235_7.20142229471_5.50002620235_7.20142229471.png,Ondo,0-10
5.503601484635976_7.222017334560001_5.45868572043_7.222017334560001.png,Ondo,0-10
5.503601484635976_7.236989255961993_5.45868572043_7.222017334560001.png,Ondo,0-10
5.503601484635976_7.2669330987659775_5.45868572043_7.222017334560001.png,Ondo,0-10
5.5074099090980075_7.079258872963986_5.5223818305_7.049315030160002.png,Ondo,0-10
5.5074099090980075_7.094230794365978_5.5223818305_7.049315030160002.png,Ondo,0-10
5.512486743366016_7.1585533139860145_5.54243058617_7.188497156789999.png,Ondo,0-10
5.512486743366016_7.218440999593983_5.54243058617_7.188497156789999.png,Ondo,0-10
5.513990285543985_6.918996017988007_5.48404644274_6.933967939389999.png,Ondo,0-10
5.514998123751992_7.156506530504024_5.50002620235_7.20142229471.png,Ondo,0-10
5.5223818305_7.094230794365978_5.5223818305_7.049315030160002.png,Ondo,0-10
5.527458664768008_7.173525235388007_5.54243058617_7.188497156789999.png,Ondo,0-10
5.527458664768008_7.203469078191991_5.54243058617_7.188497156789999.png,Ondo,0-10
5.527458664768008_7.218440999593983_5.54243058617_7.188497156789999.png,Ondo,0-10
5.527458664768008_7.233412920995975_5.54243058617_7.188497156789999.png,Ondo,0-10
5.528962206945977_6.918996017988007_5.48404644274_6.933967939389999.png,Ondo,0-10
5.528962206945977_6.963911782193983_5.48404644274_6.933967939389999.png,Ondo,0-10
5.529970045153984_7.156506530504024_5.50002620235_7.20142229471.png,Ondo,0-10
5.534199245184023_6.975009524134023_5.57911500939_7.01992528834.png,Ondo,0-10
5.534199245184023_6.989981445536015_5.57911500939_7.01992528834.png,Ondo,0-10
5.534199245184023_7.0049533669380075_5.57911500939_7.01992528834.png,Ondo,0-10
5.537353751901992_7.004399265954025_5.5223818305_7.049315030160002.png,Ondo,0-10
5.54243058617_7.233412920995975_5.54243058617_7.188497156789999.png,Ondo,0-10
5.544941966555976_7.156506530504024_5.50002620235_7.20142229471.png,Ondo,0-10
5.544941966555976_7.231366137513985_5.50002620235_7.20142229471.png,Ondo,0-10
5.547234630948008_7.3257528601180075_5.56220655235_7.34072478152.png,Ondo,0-10
5.552325673303984_7.079258872963986_5.5223818305_7.049315030160002.png,Ondo,0-10
5.560987007346016_7.3681300048899985_5.59093085015_7.3681300048899985.png,Ondo,0-10
5.56220655235_7.3257528601180075_5.56220655235_7.34072478152.png,Ondo,0-10
5.56220655235_7.34072478152_5.56220655235_7.34072478152.png,Ondo,0-10
5.56220655235_7.355696702921992_5.56220655235_7.34072478152.png,Ondo,0-10
5.564143087988008_7.01992528834_5.57911500939_7.01992528834.png,Ondo,0-10
5.572374428973984_7.173525235388007_5.54243058617_7.188497156789999.png,Ondo,0-10
5.572374428973984_7.233412920995975_5.54243058617_7.188497156789999.png,Ondo,0-10
5.575958928748008_7.413045769095975_5.59093085015_7.3681300048899985.png,Ondo,0-10
5.577178473751992_7.3257528601180075_5.56220655235_7.34072478152.png,Ondo,0-10
5.57911500939_6.975009524134023_5.57911500939_7.01992528834.png,Ondo,0-10
5.57911500939_6.989981445536015_5.57911500939_7.01992528834.png,Ondo,0-10
5.57911500939_7.049869131143984_5.57911500939_7.01992528834.png,Ondo,0-10
5.587346350375976_7.233412920995975_5.54243058617_7.188497156789999.png,Ondo,0-10
5.59093085015_7.323214240684022_5.59093085015_7.3681300048899985.png,Ondo,0-10
5.592150395153984_7.34072478152_5.56220655235_7.34072478152.png,Ondo,0-10
5.594086930791992_7.049869131143984_5.57911500939_7.01992528834.png,Ondo,0-10
5.604820504240401_7.344277801681724_5.59093085015_7.3681300048899985.png,Ondo,0-10
5.6059027715519925_7.338186162086014_5.59093085015_7.3681300048899985.png,Ondo,0-10
5.6059027715519925_7.3681300048899985_5.59093085015_7.3681300048899985.png,Ondo,0-10
5.6059027715519925_7.383101926291991_5.59093085015_7.3681300048899985.png,Ondo,0-10
5.6059027715519925_7.398073847693983_5.59093085015_7.3681300048899985.png,Ondo,0-10
5.6071223165559765_7.3257528601180075_5.56220655235_7.34072478152.png,Ondo,0-10
5.6071223165559765_7.385640545725976_5.56220655235_7.34072478152.png,Ondo,0-10
5.609058852193984_7.01992528834_5.57911500939_7.01992528834.png,Ondo,0-10
5.6118114262840235_7.337725184961993_5.65672719049_7.322753263560001.png,Ondo,0-10
5.61703257206803_7.381016106968009_5.59093085015_7.3681300048899985.png,Ondo,0-10
5.619972613044024_7.0263580265480075_5.6648883772500005_7.04132994795.png,Ondo,0-10
5.620874692953985_7.323214240684022_5.59093085015_7.3681300048899985.png,Ondo,0-10
5.620874692953985_7.398073847693983_5.59093085015_7.3681300048899985.png,Ondo,0-10
5.624030773595976_7.049869131143984_5.57911500939_7.01992528834.png,Ondo,0-10
5.626783347686016_7.307781342158009_5.65672719049_7.322753263560001.png,Ondo,0-10
5.634944534446016_6.996414183744023_5.6648883772500005_7.04132994795.png,Ondo,0-10
5.635846614355977_7.3681300048899985_5.59093085015_7.3681300048899985.png,Ondo,0-10
5.641755269088008_7.292809420756017_5.65672719049_7.322753263560001.png,Ondo,0-10
5.641755269088008_7.322753263560001_5.65672719049_7.322753263560001.png,Ondo,0-10
5.647758296196013_7.339527810558698_5.65672719049_7.322753263560001.png,Ondo,0-10
5.648740223275157_7.343859346015257_5.65672719049_7.322753263560001.png,Ondo,0-10
5.649916455848008_7.04132994795_5.6648883772500005_7.04132994795.png,Ondo,0-10
5.649916455848008_7.071273790753984_5.6648883772500005_7.04132994795.png,Ondo,0-10
5.653698906124023_7.489555485366015_5.69861467033_7.519499328169999.png,Ondo,0-10
5.65672719049_7.337725184961993_5.65672719049_7.322753263560001.png,Ondo,0-10
5.668670827526015_7.474583563964023_5.69861467033_7.519499328169999.png,Ondo,0-10
5.671699111891992_7.277837499354025_5.65672719049_7.322753263560001.png,Ondo,0-10
5.675324313454025_7.211117906386015_5.7202400776600015_7.241061749189999.png,Ondo,0-10
5.675324313454025_7.256033670591991_5.7202400776600015_7.241061749189999.png,Ondo,0-10
5.675324313454025_7.271005591993983_5.7202400776600015_7.241061749189999.png,Ondo,0-10
5.6794359636500005_7.112446462513985_5.6794359636500005_7.0825026197100005.png,Ondo,0-10
5.679860298651993_6.996414183744023_5.6648883772500005_7.04132994795.png,Ondo,0-10
5.679860298651993_7.011386105146015_5.6648883772500005_7.04132994795.png,Ondo,0-10
5.6836427489280075_7.474583563964023_5.69861467033_7.519499328169999.png,Ondo,0-10
5.6836427489280075_7.519499328169999_5.69861467033_7.519499328169999.png,Ondo,0-10
5.6836427489280075_7.5494431709739835_5.69861467033_7.519499328169999.png,Ondo,0-10
5.690296234856017_7.256033670591991_5.7202400776600015_7.241061749189999.png,Ondo,0-10
5.692077826159577_7.50502669871057_5.69861467033_7.519499328169999.png,Ondo,0-10
5.694407885051993_7.037586855504024_5.6794359636500005_7.0825026197100005.png,Ondo,0-10
5.694407885051993_7.0825026197100005_5.6794359636500005_7.0825026197100005.png,Ondo,0-10
5.694832220053985_6.996414183744023_5.6648883772500005_7.04132994795.png,Ondo,0-10
5.694832220053985_7.086245712155976_5.6648883772500005_7.04132994795.png,Ondo,0-10
5.69861467033_7.474583563964023_5.69861467033_7.519499328169999.png,Ondo,0-10
5.701642954695976_7.307781342158009_5.65672719049_7.322753263560001.png,Ondo,0-10
5.701642954695976_7.337725184961993_5.65672719049_7.322753263560001.png,Ondo,0-10
5.705268156258009_7.256033670591991_5.7202400776600015_7.241061749189999.png,Ondo,0-10
5.709379806453985_7.097474541111993_5.6794359636500005_7.0825026197100005.png,Ondo,0-10
5.709379806453985_7.127418383915977_5.6794359636500005_7.0825026197100005.png,Ondo,0-10
5.709804141455977_7.056301869351992_5.6648883772500005_7.04132994795.png,Ondo,0-10
5.713586591731992_7.564415092375976_5.69861467033_7.519499328169999.png,Ondo,0-10
5.716370426896016_6.957473407466015_5.7463142697_6.987417250269999.png,Ondo,0-10
5.7202400776600015_7.211117906386015_5.7202400776600015_7.241061749189999.png,Ondo,0-10
5.7202400776600015_7.271005591993983_5.7202400776600015_7.241061749189999.png,Ondo,0-10
5.723183799500427_7.081922613688355_5.6794359636500005_7.0825026197100005.png,Ondo,0-10
5.723546667809683_7.475459227968271_5.69861467033_7.519499328169999.png,Ondo,0-10
5.724351727855977_7.067530698308008_5.6794359636500005_7.0825026197100005.png,Ondo,0-10
5.724351727855977_7.127418383915977_5.6794359636500005_7.0825026197100005.png,Ondo,0-10
5.728558513133984_7.474583563964023_5.69861467033_7.519499328169999.png,Ondo,0-10
5.728558513133984_7.5494431709739835_5.69861467033_7.519499328169999.png,Ondo,0-10
5.731342348298008_6.942501486064023_5.7463142697_6.987417250269999.png,Ondo,0-10
5.731342348298008_7.002389171671991_5.7463142697_6.987417250269999.png,Ondo,0-10
5.731342348298008_7.017361093073983_5.7463142697_6.987417250269999.png,Ondo,0-10
5.735211999061994_7.211117906386015_5.7202400776600015_7.241061749189999.png,Ondo,0-10
5.735211999061994_7.226089827788007_5.7202400776600015_7.241061749189999.png,Ondo,0-10
5.735211999061994_7.285977513395975_5.7202400776600015_7.241061749189999.png,Ondo,0-10
5.743530434535976_7.504527406768007_5.69861467033_7.519499328169999.png,Ondo,0-10
5.743530434535976_7.519499328169999_5.69861467033_7.519499328169999.png,Ondo,0-10
5.743907486734024_6.869080362914024_5.78882325094_6.91399612712.png,Ondo,0-10
5.743907486734024_6.899024205718008_5.78882325094_6.91399612712.png,Ondo,0-10
5.7463142697_6.987417250269999_5.7463142697_6.987417250269999.png,Ondo,0-10
5.750183920463986_7.241061749189999_5.7202400776600015_7.241061749189999.png,Ondo,0-10
5.758879408136016_6.884052284316016_5.78882325094_6.91399612712.png,Ondo,0-10
5.761286191101992_7.002389171671991_5.7463142697_6.987417250269999.png,Ondo,0-10
5.773851329538008_6.869080362914024_5.78882325094_6.91399612712.png,Ondo,0-10
5.776258112503984_7.0323330144759755_5.7463142697_6.987417250269999.png,Ondo,0-10
5.780065218094024_6.912157963945976_5.8249809823000005_6.86724219974.png,Ondo,0-10
5.789278701294024_7.062722338935977_5.8341944655_7.017806574730001.png,Ondo,0-10
5.792456676064023_7.107902914954024_5.837372440269999_7.15281867916.png,Ondo,0-10
5.804250622696016_7.047750417533985_5.8341944655_7.017806574730001.png,Ondo,0-10
5.807428597466015_7.15281867916_5.837372440269999_7.15281867916.png,Ondo,0-10
5.822400518868007_7.107902914954024_5.837372440269999_7.15281867916.png,Ondo,0-10
5.831981191246077_7.131517524479129_5.837372440269999_7.15281867916.png,Ondo,0-10
5.837372440269999_7.122874836356016_5.837372440269999_7.15281867916.png,Ondo,0-10
5.837372440269999_7.15281867916_5.837372440269999_7.15281867916.png,Ondo,0-10
5.837372440269999_7.182762521963984_5.837372440269999_7.15281867916.png,Ondo,0-10
5.867316283073984_7.182762521963984_5.837372440269999_7.15281867916.png,Ondo,0-10
5.8717521078370805_7.176449312532255_5.837372440269999_7.15281867916.png,Ondo,0-10
5.874012560884024_7.4075265359080085_5.91892832509_7.422498457310001.png,Ondo,0-10
5.878540025624024_7.520043095326017_5.92345578983_7.549986938130001.png,Ondo,0-10
5.878540025624024_7.549986938130001_5.92345578983_7.549986938130001.png,Ondo,0-10
5.888984482286016_7.422498457310001_5.91892832509_7.422498457310001.png,Ondo,0-10
5.893511947026016_7.520043095326017_5.92345578983_7.549986938130001.png,Ondo,0-10
5.893511947026016_7.594902702335977_5.92345578983_7.549986938130001.png,Ondo,0-10
5.903956403688008_7.4075265359080085_5.91892832509_7.422498457310001.png,Ondo,0-10
5.903956403688008_7.422498457310001_5.91892832509_7.422498457310001.png,Ondo,0-10
5.908483868428008_7.505071173924025_5.92345578983_7.549986938130001.png,Ondo,0-10
5.908483868428008_7.549986938130001_5.92345578983_7.549986938130001.png,Ondo,0-10
5.908483868428008_7.594902702335977_5.92345578983_7.549986938130001.png,Ondo,0-10
5.91892832509_7.4075265359080085_5.91892832509_7.422498457310001.png,Ondo,0-10
5.92345578983_7.549986938130001_5.92345578983_7.549986938130001.png,Ondo,0-10
5.932055391234024_7.665480460906016_5.97697115544_7.69542430371.png,Ondo,0-10
5.9339002464919925_7.377582693104024_5.91892832509_7.422498457310001.png,Ondo,0-10
5.9339002464919925_7.392554614506016_5.91892832509_7.422498457310001.png,Ondo,0-10
5.948872167893985_7.377582693104024_5.91892832509_7.422498457310001.png,Ondo,0-10
5.948872167893985_7.452442300113985_5.91892832509_7.422498457310001.png,Ondo,0-10
5.963844089295977_7.392554614506016_5.91892832509_7.422498457310001.png,Ondo,0-10
5.963844089295977_7.422498457310001_5.91892832509_7.422498457310001.png,Ondo,0-10
5.9683715540359765_7.535015016728009_5.92345578983_7.549986938130001.png,Ondo,0-10
4.782409637894023_8.11261263944398_4.8273254021_8.082668796639997.png,Kwara,10-20
4.797381559296015_8.097640718041989_4.8273254021_8.082668796639997.png,Kwara,10-20
4.8123534806980075_8.11261263944398_4.8273254021_8.082668796639997.png,Kwara,10-20
4.8123534806980075_8.127584560845973_4.8273254021_8.082668796639997.png,Kwara,10-20
4.8273254021_8.097640718041989_4.8273254021_8.082668796639997.png,Kwara,10-20
4.842240401823983_8.161771710364023_4.812296559019999_8.20668747457.png,Kwara,10-20
4.842240401823983_8.191715553168008_4.812296559019999_8.20668747457.png,Kwara,10-20
4.857212323225975_8.161771710364023_4.812296559019999_8.20668747457.png,Kwara,10-20
4.9173376572040235_8.312330441188008_4.96225342141_8.32730236259.png,Kwara,10-20
4.9173376572040235_8.357246205393984_4.96225342141_8.32730236259.png,Kwara,10-20
4.9173376572040235_8.372218126795977_4.96225342141_8.32730236259.png,Kwara,10-20
4.932309578606016_8.282386598384024_4.96225342141_8.32730236259.png,Kwara,10-20
4.932309578606016_8.32730236259_4.96225342141_8.32730236259.png,Kwara,10-20
4.932309578606016_8.342274283991992_4.96225342141_8.32730236259.png,Kwara,10-20
4.932309578606016_8.372218126795977_4.96225342141_8.32730236259.png,Kwara,10-20
4.947281500008008_8.312330441188008_4.96225342141_8.32730236259.png,Kwara,10-20
4.947281500008008_8.372218126795977_4.96225342141_8.32730236259.png,Kwara,10-20
4.951174057744024_8.342527096018008_4.99608982195_8.35749901742.png,Kwara,10-20
4.966031012905976_8.071767972435977_4.9211152487_8.02685220823.png,Kwara,10-20
4.966145979146016_8.372470938821992_4.99608982195_8.35749901742.png,Kwara,10-20
4.968155460174024_8.283603799334024_5.01307122438_8.32851956354.png,Kwara,10-20
4.981117900548008_8.372470938821992_4.99608982195_8.35749901742.png,Kwara,10-20
4.983127381576016_8.358463406343985_5.01307122438_8.32851956354.png,Kwara,10-20
4.983127381576016_8.373435327745977_5.01307122438_8.32851956354.png,Kwara,10-20
4.992197264213984_8.312330441188008_4.96225342141_8.32730236259.png,Kwara,10-20
4.99608982195_8.312583253214024_4.99608982195_8.35749901742.png,Kwara,10-20
4.99608982195_8.402414781625977_4.99608982195_8.35749901742.png,Kwara,10-20
5.005823348224024_8.339414104489999_5.0507391124300005_8.339414104489999.png,Kwara,10-20
5.007169185615976_8.342274283991992_4.96225342141_8.32730236259.png,Kwara,10-20
5.009072064164024_8.467335861925976_5.05398782837_8.42242009772.png,Kwara,10-20
5.011061743351992_8.327555174616016_4.99608982195_8.35749901742.png,Kwara,10-20
5.011061743351992_8.342527096018008_4.99608982195_8.35749901742.png,Kwara,10-20
5.011061743351992_8.387442860223985_4.99608982195_8.35749901742.png,Kwara,10-20
5.011061743351992_8.402414781625977_4.99608982195_8.35749901742.png,Kwara,10-20
5.01307122438_8.283603799334024_5.01307122438_8.32851956354.png,Kwara,10-20
5.01307122438_8.343491484941993_5.01307122438_8.32851956354.png,Kwara,10-20
5.020795269626016_8.294498340284022_5.0507391124300005_8.339414104489999.png,Kwara,10-20
5.020795269626016_8.324442183088006_5.0507391124300005_8.339414104489999.png,Kwara,10-20
5.020795269626016_8.369357947293983_5.0507391124300005_8.339414104489999.png,Kwara,10-20
5.024043985566016_8.377504333514024_5.05398782837_8.42242009772.png,Kwara,10-20
5.035767191028008_8.324442183088006_5.0507391124300005_8.339414104489999.png,Kwara,10-20
5.035767191028008_8.339414104489999_5.0507391124300005_8.339414104489999.png,Kwara,10-20
5.039015906968008_8.467335861925976_5.05398782837_8.42242009772.png,Kwara,10-20
5.041005586155976_8.342527096018008_4.99608982195_8.35749901742.png,Kwara,10-20
5.043015067183984_8.283603799334024_5.01307122438_8.32851956354.png,Kwara,10-20
5.05398782837_8.42242009772_5.05398782837_8.42242009772.png,Kwara,10-20
5.057986988585976_8.32851956354_5.01307122438_8.32851956354.png,Kwara,10-20
5.0625741540540234_8.137517013204024_5.10748991826_8.18243277741.png,Kwara,10-20
5.0625741540540234_8.167460856008008_5.10748991826_8.18243277741.png,Kwara,10-20
5.0689597497719925_8.452363940523984_5.05398782837_8.42242009772.png,Kwara,10-20
5.0775460754560156_8.152488934606016_5.10748991826_8.18243277741.png,Kwara,10-20
5.080682955233985_8.294498340284022_5.0507391124300005_8.339414104489999.png,Kwara,10-20
5.083931671173985_8.392476254916016_5.05398782837_8.42242009772.png,Kwara,10-20
5.092517996858008_8.227348541615976_5.10748991826_8.18243277741.png,Kwara,10-20
5.095654876635977_8.339414104489999_5.0507391124300005_8.339414104489999.png,Kwara,10-20
5.098903592575977_8.437392019121992_5.05398782837_8.42242009772.png,Kwara,10-20
5.10748991826_8.152488934606016_5.10748991826_8.18243277741.png,Kwara,10-20
5.10748991826_8.197404698811992_5.10748991826_8.18243277741.png,Kwara,10-20
5.10748991826_8.212376620213984_5.10748991826_8.18243277741.png,Kwara,10-20
5.122461839661992_8.197404698811992_5.10748991826_8.18243277741.png,Kwara,10-20
5.137433761063984_8.18243277741_5.10748991826_8.18243277741.png,Kwara,10-20
5.137433761063984_8.227348541615976_5.10748991826_8.18243277741.png,Kwara,10-20
5.152405682465976_8.137517013204024_5.10748991826_8.18243277741.png,Kwara,10-20
5.152405682465976_8.152488934606016_5.10748991826_8.18243277741.png,Kwara,10-20
5.152405682465976_8.167460856008008_5.10748991826_8.18243277741.png,Kwara,10-20
5.291153072514024_8.290922517534023_5.33606883672_8.33583828174.png,Kwara,10-20
5.291153072514024_8.33583828174_5.33606883672_8.33583828174.png,Kwara,10-20
5.306124993916016_8.305894438936015_5.33606883672_8.33583828174.png,Kwara,10-20
5.321096915318008_8.365782124543983_5.33606883672_8.33583828174.png,Kwara,10-20
5.33606883672_8.305894438936015_5.33606883672_8.33583828174.png,Kwara,10-20
5.33606883672_8.365782124543983_5.33606883672_8.33583828174.png,Kwara,10-20
5.351040758121992_8.305894438936015_5.33606883672_8.33583828174.png,Kwara,10-20
4.902998806244024_7.713403281894023_4.94791457045_7.7583190461.png,Ekiti,10-20
4.902998806244024_7.728375203296015_4.94791457045_7.7583190461.png,Ekiti,10-20
4.909566798865976_7.834977320648008_4.86465103466_7.84994924205.png,Ekiti,10-20
4.917970727646016_7.7583190461_4.94791457045_7.7583190461.png,Ekiti,10-20
4.917970727646016_7.788262888903984_4.94791457045_7.7583190461.png,Ekiti,10-20
4.919747101544024_7.774760404396016_4.96466286575_7.8047042472.png,Ekiti,10-20
4.932942649048008_7.803234810305976_4.94791457045_7.7583190461.png,Ekiti,10-20
4.934719022946016_7.8047042472_4.96466286575_7.8047042472.png,Ekiti,10-20
4.934719022946016_7.834648090003984_4.96466286575_7.8047042472.png,Ekiti,10-20
4.934719022946016_7.849620011405976_4.96466286575_7.8047042472.png,Ekiti,10-20
4.94791457045_7.7433471246980075_4.94791457045_7.7583190461.png,Ekiti,10-20
4.94791457045_7.788262888903984_4.94791457045_7.7583190461.png,Ekiti,10-20
4.949690944348008_7.774760404396016_4.96466286575_7.8047042472.png,Ekiti,10-20
4.949690944348008_7.834648090003984_4.96466286575_7.8047042472.png,Ekiti,10-20
4.949690944348008_7.849620011405976_4.96466286575_7.8047042472.png,Ekiti,10-20
4.958586160214024_7.896996356264023_5.00350192442_7.94191212047.png,Ekiti,10-20
4.962886491851992_7.728375203296015_4.94791457045_7.7583190461.png,Ekiti,10-20
4.962886491851992_7.788262888903984_4.94791457045_7.7583190461.png,Ekiti,10-20
4.96466286575_7.834648090003984_4.96466286575_7.8047042472.png,Ekiti,10-20
4.96466286575_7.849620011405976_4.96466286575_7.8047042472.png,Ekiti,10-20
4.966674708914024_7.904710649384024_5.01159047312_7.94962641359.png,Ekiti,10-20
4.968119649364024_7.790244422454023_5.01303541357_7.83516018666.png,Ekiti,10-20
4.968119649364024_7.850132108061992_5.01303541357_7.83516018666.png,Ekiti,10-20
4.973558081616016_7.896996356264023_5.00350192442_7.94191212047.png,Ekiti,10-20
4.973558081616016_7.911968277666015_5.00350192442_7.94191212047.png,Ekiti,10-20
4.977858413253984_7.728375203296015_4.94791457045_7.7583190461.png,Ekiti,10-20
4.981646630316016_7.904710649384024_5.01159047312_7.94962641359.png,Ekiti,10-20
4.981646630316016_7.919682570786016_5.01159047312_7.94962641359.png,Ekiti,10-20
4.983091570766016_7.880075950865976_5.01303541357_7.83516018666.png,Ekiti,10-20
4.988530003018008_7.896996356264023_5.00350192442_7.94191212047.png,Ekiti,10-20
4.988530003018008_7.911968277666015_5.00350192442_7.94191212047.png,Ekiti,10-20
4.988530003018008_7.9269401990680075_5.00350192442_7.94191212047.png,Ekiti,10-20
4.992830334655976_7.7433471246980075_4.94791457045_7.7583190461.png,Ekiti,10-20
4.992830334655976_7.803234810305976_4.94791457045_7.7583190461.png,Ekiti,10-20
4.9946067085539845_7.834648090003984_4.96466286575_7.8047042472.png,Ekiti,10-20
4.996618551718008_7.904710649384024_5.01159047312_7.94962641359.png,Ekiti,10-20
4.996618551718008_7.919682570786016_5.01159047312_7.94962641359.png,Ekiti,10-20
4.996618551718008_7.934654492188008_5.01159047312_7.94962641359.png,Ekiti,10-20
4.998063492168008_7.805216343856015_5.01303541357_7.83516018666.png,Ekiti,10-20
4.998063492168008_7.8201882652580075_5.01303541357_7.83516018666.png,Ekiti,10-20
4.998063492168008_7.850132108061992_5.01303541357_7.83516018666.png,Ekiti,10-20
4.998063492168008_7.865104029463984_5.01303541357_7.83516018666.png,Ekiti,10-20
5.00350192442_7.896996356264023_5.00350192442_7.94191212047.png,Ekiti,10-20
5.00350192442_7.911968277666015_5.00350192442_7.94191212047.png,Ekiti,10-20
5.00350192442_7.9269401990680075_5.00350192442_7.94191212047.png,Ekiti,10-20
5.00350192442_7.94191212047_5.00350192442_7.94191212047.png,Ekiti,10-20
5.009578629955977_7.759788482994024_4.96466286575_7.8047042472.png,Ekiti,10-20
5.009578629955977_7.8047042472_4.96466286575_7.8047042472.png,Ekiti,10-20
5.011549953964024_7.888679402606016_5.05646571817_7.91862324541.png,Ekiti,10-20
5.011549953964024_7.903651324008008_5.05646571817_7.91862324541.png,Ekiti,10-20
5.011549953964024_7.91862324541_5.05646571817_7.91862324541.png,Ekiti,10-20
5.011549953964024_7.933595166811992_5.05646571817_7.91862324541.png,Ekiti,10-20
5.011549953964024_7.948567088213984_5.05646571817_7.91862324541.png,Ekiti,10-20
5.01159047312_7.904710649384024_5.01159047312_7.94962641359.png,Ekiti,10-20
5.01159047312_7.919682570786016_5.01159047312_7.94962641359.png,Ekiti,10-20
5.01159047312_7.934654492188008_5.01159047312_7.94962641359.png,Ekiti,10-20
5.01159047312_7.94962641359_5.01159047312_7.94962641359.png,Ekiti,10-20
5.012630621940258_7.8993470036093925_5.05646571817_7.91862324541.png,Ekiti,10-20
5.01303541357_7.790244422454023_5.01303541357_7.83516018666.png,Ekiti,10-20
5.01303541357_7.805216343856015_5.01303541357_7.83516018666.png,Ekiti,10-20
5.018473845821992_7.896996356264023_5.00350192442_7.94191212047.png,Ekiti,10-20
5.018473845821992_7.911968277666015_5.00350192442_7.94191212047.png,Ekiti,10-20
5.018473845821992_7.9269401990680075_5.00350192442_7.94191212047.png,Ekiti,10-20
5.018473845821992_7.94191212047_5.00350192442_7.94191212047.png,Ekiti,10-20
5.018473845821992_7.956884041871992_5.00350192442_7.94191212047.png,Ekiti,10-20
5.026521875366016_7.873707481204024_5.05646571817_7.91862324541.png,Ekiti,10-20
5.026521875366016_7.888679402606016_5.05646571817_7.91862324541.png,Ekiti,10-20
5.026521875366016_7.903651324008008_5.05646571817_7.91862324541.png,Ekiti,10-20
5.026521875366016_7.91862324541_5.05646571817_7.91862324541.png,Ekiti,10-20
5.026521875366016_7.933595166811992_5.05646571817_7.91862324541.png,Ekiti,10-20
5.026521875366016_7.948567088213984_5.05646571817_7.91862324541.png,Ekiti,10-20
5.026521875366016_7.963539009615976_5.05646571817_7.91862324541.png,Ekiti,10-20
5.026562394521992_7.904710649384024_5.01159047312_7.94962641359.png,Ekiti,10-20
5.026562394521992_7.919682570786016_5.01159047312_7.94962641359.png,Ekiti,10-20
5.026562394521992_7.934654492188008_5.01159047312_7.94962641359.png,Ekiti,10-20
5.026562394521992_7.94962641359_5.01159047312_7.94962641359.png,Ekiti,10-20
5.026562394521992_7.964598334991992_5.01159047312_7.94962641359.png,Ekiti,10-20
5.028007334971992_7.83516018666_5.01303541357_7.83516018666.png,Ekiti,10-20
5.033353250044024_7.866710845034023_5.07826901425_7.911626609239999.png,Ekiti,10-20
5.033353250044024_7.911626609239999_5.07826901425_7.911626609239999.png,Ekiti,10-20
5.033353250044024_7.926598530641991_5.07826901425_7.911626609239999.png,Ekiti,10-20
5.033445767223984_7.896996356264023_5.00350192442_7.94191212047.png,Ekiti,10-20
5.033445767223984_7.911968277666015_5.00350192442_7.94191212047.png,Ekiti,10-20
5.033445767223984_7.9269401990680075_5.00350192442_7.94191212047.png,Ekiti,10-20
5.033445767223984_7.94191212047_5.00350192442_7.94191212047.png,Ekiti,10-20
5.033445767223984_7.956884041871992_5.00350192442_7.94191212047.png,Ekiti,10-20
5.033445767223984_7.971855963273984_5.00350192442_7.94191212047.png,Ekiti,10-20
5.033445767223984_7.986827884675976_5.00350192442_7.94191212047.png,Ekiti,10-20
5.041493796768008_7.873707481204024_5.05646571817_7.91862324541.png,Ekiti,10-20
5.041493796768008_7.888679402606016_5.05646571817_7.91862324541.png,Ekiti,10-20
5.041493796768008_7.903651324008008_5.05646571817_7.91862324541.png,Ekiti,10-20
5.041493796768008_7.91862324541_5.05646571817_7.91862324541.png,Ekiti,10-20
5.041493796768008_7.933595166811992_5.05646571817_7.91862324541.png,Ekiti,10-20
5.041493796768008_7.948567088213984_5.05646571817_7.91862324541.png,Ekiti,10-20
5.041493796768008_7.963539009615976_5.05646571817_7.91862324541.png,Ekiti,10-20
5.041534315923984_7.904710649384024_5.01159047312_7.94962641359.png,Ekiti,10-20
5.041534315923984_7.919682570786016_5.01159047312_7.94962641359.png,Ekiti,10-20
5.041534315923984_7.934654492188008_5.01159047312_7.94962641359.png,Ekiti,10-20
5.041534315923984_7.94962641359_5.01159047312_7.94962641359.png,Ekiti,10-20
5.041534315923984_7.964598334991992_5.01159047312_7.94962641359.png,Ekiti,10-20
5.041534315923984_7.979570256393984_5.01159047312_7.94962641359.png,Ekiti,10-20
5.041534315923984_7.994542177795976_5.01159047312_7.94962641359.png,Ekiti,10-20
5.043667517744024_7.708642685846016_5.08858328195_7.73858652865.png,Ekiti,10-20
5.048325171446016_7.896654687838007_5.07826901425_7.911626609239999.png,Ekiti,10-20
5.048325171446016_7.941570452043983_5.07826901425_7.911626609239999.png,Ekiti,10-20
5.048417688625976_7.896996356264023_5.00350192442_7.94191212047.png,Ekiti,10-20
5.048417688625976_7.911968277666015_5.00350192442_7.94191212047.png,Ekiti,10-20
5.048417688625976_7.9269401990680075_5.00350192442_7.94191212047.png,Ekiti,10-20
5.048417688625976_7.94191212047_5.00350192442_7.94191212047.png,Ekiti,10-20
5.048417688625976_7.956884041871992_5.00350192442_7.94191212047.png,Ekiti,10-20
5.048417688625976_7.971855963273984_5.00350192442_7.94191212047.png,Ekiti,10-20
5.048417688625976_7.986827884675976_5.00350192442_7.94191212047.png,Ekiti,10-20
5.051519909767117_7.900130669710094_5.05646571817_7.91862324541.png,Ekiti,10-20
5.05646571817_7.873707481204024_5.05646571817_7.91862324541.png,Ekiti,10-20
5.05646571817_7.888679402606016_5.05646571817_7.91862324541.png,Ekiti,10-20
5.05646571817_7.903651324008008_5.05646571817_7.91862324541.png,Ekiti,10-20
5.05646571817_7.91862324541_5.05646571817_7.91862324541.png,Ekiti,10-20
5.05646571817_7.933595166811992_5.05646571817_7.91862324541.png,Ekiti,10-20
5.05646571817_7.948567088213984_5.05646571817_7.91862324541.png,Ekiti,10-20
5.05646571817_7.963539009615976_5.05646571817_7.91862324541.png,Ekiti,10-20
5.056506237325976_7.904710649384024_5.01159047312_7.94962641359.png,Ekiti,10-20
5.056506237325976_7.919682570786016_5.01159047312_7.94962641359.png,Ekiti,10-20
5.056506237325976_7.934654492188008_5.01159047312_7.94962641359.png,Ekiti,10-20
5.056506237325976_7.94962641359_5.01159047312_7.94962641359.png,Ekiti,10-20
5.056506237325976_7.964598334991992_5.01159047312_7.94962641359.png,Ekiti,10-20
5.056506237325976_7.979570256393984_5.01159047312_7.94962641359.png,Ekiti,10-20
5.056506237325976_7.994542177795976_5.01159047312_7.94962641359.png,Ekiti,10-20
5.058639439146016_7.768530371453984_5.08858328195_7.73858652865.png,Ekiti,10-20
5.063297092848008_7.881682766436015_5.07826901425_7.911626609239999.png,Ekiti,10-20
5.066327056624173_7.714235354859302_5.08858328195_7.73858652865.png,Ekiti,10-20
5.071437639571992_7.873707481204024_5.05646571817_7.91862324541.png,Ekiti,10-20
5.071437639571992_7.888679402606016_5.05646571817_7.91862324541.png,Ekiti,10-20
5.071437639571992_7.903651324008008_5.05646571817_7.91862324541.png,Ekiti,10-20
5.071437639571992_7.91862324541_5.05646571817_7.91862324541.png,Ekiti,10-20
5.071437639571992_7.933595166811992_5.05646571817_7.91862324541.png,Ekiti,10-20
5.071437639571992_7.948567088213984_5.05646571817_7.91862324541.png,Ekiti,10-20
5.071437639571992_7.963539009615976_5.05646571817_7.91862324541.png,Ekiti,10-20
5.073611360548008_7.753558450051992_5.08858328195_7.73858652865.png,Ekiti,10-20
5.073611360548008_7.768530371453984_5.08858328195_7.73858652865.png,Ekiti,10-20
5.073611360548008_7.783502292855976_5.08858328195_7.73858652865.png,Ekiti,10-20
5.07826901425_7.866710845034023_5.07826901425_7.911626609239999.png,Ekiti,10-20
5.07826901425_7.911626609239999_5.07826901425_7.911626609239999.png,Ekiti,10-20
5.07826901425_7.941570452043983_5.07826901425_7.911626609239999.png,Ekiti,10-20
5.07826901425_7.956542373445975_5.07826901425_7.911626609239999.png,Ekiti,10-20
5.086409560973984_7.873707481204024_5.05646571817_7.91862324541.png,Ekiti,10-20
5.086409560973984_7.888679402606016_5.05646571817_7.91862324541.png,Ekiti,10-20
5.086409560973984_7.903651324008008_5.05646571817_7.91862324541.png,Ekiti,10-20
5.086409560973984_7.91862324541_5.05646571817_7.91862324541.png,Ekiti,10-20
5.086409560973984_7.933595166811992_5.05646571817_7.91862324541.png,Ekiti,10-20
5.086409560973984_7.948567088213984_5.05646571817_7.91862324541.png,Ekiti,10-20
5.086409560973984_7.963539009615976_5.05646571817_7.91862324541.png,Ekiti,10-20
5.08858328195_7.708642685846016_5.08858328195_7.73858652865.png,Ekiti,10-20
5.08858328195_7.73858652865_5.08858328195_7.73858652865.png,Ekiti,10-20
5.08858328195_7.783502292855976_5.08858328195_7.73858652865.png,Ekiti,10-20
5.101381482375976_7.873707481204024_5.05646571817_7.91862324541.png,Ekiti,10-20
5.101381482375976_7.888679402606016_5.05646571817_7.91862324541.png,Ekiti,10-20
5.101381482375976_7.903651324008008_5.05646571817_7.91862324541.png,Ekiti,10-20
5.101381482375976_7.933595166811992_5.05646571817_7.91862324541.png,Ekiti,10-20
5.101381482375976_7.948567088213984_5.05646571817_7.91862324541.png,Ekiti,10-20
5.101381482375976_7.963539009615976_5.05646571817_7.91862324541.png,Ekiti,10-20
5.103555203351992_7.723614607248008_5.08858328195_7.73858652865.png,Ekiti,10-20
5.103555203351992_7.768530371453984_5.08858328195_7.73858652865.png,Ekiti,10-20
5.108503693714024_7.5782103237680065_5.15341945792_7.593182245169999.png,Ekiti,10-20
5.108503693714024_7.638098009375975_5.15341945792_7.593182245169999.png,Ekiti,10-20
5.118527124753984_7.723614607248008_5.08858328195_7.73858652865.png,Ekiti,10-20
5.122082590104024_7.757835880495976_5.16699835431_7.712920116289999.png,Ekiti,10-20
5.123184778455976_7.956542373445975_5.07826901425_7.911626609239999.png,Ekiti,10-20
5.123475615116016_7.608154166571991_5.15341945792_7.593182245169999.png,Ekiti,10-20
5.131991579619357_7.7025488118621315_5.08858328195_7.73858652865.png,Ekiti,10-20
5.137054511506016_7.697948194888007_5.16699835431_7.712920116289999.png,Ekiti,10-20
5.137054511506016_7.757835880495976_5.16699835431_7.712920116289999.png,Ekiti,10-20
5.138447536518008_7.5782103237680065_5.15341945792_7.593182245169999.png,Ekiti,10-20
5.138447536518008_7.593182245169999_5.15341945792_7.593182245169999.png,Ekiti,10-20
5.138447536518008_7.608154166571991_5.15341945792_7.593182245169999.png,Ekiti,10-20
5.152026432908008_7.668004352084023_5.16699835431_7.712920116289999.png,Ekiti,10-20
5.15341945792_7.548266480964022_5.15341945792_7.593182245169999.png,Ekiti,10-20
5.15341945792_7.623126087973983_5.15341945792_7.593182245169999.png,Ekiti,10-20
5.163339443844023_7.7295315026980065_5.20825520805_7.744503424099999.png,Ekiti,10-20
5.163339443844023_7.759475345501991_5.20825520805_7.744503424099999.png,Ekiti,10-20
5.163339443844023_7.789419188305975_5.20825520805_7.744503424099999.png,Ekiti,10-20
5.16699835431_7.668004352084023_5.16699835431_7.712920116289999.png,Ekiti,10-20
5.16699835431_7.682976273486015_5.16699835431_7.712920116289999.png,Ekiti,10-20
5.168391379321992_7.563238402366014_5.15341945792_7.593182245169999.png,Ekiti,10-20
5.168391379321992_7.593182245169999_5.15341945792_7.593182245169999.png,Ekiti,10-20
5.168391379321992_7.638098009375975_5.15341945792_7.593182245169999.png,Ekiti,10-20
5.1819702757119925_7.742863959093984_5.16699835431_7.712920116289999.png,Ekiti,10-20
5.1819702757119925_7.757835880495976_5.16699835431_7.712920116289999.png,Ekiti,10-20
5.183363300723984_7.563238402366014_5.15341945792_7.593182245169999.png,Ekiti,10-20
5.196942197113985_7.668004352084023_5.16699835431_7.712920116289999.png,Ekiti,10-20
5.20825520805_7.759475345501991_5.20825520805_7.744503424099999.png,Ekiti,10-20
5.211914118515977_7.697948194888007_5.16699835431_7.712920116289999.png,Ekiti,10-20
5.211914118515977_7.7278920376919915_5.16699835431_7.712920116289999.png,Ekiti,10-20
5.211914118515977_7.757835880495976_5.16699835431_7.712920116289999.png,Ekiti,10-20
5.223227129451992_7.759475345501991_5.20825520805_7.744503424099999.png,Ekiti,10-20
5.223227129451992_7.789419188305975_5.20825520805_7.744503424099999.png,Ekiti,10-20
5.238199050853984_7.714559581296014_5.20825520805_7.744503424099999.png,Ekiti,10-20
5.238199050853984_7.759475345501991_5.20825520805_7.744503424099999.png,Ekiti,10-20
5.244888727844024_7.548093436176016_5.28980449205_7.57803727898.png,Ekiti,10-20
5.244888727844024_7.57803727898_5.28980449205_7.57803727898.png,Ekiti,10-20
5.246455378196016_7.691628159946014_5.276399221_7.7215720027499986.png,Ekiti,10-20
5.246455378196016_7.766487766955975_5.276399221_7.7215720027499986.png,Ekiti,10-20
5.253170972255976_7.744503424099999_5.20825520805_7.744503424099999.png,Ekiti,10-20
5.253170972255976_7.759475345501991_5.20825520805_7.744503424099999.png,Ekiti,10-20
5.253170972255976_7.774447266903983_5.20825520805_7.744503424099999.png,Ekiti,10-20
5.259860649246016_7.57803727898_5.28980449205_7.57803727898.png,Ekiti,10-20
5.259860649246016_7.607981121783984_5.28980449205_7.57803727898.png,Ekiti,10-20
5.270332576534024_7.478350410305977_5.31524834074_7.4334346461.png,Ekiti,10-20
5.274832570648008_7.563065357578008_5.28980449205_7.57803727898.png,Ekiti,10-20
5.276399221_7.676656238544022_5.276399221_7.7215720027499986.png,Ekiti,10-20
5.276399221_7.7215720027499986_5.276399221_7.7215720027499986.png,Ekiti,10-20
5.276399221_7.736543924151991_5.276399221_7.7215720027499986.png,Ekiti,10-20
5.285304497936016_7.478350410305977_5.31524834074_7.4334346461.png,Ekiti,10-20
5.28980449205_7.548093436176016_5.28980449205_7.57803727898.png,Ekiti,10-20
5.291371142401992_7.691628159946014_5.276399221_7.7215720027499986.png,Ekiti,10-20
5.304776413451992_7.563065357578008_5.28980449205_7.57803727898.png,Ekiti,10-20
5.305949921844024_7.4468049313959765_5.350865686050001_7.40188916719.png,Ekiti,10-20
5.306343063803984_7.7215720027499986_5.276399221_7.7215720027499986.png,Ekiti,10-20
5.306343063803984_7.766487766955975_5.276399221_7.7215720027499986.png,Ekiti,10-20
5.319748334853984_7.533121514774024_5.28980449205_7.57803727898.png,Ekiti,10-20
5.319748334853984_7.548093436176016_5.28980449205_7.57803727898.png,Ekiti,10-20
5.319748334853984_7.593009200381992_5.28980449205_7.57803727898.png,Ekiti,10-20
5.319748334853984_7.607981121783984_5.28980449205_7.57803727898.png,Ekiti,10-20
5.3213149852059765_7.676656238544022_5.276399221_7.7215720027499986.png,Ekiti,10-20
5.3213149852059765_7.691628159946014_5.276399221_7.7215720027499986.png,Ekiti,10-20
5.330220262141992_7.4334346461_5.31524834074_7.4334346461.png,Ekiti,10-20
5.330220262141992_7.448406567501992_5.31524834074_7.4334346461.png,Ekiti,10-20
5.330220262141992_7.4633784889039845_5.31524834074_7.4334346461.png,Ekiti,10-20
5.334720256255976_7.563065357578008_5.28980449205_7.57803727898.png,Ekiti,10-20
5.3402872158640236_7.4829712794940235_5.38520298007_7.5278870437.png,Ekiti,10-20
5.3402872158640236_7.512915122298008_5.38520298007_7.5278870437.png,Ekiti,10-20
5.3402872158640236_7.557830886503984_5.38520298007_7.5278870437.png,Ekiti,10-20
5.340813391141041_7.440525889120794_5.350865686050001_7.40188916719.png,Ekiti,10-20
5.345192183543984_7.388518881894024_5.31524834074_7.4334346461.png,Ekiti,10-20
5.345192183543984_7.418462724698008_5.31524834074_7.4334346461.png,Ekiti,10-20
5.345192183543984_7.478350410305977_5.31524834074_7.4334346461.png,Ekiti,10-20
5.350865686050001_7.416861088591992_5.350865686050001_7.40188916719.png,Ekiti,10-20
5.35266625911939_7.533215202076657_5.38520298007_7.5278870437.png,Ekiti,10-20
5.356655664927034_7.559939326444763_5.38520298007_7.5278870437.png,Ekiti,10-20
5.3601641049459765_7.448406567501992_5.31524834074_7.4334346461.png,Ekiti,10-20
5.370231058668008_7.512915122298008_5.38520298007_7.5278870437.png,Ekiti,10-20
5.380809528853985_7.40188916719_5.350865686050001_7.40188916719.png,Ekiti,10-20
5.395781450255977_7.356973402984024_5.350865686050001_7.40188916719.png,Ekiti,10-20
5.395781450255977_7.431833009993984_5.350865686050001_7.40188916719.png,Ekiti,10-20
5.400174901471992_7.4829712794940235_5.38520298007_7.5278870437.png,Ekiti,10-20
5.400174901471992_7.512915122298008_5.38520298007_7.5278870437.png,Ekiti,10-20
5.400174901471992_7.572802807905976_5.38520298007_7.5278870437.png,Ekiti,10-20
5.415146822873984_7.497943200896016_5.38520298007_7.5278870437.png,Ekiti,10-20
5.415146822873984_7.512915122298008_5.38520298007_7.5278870437.png,Ekiti,10-20
5.430118744275976_7.5278870437_5.38520298007_7.5278870437.png,Ekiti,10-20
5.430118744275976_7.572802807905976_5.38520298007_7.5278870437.png,Ekiti,10-20
5.435465246856015_7.554521916488007_5.46540908966_7.569493837889999.png,Ekiti,10-20
5.4504371682580075_7.554521916488007_5.46540908966_7.569493837889999.png,Ekiti,10-20
5.4504371682580075_7.569493837889999_5.46540908966_7.569493837889999.png,Ekiti,10-20
5.46540908966_7.584465759291991_5.46540908966_7.569493837889999.png,Ekiti,10-20
5.46540908966_7.599437680693983_5.46540908966_7.569493837889999.png,Ekiti,10-20
5.46540908966_7.614409602095975_5.46540908966_7.569493837889999.png,Ekiti,10-20
5.480381011061992_7.569493837889999_5.46540908966_7.569493837889999.png,Ekiti,10-20
5.480381011061992_7.599437680693983_5.46540908966_7.569493837889999.png,Ekiti,10-20
5.490540180124024_7.501591758826016_5.535455944330001_7.53153560163.png,Ekiti,10-20
5.495352932463984_7.524578073684022_5.46540908966_7.569493837889999.png,Ekiti,10-20
5.495352932463984_7.599437680693983_5.46540908966_7.569493837889999.png,Ekiti,10-20
5.495352932463984_7.614409602095975_5.46540908966_7.569493837889999.png,Ekiti,10-20
5.501387361703982_7.516693890833612_5.535455944330001_7.53153560163.png,Ekiti,10-20
5.5029568067696095_7.5118912898973935_5.535455944330001_7.53153560163.png,Ekiti,10-20
5.5055121015260164_7.486619837424024_5.535455944330001_7.53153560163.png,Ekiti,10-20
5.5055121015260164_7.576451365835976_5.535455944330001_7.53153560163.png,Ekiti,10-20
5.510324853865976_7.554521916488007_5.46540908966_7.569493837889999.png,Ekiti,10-20
5.510638303604024_7.596057829598008_5.55555406781_7.611029751.png,Ekiti,10-20
5.517290788144024_7.355696702921992_5.56220655235_7.34072478152.png,Ekiti,10-20
5.517290788144024_7.370668624323984_5.56220655235_7.34072478152.png,Ekiti,10-20
5.5204840229280085_7.546507523031992_5.535455944330001_7.53153560163.png,Ekiti,10-20
5.5204840229280085_7.576451365835976_5.535455944330001_7.53153560163.png,Ekiti,10-20
5.525610225006016_7.626001672401992_5.55555406781_7.611029751.png,Ekiti,10-20
5.525610225006016_7.640973593803984_5.55555406781_7.611029751.png,Ekiti,10-20
5.532262709546016_7.370668624323984_5.56220655235_7.34072478152.png,Ekiti,10-20
5.535455944330001_7.486619837424024_5.535455944330001_7.53153560163.png,Ekiti,10-20
5.535455944330001_7.53153560163_5.535455944330001_7.53153560163.png,Ekiti,10-20
5.540582146408008_7.596057829598008_5.55555406781_7.611029751.png,Ekiti,10-20
5.540582146408008_7.6559455152059765_5.55555406781_7.611029751.png,Ekiti,10-20
5.546015085944024_7.413045769095975_5.59093085015_7.3681300048899985.png,Ekiti,10-20
5.55555406781_7.566113986794024_5.55555406781_7.611029751.png,Ekiti,10-20
5.55555406781_7.6559455152059765_5.55555406781_7.611029751.png,Ekiti,10-20
5.565399787133985_7.561479444433984_5.535455944330001_7.53153560163.png,Ekiti,10-20
5.565399787133985_7.576451365835976_5.535455944330001_7.53153560163.png,Ekiti,10-20
5.570525989211992_7.596057829598008_5.55555406781_7.611029751.png,Ekiti,10-20
5.580371708535977_7.486619837424024_5.535455944330001_7.53153560163.png,Ekiti,10-20
5.580371708535977_7.561479444433984_5.535455944330001_7.53153560163.png,Ekiti,10-20
5.585497910613984_7.566113986794024_5.55555406781_7.611029751.png,Ekiti,10-20
5.585497910613984_7.611029751_5.55555406781_7.611029751.png,Ekiti,10-20
5.6004698320159765_7.640973593803984_5.55555406781_7.611029751.png,Ekiti,10-20
5.6004698320159765_7.6559455152059765_5.55555406781_7.611029751.png,Ekiti,10-20
5.726295900484024_7.746929293496016_5.77121166469_7.7768731363.png,Ekiti,10-20
5.726295900484024_7.806816979103984_5.77121166469_7.7768731363.png,Ekiti,10-20
5.741267821886016_7.7768731363_5.77121166469_7.7768731363.png,Ekiti,10-20
5.756239743288008_7.761901214898008_5.77121166469_7.7768731363.png,Ekiti,10-20
5.756239743288008_7.7768731363_5.77121166469_7.7768731363.png,Ekiti,10-20
5.77121166469_7.761901214898008_5.77121166469_7.7768731363.png,Ekiti,10-20
4.919337612624024_5.726628064284023_4.96425337683_5.77154382849.png,Delta,10-20
4.919337612624024_5.741599985686015_4.96425337683_5.77154382849.png,Delta,10-20
4.919337612624024_5.7565719070880075_4.96425337683_5.77154382849.png,Delta,10-20
4.919337612624024_5.77154382849_4.96425337683_5.77154382849.png,Delta,10-20
4.934309534026016_5.726628064284023_4.96425337683_5.77154382849.png,Delta,10-20
4.934309534026016_5.741599985686015_4.96425337683_5.77154382849.png,Delta,10-20
4.934309534026016_5.7565719070880075_4.96425337683_5.77154382849.png,Delta,10-20
4.934309534026016_5.77154382849_4.96425337683_5.77154382849.png,Delta,10-20
4.949281455428008_5.726628064284023_4.96425337683_5.77154382849.png,Delta,10-20
4.949281455428008_5.741599985686015_4.96425337683_5.77154382849.png,Delta,10-20
4.949281455428008_5.7565719070880075_4.96425337683_5.77154382849.png,Delta,10-20
4.949281455428008_5.77154382849_4.96425337683_5.77154382849.png,Delta,10-20
4.96425337683_5.726628064284023_4.96425337683_5.77154382849.png,Delta,10-20
4.96425337683_5.741599985686015_4.96425337683_5.77154382849.png,Delta,10-20
4.96425337683_5.7565719070880075_4.96425337683_5.77154382849.png,Delta,10-20
4.96425337683_5.786515749891992_4.96425337683_5.77154382849.png,Delta,10-20
4.9792252982319924_5.726628064284023_4.96425337683_5.77154382849.png,Delta,10-20
4.9792252982319924_5.741599985686015_4.96425337683_5.77154382849.png,Delta,10-20
4.9792252982319924_5.7565719070880075_4.96425337683_5.77154382849.png,Delta,10-20
4.9792252982319924_5.786515749891992_4.96425337683_5.77154382849.png,Delta,10-20
4.992394288939443_5.781709120999988_4.96425337683_5.77154382849.png,Delta,10-20
4.9941972196339846_5.726628064284023_4.96425337683_5.77154382849.png,Delta,10-20
4.9941972196339846_5.741599985686015_4.96425337683_5.77154382849.png,Delta,10-20
4.9941972196339846_5.7565719070880075_4.96425337683_5.77154382849.png,Delta,10-20
4.9941972196339846_5.77154382849_4.96425337683_5.77154382849.png,Delta,10-20
4.9941972196339846_5.786515749891992_4.96425337683_5.77154382849.png,Delta,10-20
4.9941972196339846_5.801487671293984_4.96425337683_5.77154382849.png,Delta,10-20
4.9941972196339846_5.816459592695976_4.96425337683_5.77154382849.png,Delta,10-20
5.009169141035977_5.726628064284023_4.96425337683_5.77154382849.png,Delta,10-20
5.009169141035977_5.741599985686015_4.96425337683_5.77154382849.png,Delta,10-20
5.009169141035977_5.7565719070880075_4.96425337683_5.77154382849.png,Delta,10-20
5.009169141035977_5.77154382849_4.96425337683_5.77154382849.png,Delta,10-20
5.009169141035977_5.801487671293984_4.96425337683_5.77154382849.png,Delta,10-20
5.009169141035977_5.816459592695976_4.96425337683_5.77154382849.png,Delta,10-20
5.096654377994024_6.048432106706016_5.1415701422_6.07837594951.png,Delta,10-20
5.111626299396016_6.048432106706016_5.1415701422_6.07837594951.png,Delta,10-20
5.126598220798008_6.07837594951_5.1415701422_6.07837594951.png,Delta,10-20
5.126598220798008_6.093347870911992_5.1415701422_6.07837594951.png,Delta,10-20
5.1415701422_6.048432106706016_5.1415701422_6.07837594951.png,Delta,10-20
5.1415701422_6.07837594951_5.1415701422_6.07837594951.png,Delta,10-20
5.1415701422_6.123291713715976_5.1415701422_6.07837594951.png,Delta,10-20
5.156542063601992_6.048432106706016_5.1415701422_6.07837594951.png,Delta,10-20
5.156542063601992_6.108319792313984_5.1415701422_6.07837594951.png,Delta,10-20
5.171513985003984_6.0334601853040235_5.1415701422_6.07837594951.png,Delta,10-20
5.171513985003984_6.063404028108008_5.1415701422_6.07837594951.png,Delta,10-20
5.186485906405976_6.0334601853040235_5.1415701422_6.07837594951.png,Delta,10-20
5.373767356414023_5.712169139884024_5.418683120619999_5.75708490409.png,Delta,10-20
5.373767356414023_5.75708490409_5.418683120619999_5.75708490409.png,Delta,10-20
5.403711199218007_5.772056825491992_5.418683120619999_5.75708490409.png,Delta,10-20
5.418683120619999_5.727141061286016_5.418683120619999_5.75708490409.png,Delta,10-20
5.433655042021991_5.712169139884024_5.418683120619999_5.75708490409.png,Delta,10-20
5.433655042021991_5.75708490409_5.418683120619999_5.75708490409.png,Delta,10-20
5.448626963423983_5.75708490409_5.418683120619999_5.75708490409.png,Delta,10-20
5.448626963423983_5.787028746893984_5.418683120619999_5.75708490409.png,Delta,10-20
5.452935841894024_5.806907153448008_5.4978516061_5.82187907485.png,Delta,10-20
5.452935841894024_5.866794839055976_5.4978516061_5.82187907485.png,Delta,10-20
5.467907763296016_5.806907153448008_5.4978516061_5.82187907485.png,Delta,10-20
5.471188130634023_5.738039851793984_5.51610389484_5.70809600899.png,Delta,10-20
5.471188130634023_5.7530117731959765_5.51610389484_5.70809600899.png,Delta,10-20
5.482879684698008_5.866794839055976_5.4978516061_5.82187907485.png,Delta,10-20
5.486160052036015_5.723067930391992_5.51610389484_5.70809600899.png,Delta,10-20
5.4978516061_5.776963310644024_5.4978516061_5.82187907485.png,Delta,10-20
5.4978516061_5.866794839055976_5.4978516061_5.82187907485.png,Delta,10-20
5.5011319734380075_5.723067930391992_5.51610389484_5.70809600899.png,Delta,10-20
5.502199247154025_5.771977164594023_5.547115011360002_5.8168929288.png,Delta,10-20
5.502199247154025_5.7869490859960155_5.547115011360002_5.8168929288.png,Delta,10-20
5.502199247154025_5.801921007398008_5.547115011360002_5.8168929288.png,Delta,10-20
5.502199247154025_5.8168929288_5.547115011360002_5.8168929288.png,Delta,10-20
5.502199247154025_5.831864850201992_5.547115011360002_5.8168929288.png,Delta,10-20
5.502199247154025_5.846836771603984_5.547115011360002_5.8168929288.png,Delta,10-20
5.502199247154025_5.861808693005976_5.547115011360002_5.8168929288.png,Delta,10-20
5.512823527501992_5.776963310644024_5.4978516061_5.82187907485.png,Delta,10-20
5.512823527501992_5.806907153448008_5.4978516061_5.82187907485.png,Delta,10-20
5.512823527501992_5.82187907485_5.4978516061_5.82187907485.png,Delta,10-20
5.51610389484_5.723067930391992_5.51610389484_5.70809600899.png,Delta,10-20
5.51610389484_5.738039851793984_5.51610389484_5.70809600899.png,Delta,10-20
5.51610389484_5.7530117731959765_5.51610389484_5.70809600899.png,Delta,10-20
5.517171168556017_5.771977164594023_5.547115011360002_5.8168929288.png,Delta,10-20
5.517171168556017_5.7869490859960155_5.547115011360002_5.8168929288.png,Delta,10-20
5.517171168556017_5.801921007398008_5.547115011360002_5.8168929288.png,Delta,10-20
5.517171168556017_5.8168929288_5.547115011360002_5.8168929288.png,Delta,10-20
5.517171168556017_5.831864850201992_5.547115011360002_5.8168929288.png,Delta,10-20
5.517171168556017_5.846836771603984_5.547115011360002_5.8168929288.png,Delta,10-20
5.517171168556017_5.861808693005976_5.547115011360002_5.8168929288.png,Delta,10-20
5.531075816241992_5.678152166186016_5.51610389484_5.70809600899.png,Delta,10-20
5.531075816241992_5.693124087588008_5.51610389484_5.70809600899.png,Delta,10-20
5.531075816241992_5.70809600899_5.51610389484_5.70809600899.png,Delta,10-20
5.531075816241992_5.723067930391992_5.51610389484_5.70809600899.png,Delta,10-20
5.531075816241992_5.738039851793984_5.51610389484_5.70809600899.png,Delta,10-20
5.531075816241992_5.7530117731959765_5.51610389484_5.70809600899.png,Delta,10-20
5.53208286204231_5.832163926154789_5.547115011360002_5.8168929288.png,Delta,10-20
5.5321430899580095_5.771977164594023_5.547115011360002_5.8168929288.png,Delta,10-20
5.5321430899580095_5.7869490859960155_5.547115011360002_5.8168929288.png,Delta,10-20
5.5321430899580095_5.801921007398008_5.547115011360002_5.8168929288.png,Delta,10-20
5.5321430899580095_5.8168929288_5.547115011360002_5.8168929288.png,Delta,10-20
5.5321430899580095_5.831864850201992_5.547115011360002_5.8168929288.png,Delta,10-20
5.5321430899580095_5.846836771603984_5.547115011360002_5.8168929288.png,Delta,10-20
5.5321430899580095_5.861808693005976_5.547115011360002_5.8168929288.png,Delta,10-20
5.5427673703059765_5.82187907485_5.4978516061_5.82187907485.png,Delta,10-20
5.5427673703059765_5.866794839055976_5.4978516061_5.82187907485.png,Delta,10-20
5.54593073218695_5.805262870710231_5.547115011360002_5.8168929288.png,Delta,10-20
5.546047737643984_5.678152166186016_5.51610389484_5.70809600899.png,Delta,10-20
5.546047737643984_5.693124087588008_5.51610389484_5.70809600899.png,Delta,10-20
5.546047737643984_5.70809600899_5.51610389484_5.70809600899.png,Delta,10-20
5.546047737643984_5.723067930391992_5.51610389484_5.70809600899.png,Delta,10-20
5.546047737643984_5.738039851793984_5.51610389484_5.70809600899.png,Delta,10-20
5.546047737643984_5.7530117731959765_5.51610389484_5.70809600899.png,Delta,10-20
5.547115011360002_5.771977164594023_5.547115011360002_5.8168929288.png,Delta,10-20
5.547115011360002_5.7869490859960155_5.547115011360002_5.8168929288.png,Delta,10-20
5.547115011360002_5.801921007398008_5.547115011360002_5.8168929288.png,Delta,10-20
5.547115011360002_5.8168929288_5.547115011360002_5.8168929288.png,Delta,10-20
5.547115011360002_5.831864850201992_5.547115011360002_5.8168929288.png,Delta,10-20
5.547115011360002_5.846836771603984_5.547115011360002_5.8168929288.png,Delta,10-20
5.547115011360002_5.861808693005976_5.547115011360002_5.8168929288.png,Delta,10-20
5.561019659045976_5.663180244784024_5.51610389484_5.70809600899.png,Delta,10-20
5.561019659045976_5.678152166186016_5.51610389484_5.70809600899.png,Delta,10-20
5.561019659045976_5.693124087588008_5.51610389484_5.70809600899.png,Delta,10-20
5.561019659045976_5.70809600899_5.51610389484_5.70809600899.png,Delta,10-20
5.561019659045976_5.723067930391992_5.51610389484_5.70809600899.png,Delta,10-20
5.561019659045976_5.738039851793984_5.51610389484_5.70809600899.png,Delta,10-20
5.561019659045976_5.7530117731959765_5.51610389484_5.70809600899.png,Delta,10-20
5.562086932761994_5.771977164594023_5.547115011360002_5.8168929288.png,Delta,10-20
5.562086932761994_5.7869490859960155_5.547115011360002_5.8168929288.png,Delta,10-20
5.562086932761994_5.801921007398008_5.547115011360002_5.8168929288.png,Delta,10-20
5.562086932761994_5.8168929288_5.547115011360002_5.8168929288.png,Delta,10-20
5.562086932761994_5.831864850201992_5.547115011360002_5.8168929288.png,Delta,10-20
5.562086932761994_5.846836771603984_5.547115011360002_5.8168929288.png,Delta,10-20
5.562086932761994_5.861808693005976_5.547115011360002_5.8168929288.png,Delta,10-20
5.577058854163986_5.801921007398008_5.547115011360002_5.8168929288.png,Delta,10-20
5.577058854163986_5.8168929288_5.547115011360002_5.8168929288.png,Delta,10-20
5.577058854163986_5.831864850201992_5.547115011360002_5.8168929288.png,Delta,10-20
5.577058854163986_5.846836771603984_5.547115011360002_5.8168929288.png,Delta,10-20
5.577058854163986_5.861808693005976_5.547115011360002_5.8168929288.png,Delta,10-20
5.5832819838340235_5.908712338288008_5.62819774804_5.92368425969.png,Delta,10-20
5.588344744314024_5.9203530487139835_5.63326050852_5.890409205909999.png,Delta,10-20
5.592030775565978_5.801921007398008_5.547115011360002_5.8168929288.png,Delta,10-20
5.592030775565978_5.8168929288_5.547115011360002_5.8168929288.png,Delta,10-20
5.592030775565978_5.831864850201992_5.547115011360002_5.8168929288.png,Delta,10-20
5.592030775565978_5.846836771603984_5.547115011360002_5.8168929288.png,Delta,10-20
5.592030775565978_5.861808693005976_5.547115011360002_5.8168929288.png,Delta,10-20
5.598253905236016_5.878768495484024_5.62819774804_5.92368425969.png,Delta,10-20
5.598253905236016_5.953628102493984_5.62819774804_5.92368425969.png,Delta,10-20
5.603316665716016_5.935324970115976_5.63326050852_5.890409205909999.png,Delta,10-20
5.613225826638008_5.893740416886016_5.62819774804_5.92368425969.png,Delta,10-20
5.613225826638008_5.92368425969_5.62819774804_5.92368425969.png,Delta,10-20
5.613225826638008_5.938656181091992_5.62819774804_5.92368425969.png,Delta,10-20
5.618288587118008_5.875437284508007_5.63326050852_5.890409205909999.png,Delta,10-20
5.618288587118008_5.890409205909999_5.63326050852_5.890409205909999.png,Delta,10-20
5.618288587118008_5.935324970115976_5.63326050852_5.890409205909999.png,Delta,10-20
5.62819774804_5.953628102493984_5.62819774804_5.92368425969.png,Delta,10-20
5.63326050852_5.9203530487139835_5.63326050852_5.890409205909999.png,Delta,10-20
5.643169669441992_5.878768495484024_5.62819774804_5.92368425969.png,Delta,10-20
5.643169669441992_5.908712338288008_5.62819774804_5.92368425969.png,Delta,10-20
5.643169669441992_5.938656181091992_5.62819774804_5.92368425969.png,Delta,10-20
5.648232429921992_5.9203530487139835_5.63326050852_5.890409205909999.png,Delta,10-20
5.648232429921992_5.935324970115976_5.63326050852_5.890409205909999.png,Delta,10-20
5.658141590843984_5.878768495484024_5.62819774804_5.92368425969.png,Delta,10-20
5.658141590843984_5.953628102493984_5.62819774804_5.92368425969.png,Delta,10-20
5.6632043513239845_5.845493441704023_5.63326050852_5.890409205909999.png,Delta,10-20
5.6632043513239845_5.875437284508007_5.63326050852_5.890409205909999.png,Delta,10-20
5.6632043513239845_5.9203530487139835_5.63326050852_5.890409205909999.png,Delta,10-20
5.6632043513239845_5.935324970115976_5.63326050852_5.890409205909999.png,Delta,10-20
5.720101172666015_5.9856068270280085_5.75004501547_6.000578748430001.png,Delta,10-20
5.7350730940680075_5.955662984224024_5.75004501547_6.000578748430001.png,Delta,10-20
5.7350730940680075_5.9856068270280085_5.75004501547_6.000578748430001.png,Delta,10-20
5.75004501547_5.955662984224024_5.75004501547_6.000578748430001.png,Delta,10-20
5.794960779675976_5.955662984224024_5.75004501547_6.000578748430001.png,Delta,10-20
6.090171543674024_6.264543458358007_6.13508730788_6.279515379759999.png,Delta,10-20
6.090171543674024_6.279515379759999_6.13508730788_6.279515379759999.png,Delta,10-20
6.120115386478008_6.264543458358007_6.13508730788_6.279515379759999.png,Delta,10-20
6.130514780811992_6.221534832625976_6.11554285941_6.17661906842.png,Delta,10-20
6.145486702213984_6.191590989821992_6.11554285941_6.17661906842.png,Delta,10-20
6.145833414344867_6.284544323458583_6.13508730788_6.279515379759999.png,Delta,10-20
6.150059229281992_6.2944873011619915_6.13508730788_6.279515379759999.png,Delta,10-20
6.157142120393985_6.19491690513_6.127198277590001_6.19491690513.png,Delta,10-20
6.157142120393985_6.224860747933985_6.127198277590001_6.19491690513.png,Delta,10-20
6.160458623615976_6.191590989821992_6.11554285941_6.17661906842.png,Delta,10-20
6.162247526516281_6.299829957319123_6.13508730788_6.279515379759999.png,Delta,10-20
6.165031150683984_6.279515379759999_6.13508730788_6.279515379759999.png,Delta,10-20
6.172114041795977_6.19491690513_6.127198277590001_6.19491690513.png,Delta,10-20
6.180003072085976_6.2944873011619915_6.13508730788_6.279515379759999.png,Delta,10-20
6.231460060404023_5.596285736254024_6.27637582461_5.64120150046.png,Delta,10-20
6.246431981806015_5.596285736254024_6.27637582461_5.64120150046.png,Delta,10-20
6.2614039032080075_5.596285736254024_6.27637582461_5.64120150046.png,Delta,10-20
6.2614039032080075_5.611257657656016_6.27637582461_5.64120150046.png,Delta,10-20
6.2614039032080075_5.626229579058008_6.27637582461_5.64120150046.png,Delta,10-20
6.2614039032080075_5.64120150046_6.27637582461_5.64120150046.png,Delta,10-20
6.2614039032080075_5.656173421861992_6.27637582461_5.64120150046.png,Delta,10-20
6.265037017254025_5.743444492065977_6.309952781460002_5.69852872786.png,Delta,10-20
6.272318446944023_5.612662705884024_6.31723421115_5.657578470090001.png,Delta,10-20
6.272318446944023_5.6276346272860165_6.31723421115_5.657578470090001.png,Delta,10-20
6.272318446944023_5.642606548688009_6.31723421115_5.657578470090001.png,Delta,10-20
6.272318446944023_5.657578470090001_6.31723421115_5.657578470090001.png,Delta,10-20
6.273644861273654_5.610779390185403_6.27637582461_5.64120150046.png,Delta,10-20
6.2744728880971605_5.666298813958969_6.31723421115_5.657578470090001.png,Delta,10-20
6.275782127864024_5.573604465104023_6.32069789207_5.61852022931.png,Delta,10-20
6.275782127864024_5.588576386506015_6.32069789207_5.61852022931.png,Delta,10-20
6.275782127864024_5.6035483079080075_6.32069789207_5.61852022931.png,Delta,10-20
6.275782127864024_5.61852022931_6.32069789207_5.61852022931.png,Delta,10-20
6.275782127864024_5.633492150711992_6.32069789207_5.61852022931.png,Delta,10-20
6.275782127864024_5.648464072113984_6.32069789207_5.61852022931.png,Delta,10-20
6.275782127864024_5.663435993515976_6.32069789207_5.61852022931.png,Delta,10-20
6.27637582461_5.596285736254024_6.27637582461_5.64120150046.png,Delta,10-20
6.27637582461_5.611257657656016_6.27637582461_5.64120150046.png,Delta,10-20
6.27637582461_5.64120150046_6.27637582461_5.64120150046.png,Delta,10-20
6.27637582461_5.656173421861992_6.27637582461_5.64120150046.png,Delta,10-20
6.2872903683460155_5.612662705884024_6.31723421115_5.657578470090001.png,Delta,10-20
6.2872903683460155_5.6276346272860165_6.31723421115_5.657578470090001.png,Delta,10-20
6.2872903683460155_5.642606548688009_6.31723421115_5.657578470090001.png,Delta,10-20
6.2872903683460155_5.657578470090001_6.31723421115_5.657578470090001.png,Delta,10-20
6.290135808246687_5.60265315950448_6.32069789207_5.61852022931.png,Delta,10-20
6.290754049266016_5.573604465104023_6.32069789207_5.61852022931.png,Delta,10-20
6.290754049266016_5.588576386506015_6.32069789207_5.61852022931.png,Delta,10-20
6.290754049266016_5.6035483079080075_6.32069789207_5.61852022931.png,Delta,10-20
6.290754049266016_5.61852022931_6.32069789207_5.61852022931.png,Delta,10-20
6.290754049266016_5.633492150711992_6.32069789207_5.61852022931.png,Delta,10-20
6.290754049266016_5.648464072113984_6.32069789207_5.61852022931.png,Delta,10-20
6.290754049266016_5.663435993515976_6.32069789207_5.61852022931.png,Delta,10-20
6.291347746011992_5.596285736254024_6.27637582461_5.64120150046.png,Delta,10-20
6.291347746011992_5.611257657656016_6.27637582461_5.64120150046.png,Delta,10-20
6.291347746011992_5.626229579058008_6.27637582461_5.64120150046.png,Delta,10-20
6.291347746011992_5.64120150046_6.27637582461_5.64120150046.png,Delta,10-20
6.291347746011992_5.656173421861992_6.27637582461_5.64120150046.png,Delta,10-20
6.291734915754023_5.551828192544023_6.336650679959999_5.596743956749999.png,Delta,10-20
6.291734915754023_5.566800113946015_6.336650679959999_5.596743956749999.png,Delta,10-20
6.291734915754023_5.581772035348007_6.336650679959999_5.596743956749999.png,Delta,10-20
6.291734915754023_5.596743956749999_6.336650679959999_5.596743956749999.png,Delta,10-20
6.291734915754023_5.611715878151991_6.336650679959999_5.596743956749999.png,Delta,10-20
6.291734915754023_5.6266877995539835_6.336650679959999_5.596743956749999.png,Delta,10-20
6.291734915754023_5.641659720955976_6.336650679959999_5.596743956749999.png,Delta,10-20
6.2949808600580095_5.653612963654024_6.309952781460002_5.69852872786.png,Delta,10-20
6.2949808600580095_5.683556806458008_6.309952781460002_5.69852872786.png,Delta,10-20
6.302262289748008_5.612662705884024_6.31723421115_5.657578470090001.png,Delta,10-20
6.302262289748008_5.6276346272860165_6.31723421115_5.657578470090001.png,Delta,10-20
6.302262289748008_5.642606548688009_6.31723421115_5.657578470090001.png,Delta,10-20
6.302262289748008_5.657578470090001_6.31723421115_5.657578470090001.png,Delta,10-20
6.302262289748008_5.672550391491993_6.31723421115_5.657578470090001.png,Delta,10-20
6.302262289748008_5.687522312893985_6.31723421115_5.657578470090001.png,Delta,10-20
6.304218758924018_5.6359054355368965_6.27637582461_5.64120150046.png,Delta,10-20
6.305725970668008_5.573604465104023_6.32069789207_5.61852022931.png,Delta,10-20
6.305725970668008_5.588576386506015_6.32069789207_5.61852022931.png,Delta,10-20
6.305725970668008_5.6035483079080075_6.32069789207_5.61852022931.png,Delta,10-20
6.305725970668008_5.61852022931_6.32069789207_5.61852022931.png,Delta,10-20
6.305725970668008_5.633492150711992_6.32069789207_5.61852022931.png,Delta,10-20
6.305725970668008_5.648464072113984_6.32069789207_5.61852022931.png,Delta,10-20
6.305725970668008_5.663435993515976_6.32069789207_5.61852022931.png,Delta,10-20
6.306319667413984_5.596285736254024_6.27637582461_5.64120150046.png,Delta,10-20
6.306319667413984_5.611257657656016_6.27637582461_5.64120150046.png,Delta,10-20
6.306319667413984_5.626229579058008_6.27637582461_5.64120150046.png,Delta,10-20
6.306319667413984_5.64120150046_6.27637582461_5.64120150046.png,Delta,10-20
6.306319667413984_5.656173421861992_6.27637582461_5.64120150046.png,Delta,10-20
6.306319667413984_5.6711453432639845_6.27637582461_5.64120150046.png,Delta,10-20
6.306319667413984_5.686117264665977_6.27637582461_5.64120150046.png,Delta,10-20
6.306706837156015_5.551828192544023_6.336650679959999_5.596743956749999.png,Delta,10-20
6.306706837156015_5.566800113946015_6.336650679959999_5.596743956749999.png,Delta,10-20
6.306706837156015_5.581772035348007_6.336650679959999_5.596743956749999.png,Delta,10-20
6.306706837156015_5.596743956749999_6.336650679959999_5.596743956749999.png,Delta,10-20
6.306706837156015_5.611715878151991_6.336650679959999_5.596743956749999.png,Delta,10-20
6.306706837156015_5.6266877995539835_6.336650679959999_5.596743956749999.png,Delta,10-20
6.306706837156015_5.641659720955976_6.336650679959999_5.596743956749999.png,Delta,10-20
6.309808469914023_5.602118896234024_6.354724234119999_5.64703466044.png,Delta,10-20
6.309808469914023_5.617090817636016_6.354724234119999_5.64703466044.png,Delta,10-20
6.309808469914023_5.632062739038008_6.354724234119999_5.64703466044.png,Delta,10-20
6.309808469914023_5.64703466044_6.354724234119999_5.64703466044.png,Delta,10-20
6.309808469914023_5.662006581841992_6.354724234119999_5.64703466044.png,Delta,10-20
6.309808469914023_5.676978503243984_6.354724234119999_5.64703466044.png,Delta,10-20
6.309952781460002_5.7284725706639845_6.309952781460002_5.69852872786.png,Delta,10-20
6.309952781460002_5.743444492065977_6.309952781460002_5.69852872786.png,Delta,10-20
6.3117978124140235_5.589863434074024_6.35671357662_5.63477919828.png,Delta,10-20
6.3117978124140235_5.604835355476016_6.35671357662_5.63477919828.png,Delta,10-20
6.3117978124140235_5.619807276878008_6.35671357662_5.63477919828.png,Delta,10-20
6.3117978124140235_5.63477919828_6.35671357662_5.63477919828.png,Delta,10-20
6.3117978124140235_5.6497511196819925_6.35671357662_5.63477919828.png,Delta,10-20
6.3117978124140235_5.664723041083985_6.35671357662_5.63477919828.png,Delta,10-20
6.3117978124140235_5.679694962485977_6.35671357662_5.63477919828.png,Delta,10-20
6.316587730080924_5.598124108698157_6.32069789207_5.61852022931.png,Delta,10-20
6.31723421115_5.612662705884024_6.31723421115_5.657578470090001.png,Delta,10-20
6.31723421115_5.6276346272860165_6.31723421115_5.657578470090001.png,Delta,10-20
6.31723421115_5.642606548688009_6.31723421115_5.657578470090001.png,Delta,10-20
6.31723421115_5.672550391491993_6.31723421115_5.657578470090001.png,Delta,10-20
6.31723421115_5.687522312893985_6.31723421115_5.657578470090001.png,Delta,10-20
6.31723421115_5.702494234295977_6.31723421115_5.657578470090001.png,Delta,10-20
6.32069789207_5.573604465104023_6.32069789207_5.61852022931.png,Delta,10-20
6.32069789207_5.588576386506015_6.32069789207_5.61852022931.png,Delta,10-20
6.32069789207_5.6035483079080075_6.32069789207_5.61852022931.png,Delta,10-20
6.32069789207_5.61852022931_6.32069789207_5.61852022931.png,Delta,10-20
6.32069789207_5.633492150711992_6.32069789207_5.61852022931.png,Delta,10-20
6.321291588815976_5.596285736254024_6.27637582461_5.64120150046.png,Delta,10-20
6.321291588815976_5.611257657656016_6.27637582461_5.64120150046.png,Delta,10-20
6.321291588815976_5.626229579058008_6.27637582461_5.64120150046.png,Delta,10-20
6.321291588815976_5.64120150046_6.27637582461_5.64120150046.png,Delta,10-20
6.321291588815976_5.6711453432639845_6.27637582461_5.64120150046.png,Delta,10-20
6.321291588815976_5.686117264665977_6.27637582461_5.64120150046.png,Delta,10-20
6.321678758558007_5.551828192544023_6.336650679959999_5.596743956749999.png,Delta,10-20
6.321678758558007_5.566800113946015_6.336650679959999_5.596743956749999.png,Delta,10-20
6.321678758558007_5.581772035348007_6.336650679959999_5.596743956749999.png,Delta,10-20
6.321678758558007_5.596743956749999_6.336650679959999_5.596743956749999.png,Delta,10-20
6.321678758558007_5.611715878151991_6.336650679959999_5.596743956749999.png,Delta,10-20
6.321678758558007_5.6266877995539835_6.336650679959999_5.596743956749999.png,Delta,10-20
6.321678758558007_5.641659720955976_6.336650679959999_5.596743956749999.png,Delta,10-20
6.324780391316015_5.602118896234024_6.354724234119999_5.64703466044.png,Delta,10-20
6.324780391316015_5.617090817636016_6.354724234119999_5.64703466044.png,Delta,10-20
6.324780391316015_5.632062739038008_6.354724234119999_5.64703466044.png,Delta,10-20
6.324780391316015_5.676978503243984_6.354724234119999_5.64703466044.png,Delta,10-20
6.324780391316015_5.6919504246459764_6.354724234119999_5.64703466044.png,Delta,10-20
6.324924702861994_5.69852872786_6.309952781460002_5.69852872786.png,Delta,10-20
6.326769733816016_5.589863434074024_6.35671357662_5.63477919828.png,Delta,10-20
6.326769733816016_5.604835355476016_6.35671357662_5.63477919828.png,Delta,10-20
6.326769733816016_5.619807276878008_6.35671357662_5.63477919828.png,Delta,10-20
6.326769733816016_5.63477919828_6.35671357662_5.63477919828.png,Delta,10-20
6.326769733816016_5.679694962485977_6.35671357662_5.63477919828.png,Delta,10-20
6.332206132551992_5.612662705884024_6.31723421115_5.657578470090001.png,Delta,10-20
6.332206132551992_5.6276346272860165_6.31723421115_5.657578470090001.png,Delta,10-20
6.332206132551992_5.642606548688009_6.31723421115_5.657578470090001.png,Delta,10-20
6.332206132551992_5.672550391491993_6.31723421115_5.657578470090001.png,Delta,10-20
6.332206132551992_5.687522312893985_6.31723421115_5.657578470090001.png,Delta,10-20
6.332206132551992_5.702494234295977_6.31723421115_5.657578470090001.png,Delta,10-20
6.335669813471992_5.573604465104023_6.32069789207_5.61852022931.png,Delta,10-20
6.335669813471992_5.588576386506015_6.32069789207_5.61852022931.png,Delta,10-20
6.335669813471992_5.6035483079080075_6.32069789207_5.61852022931.png,Delta,10-20
6.335669813471992_5.61852022931_6.32069789207_5.61852022931.png,Delta,10-20
6.335669813471992_5.633492150711992_6.32069789207_5.61852022931.png,Delta,10-20
6.3357143389140225_5.569639527978008_6.380630103119999_5.5846114493800005.png,Delta,10-20
6.3357143389140225_5.5846114493800005_6.380630103119999_5.5846114493800005.png,Delta,10-20
6.3357143389140225_5.599583370781993_6.380630103119999_5.5846114493800005.png,Delta,10-20
6.3357143389140225_5.614555292183985_6.380630103119999_5.5846114493800005.png,Delta,10-20
6.336650679959999_5.551828192544023_6.336650679959999_5.596743956749999.png,Delta,10-20
6.336650679959999_5.566800113946015_6.336650679959999_5.596743956749999.png,Delta,10-20
6.336650679959999_5.581772035348007_6.336650679959999_5.596743956749999.png,Delta,10-20
6.336650679959999_5.596743956749999_6.336650679959999_5.596743956749999.png,Delta,10-20
6.336650679959999_5.611715878151991_6.336650679959999_5.596743956749999.png,Delta,10-20
6.336650679959999_5.6266877995539835_6.336650679959999_5.596743956749999.png,Delta,10-20
6.336650679959999_5.641659720955976_6.336650679959999_5.596743956749999.png,Delta,10-20
6.339752312718007_5.602118896234024_6.354724234119999_5.64703466044.png,Delta,10-20
6.339752312718007_5.617090817636016_6.354724234119999_5.64703466044.png,Delta,10-20
6.339752312718007_5.632062739038008_6.354724234119999_5.64703466044.png,Delta,10-20
6.339752312718007_5.64703466044_6.354724234119999_5.64703466044.png,Delta,10-20
6.339752312718007_5.662006581841992_6.354724234119999_5.64703466044.png,Delta,10-20
6.339752312718007_5.676978503243984_6.354724234119999_5.64703466044.png,Delta,10-20
6.339752312718007_5.6919504246459764_6.354724234119999_5.64703466044.png,Delta,10-20
6.339896624263986_5.653612963654024_6.309952781460002_5.69852872786.png,Delta,10-20
6.341050421060981_5.647176414088348_6.354724234119999_5.64703466044.png,Delta,10-20
6.341741655218008_5.589863434074024_6.35671357662_5.63477919828.png,Delta,10-20
6.341741655218008_5.604835355476016_6.35671357662_5.63477919828.png,Delta,10-20
6.341741655218008_5.619807276878008_6.35671357662_5.63477919828.png,Delta,10-20
6.341741655218008_5.63477919828_6.35671357662_5.63477919828.png,Delta,10-20
6.341741655218008_5.6497511196819925_6.35671357662_5.63477919828.png,Delta,10-20
6.341741655218008_5.664723041083985_6.35671357662_5.63477919828.png,Delta,10-20
6.341741655218008_5.679694962485977_6.35671357662_5.63477919828.png,Delta,10-20
6.347178053953984_5.612662705884024_6.31723421115_5.657578470090001.png,Delta,10-20
6.347178053953984_5.6276346272860165_6.31723421115_5.657578470090001.png,Delta,10-20
6.347178053953984_5.642606548688009_6.31723421115_5.657578470090001.png,Delta,10-20
6.347178053953984_5.657578470090001_6.31723421115_5.657578470090001.png,Delta,10-20
6.347178053953984_5.672550391491993_6.31723421115_5.657578470090001.png,Delta,10-20
6.347178053953984_5.687522312893985_6.31723421115_5.657578470090001.png,Delta,10-20
6.347178053953984_5.702494234295977_6.31723421115_5.657578470090001.png,Delta,10-20
6.350641734873984_5.573604465104023_6.32069789207_5.61852022931.png,Delta,10-20
6.350641734873984_5.588576386506015_6.32069789207_5.61852022931.png,Delta,10-20
6.350641734873984_5.6035483079080075_6.32069789207_5.61852022931.png,Delta,10-20
6.350641734873984_5.61852022931_6.32069789207_5.61852022931.png,Delta,10-20
6.350641734873984_5.633492150711992_6.32069789207_5.61852022931.png,Delta,10-20
6.350641734873984_5.648464072113984_6.32069789207_5.61852022931.png,Delta,10-20
6.350641734873984_5.663435993515976_6.32069789207_5.61852022931.png,Delta,10-20
6.350686260316015_5.554667606576016_6.380630103119999_5.5846114493800005.png,Delta,10-20
6.350686260316015_5.569639527978008_6.380630103119999_5.5846114493800005.png,Delta,10-20
6.350686260316015_5.629527213585977_6.380630103119999_5.5846114493800005.png,Delta,10-20
6.351622601361991_5.551828192544023_6.336650679959999_5.596743956749999.png,Delta,10-20
6.351622601361991_5.566800113946015_6.336650679959999_5.596743956749999.png,Delta,10-20
6.351622601361991_5.581772035348007_6.336650679959999_5.596743956749999.png,Delta,10-20
6.351622601361991_5.596743956749999_6.336650679959999_5.596743956749999.png,Delta,10-20
6.351622601361991_5.611715878151991_6.336650679959999_5.596743956749999.png,Delta,10-20
6.351622601361991_5.6266877995539835_6.336650679959999_5.596743956749999.png,Delta,10-20
6.351622601361991_5.641659720955976_6.336650679959999_5.596743956749999.png,Delta,10-20
6.352430655439738_5.6262754719621135_6.354724234119999_5.64703466044.png,Delta,10-20
6.354724234119999_5.602118896234024_6.354724234119999_5.64703466044.png,Delta,10-20
6.354724234119999_5.617090817636016_6.354724234119999_5.64703466044.png,Delta,10-20
6.354724234119999_5.632062739038008_6.354724234119999_5.64703466044.png,Delta,10-20
6.354724234119999_5.64703466044_6.354724234119999_5.64703466044.png,Delta,10-20
6.354724234119999_5.662006581841992_6.354724234119999_5.64703466044.png,Delta,10-20
6.354724234119999_5.676978503243984_6.354724234119999_5.64703466044.png,Delta,10-20
6.354724234119999_5.6919504246459764_6.354724234119999_5.64703466044.png,Delta,10-20
6.354868545665978_5.683556806458008_6.309952781460002_5.69852872786.png,Delta,10-20
6.35671357662_5.589863434074024_6.35671357662_5.63477919828.png,Delta,10-20
6.35671357662_5.604835355476016_6.35671357662_5.63477919828.png,Delta,10-20
6.35671357662_5.619807276878008_6.35671357662_5.63477919828.png,Delta,10-20
6.35671357662_5.63477919828_6.35671357662_5.63477919828.png,Delta,10-20
6.35671357662_5.6497511196819925_6.35671357662_5.63477919828.png,Delta,10-20
6.35671357662_5.664723041083985_6.35671357662_5.63477919828.png,Delta,10-20
6.35671357662_5.679694962485977_6.35671357662_5.63477919828.png,Delta,10-20
6.357355956182983_5.696310505211591_6.31723421115_5.657578470090001.png,Delta,10-20
6.357870252467797_5.596770970469143_6.35671357662_5.63477919828.png,Delta,10-20
6.362149975355976_5.612662705884024_6.31723421115_5.657578470090001.png,Delta,10-20
6.362149975355976_5.6276346272860165_6.31723421115_5.657578470090001.png,Delta,10-20
6.362149975355976_5.642606548688009_6.31723421115_5.657578470090001.png,Delta,10-20
6.362149975355976_5.657578470090001_6.31723421115_5.657578470090001.png,Delta,10-20
6.362149975355976_5.672550391491993_6.31723421115_5.657578470090001.png,Delta,10-20
6.362149975355976_5.687522312893985_6.31723421115_5.657578470090001.png,Delta,10-20
6.362149975355976_5.702494234295977_6.31723421115_5.657578470090001.png,Delta,10-20
6.365613656275976_5.588576386506015_6.32069789207_5.61852022931.png,Delta,10-20
6.365613656275976_5.6035483079080075_6.32069789207_5.61852022931.png,Delta,10-20
6.365613656275976_5.61852022931_6.32069789207_5.61852022931.png,Delta,10-20
6.365613656275976_5.633492150711992_6.32069789207_5.61852022931.png,Delta,10-20
6.365613656275976_5.648464072113984_6.32069789207_5.61852022931.png,Delta,10-20
6.365613656275976_5.663435993515976_6.32069789207_5.61852022931.png,Delta,10-20
6.365658181718007_5.599583370781993_6.380630103119999_5.5846114493800005.png,Delta,10-20
6.365658181718007_5.629527213585977_6.380630103119999_5.5846114493800005.png,Delta,10-20
6.366594522763983_5.551828192544023_6.336650679959999_5.596743956749999.png,Delta,10-20
6.366594522763983_5.581772035348007_6.336650679959999_5.596743956749999.png,Delta,10-20
6.366594522763983_5.596743956749999_6.336650679959999_5.596743956749999.png,Delta,10-20
6.366594522763983_5.611715878151991_6.336650679959999_5.596743956749999.png,Delta,10-20
6.366594522763983_5.6266877995539835_6.336650679959999_5.596743956749999.png,Delta,10-20
6.366594522763983_5.641659720955976_6.336650679959999_5.596743956749999.png,Delta,10-20
6.369696155521991_5.602118896234024_6.354724234119999_5.64703466044.png,Delta,10-20
6.369696155521991_5.617090817636016_6.354724234119999_5.64703466044.png,Delta,10-20
6.369696155521991_5.632062739038008_6.354724234119999_5.64703466044.png,Delta,10-20
6.369696155521991_5.64703466044_6.354724234119999_5.64703466044.png,Delta,10-20
6.369696155521991_5.662006581841992_6.354724234119999_5.64703466044.png,Delta,10-20
6.369696155521991_5.676978503243984_6.354724234119999_5.64703466044.png,Delta,10-20
6.369696155521991_5.6919504246459764_6.354724234119999_5.64703466044.png,Delta,10-20
6.371685498021992_5.589863434074024_6.35671357662_5.63477919828.png,Delta,10-20
6.371685498021992_5.604835355476016_6.35671357662_5.63477919828.png,Delta,10-20
6.371685498021992_5.619807276878008_6.35671357662_5.63477919828.png,Delta,10-20
6.371685498021992_5.63477919828_6.35671357662_5.63477919828.png,Delta,10-20
6.371685498021992_5.6497511196819925_6.35671357662_5.63477919828.png,Delta,10-20
6.371685498021992_5.664723041083985_6.35671357662_5.63477919828.png,Delta,10-20
6.371685498021992_5.679694962485977_6.35671357662_5.63477919828.png,Delta,10-20
6.374812174451658_5.590478670024676_6.336650679959999_5.596743956749999.png,Delta,10-20
6.381566444165975_5.566800113946015_6.336650679959999_5.596743956749999.png,Delta,10-20
6.381566444165975_5.581772035348007_6.336650679959999_5.596743956749999.png,Delta,10-20
6.381566444165975_5.596743956749999_6.336650679959999_5.596743956749999.png,Delta,10-20
6.381566444165975_5.611715878151991_6.336650679959999_5.596743956749999.png,Delta,10-20
6.381566444165975_5.6266877995539835_6.336650679959999_5.596743956749999.png,Delta,10-20
6.381566444165975_5.641659720955976_6.336650679959999_5.596743956749999.png,Delta,10-20
6.384668076923983_5.602118896234024_6.354724234119999_5.64703466044.png,Delta,10-20
6.384668076923983_5.617090817636016_6.354724234119999_5.64703466044.png,Delta,10-20
6.384668076923983_5.632062739038008_6.354724234119999_5.64703466044.png,Delta,10-20
6.384668076923983_5.64703466044_6.354724234119999_5.64703466044.png,Delta,10-20
6.384668076923983_5.662006581841992_6.354724234119999_5.64703466044.png,Delta,10-20
6.384668076923983_5.676978503243984_6.354724234119999_5.64703466044.png,Delta,10-20
6.384668076923983_5.6919504246459764_6.354724234119999_5.64703466044.png,Delta,10-20
6.386657419423984_5.589863434074024_6.35671357662_5.63477919828.png,Delta,10-20
6.386657419423984_5.604835355476016_6.35671357662_5.63477919828.png,Delta,10-20
6.386657419423984_5.619807276878008_6.35671357662_5.63477919828.png,Delta,10-20
6.386657419423984_5.63477919828_6.35671357662_5.63477919828.png,Delta,10-20
6.386657419423984_5.6497511196819925_6.35671357662_5.63477919828.png,Delta,10-20
6.386657419423984_5.664723041083985_6.35671357662_5.63477919828.png,Delta,10-20
6.386657419423984_5.679694962485977_6.35671357662_5.63477919828.png,Delta,10-20
6.387763837784024_6.1523430528840235_6.43267960199_6.19725881709.png,Delta,10-20
6.387763837784024_6.167314974286016_6.43267960199_6.19725881709.png,Delta,10-20
6.387763837784024_6.19725881709_6.43267960199_6.19725881709.png,Delta,10-20
6.3910360076273545_5.667627432816812_6.35671357662_5.63477919828.png,Delta,10-20
6.399639998325975_5.602118896234024_6.354724234119999_5.64703466044.png,Delta,10-20
6.399639998325975_5.617090817636016_6.354724234119999_5.64703466044.png,Delta,10-20
6.399639998325975_5.632062739038008_6.354724234119999_5.64703466044.png,Delta,10-20
6.399639998325975_5.64703466044_6.354724234119999_5.64703466044.png,Delta,10-20
6.399639998325975_5.662006581841992_6.354724234119999_5.64703466044.png,Delta,10-20
6.399639998325975_5.676978503243984_6.354724234119999_5.64703466044.png,Delta,10-20
6.399639998325975_5.6919504246459764_6.354724234119999_5.64703466044.png,Delta,10-20
6.401629340825976_5.589863434074024_6.35671357662_5.63477919828.png,Delta,10-20
6.401629340825976_5.604835355476016_6.35671357662_5.63477919828.png,Delta,10-20
6.401629340825976_5.619807276878008_6.35671357662_5.63477919828.png,Delta,10-20
6.401629340825976_5.63477919828_6.35671357662_5.63477919828.png,Delta,10-20
6.401629340825976_5.6497511196819925_6.35671357662_5.63477919828.png,Delta,10-20
6.401629340825976_5.664723041083985_6.35671357662_5.63477919828.png,Delta,10-20
6.401629340825976_5.679694962485977_6.35671357662_5.63477919828.png,Delta,10-20
6.402735759186016_6.212230738491992_6.43267960199_6.19725881709.png,Delta,10-20
6.402735759186016_6.242174581295976_6.43267960199_6.19725881709.png,Delta,10-20
6.410573945923983_5.539695685174024_6.380630103119999_5.5846114493800005.png,Delta,10-20
6.410573945923983_5.629527213585977_6.380630103119999_5.5846114493800005.png,Delta,10-20
6.417707680588008_6.167314974286016_6.43267960199_6.19725881709.png,Delta,10-20
6.417707680588008_6.182286895688008_6.43267960199_6.19725881709.png,Delta,10-20
6.425545867325975_5.5846114493800005_6.380630103119999_5.5846114493800005.png,Delta,10-20
6.43267960199_6.19725881709_6.43267960199_6.19725881709.png,Delta,10-20
6.43267960199_6.242174581295976_6.43267960199_6.19725881709.png,Delta,10-20
6.4626234447939845_6.1523430528840235_6.43267960199_6.19725881709.png,Delta,10-20
6.471421044184024_5.627913762724025_6.51633680839_5.672829526930001.png,Delta,10-20
6.471421044184024_5.642885684126017_6.51633680839_5.672829526930001.png,Delta,10-20
6.471421044184024_5.687801448331993_6.51633680839_5.672829526930001.png,Delta,10-20
6.477595366195977_6.19725881709_6.43267960199_6.19725881709.png,Delta,10-20
6.486392965586016_5.717745291135977_6.51633680839_5.672829526930001.png,Delta,10-20
6.501364886988008_5.657857605528009_6.51633680839_5.672829526930001.png,Delta,10-20
6.51633680839_5.627913762724025_6.51633680839_5.672829526930001.png,Delta,10-20
6.51633680839_5.642885684126017_6.51633680839_5.672829526930001.png,Delta,10-20
6.531308729791992_5.717745291135977_6.51633680839_5.672829526930001.png,Delta,10-20
6.546280651193984_5.717745291135977_6.51633680839_5.672829526930001.png,Delta,10-20
6.5612525725959765_5.657857605528009_6.51633680839_5.672829526930001.png,Delta,10-20
6.5612525725959765_5.717745291135977_6.51633680839_5.672829526930001.png,Delta,10-20
6.612347513974025_6.217088152154024_6.657263278180001_6.26200391636.png,Delta,10-20
6.612347513974025_6.232060073556016_6.657263278180001_6.26200391636.png,Delta,10-20
6.612347513974025_6.247031994958008_6.657263278180001_6.26200391636.png,Delta,10-20
6.612347513974025_6.26200391636_6.657263278180001_6.26200391636.png,Delta,10-20
6.612347513974025_6.306919680565977_6.657263278180001_6.26200391636.png,Delta,10-20
6.627319435376017_6.232060073556016_6.657263278180001_6.26200391636.png,Delta,10-20
6.627319435376017_6.2919477591639845_6.657263278180001_6.26200391636.png,Delta,10-20
6.642291356778009_6.247031994958008_6.657263278180001_6.26200391636.png,Delta,10-20
6.672235199581993_6.217088152154024_6.657263278180001_6.26200391636.png,Delta,10-20
6.7021790423859775_6.247031994958008_6.657263278180001_6.26200391636.png,Delta,10-20
6.7021790423859775_6.26200391636_6.657263278180001_6.26200391636.png,Delta,10-20
6.7021790423859775_6.276975837761992_6.657263278180001_6.26200391636.png,Delta,10-20
5.011708509885977_6.2929099787240235_4.96679274568_6.33782574293.png,Edo,10-20
5.102306492684024_6.299365930856016_5.14722225689_6.32930977366.png,Edo,10-20
5.102306492684024_6.374225537865977_5.14722225689_6.32930977366.png,Edo,10-20
5.117278414086016_6.32930977366_5.14722225689_6.32930977366.png,Edo,10-20
5.14601648677_6.571307695204023_5.14601648677_6.61622345941.png,Edo,10-20
5.14722225689_6.284394009454024_5.14722225689_6.32930977366.png,Edo,10-20
5.14722225689_6.359253616463985_5.14722225689_6.32930977366.png,Edo,10-20
5.14722225689_6.374225537865977_5.14722225689_6.32930977366.png,Edo,10-20
5.160988408171992_6.586279616606015_5.14601648677_6.61622345941.png,Edo,10-20
5.162194178291992_6.3442816950619925_5.14722225689_6.32930977366.png,Edo,10-20
5.175960329573984_6.586279616606015_5.14601648677_6.61622345941.png,Edo,10-20
5.177166099693984_6.284394009454024_5.14722225689_6.32930977366.png,Edo,10-20
5.177166099693984_6.299365930856016_5.14722225689_6.32930977366.png,Edo,10-20
5.177166099693984_6.374225537865977_5.14722225689_6.32930977366.png,Edo,10-20
5.192138021095976_6.284394009454024_5.14722225689_6.32930977366.png,Edo,10-20
5.192138021095976_6.32930977366_5.14722225689_6.32930977366.png,Edo,10-20
5.211342894904024_6.574498277034024_5.25625865911_6.619414041240001.png,Edo,10-20
5.211342894904024_6.5894701984360164_5.25625865911_6.619414041240001.png,Edo,10-20
5.211342894904024_6.6044421198380086_5.25625865911_6.619414041240001.png,Edo,10-20
5.224675540154023_6.289085839008008_5.26959130436_6.30405776041.png,Edo,10-20
5.224675540154023_6.30405776041_5.26959130436_6.30405776041.png,Edo,10-20
5.224675540154023_6.334001603213984_5.26959130436_6.30405776041.png,Edo,10-20
5.224675540154023_6.348973524615976_5.26959130436_6.30405776041.png,Edo,10-20
5.224870092716586_6.637507214274276_5.25625865911_6.619414041240001.png,Edo,10-20
5.226314816306016_6.619414041240001_5.25625865911_6.619414041240001.png,Edo,10-20
5.226314816306016_6.634385962641993_5.25625865911_6.619414041240001.png,Edo,10-20
5.226314816306016_6.649357884043985_5.25625865911_6.619414041240001.png,Edo,10-20
5.239647461556015_6.274113917606016_5.26959130436_6.30405776041.png,Edo,10-20
5.239647461556015_6.319029681811992_5.26959130436_6.30405776041.png,Edo,10-20
5.241286737708008_6.619414041240001_5.25625865911_6.619414041240001.png,Edo,10-20
5.241286737708008_6.634385962641993_5.25625865911_6.619414041240001.png,Edo,10-20
5.241286737708008_6.649357884043985_5.25625865911_6.619414041240001.png,Edo,10-20
5.25625865911_6.574498277034024_5.25625865911_6.619414041240001.png,Edo,10-20
5.25625865911_6.5894701984360164_5.25625865911_6.619414041240001.png,Edo,10-20
5.25625865911_6.619414041240001_5.25625865911_6.619414041240001.png,Edo,10-20
5.25625865911_6.634385962641993_5.25625865911_6.619414041240001.png,Edo,10-20
5.271230580511992_6.574498277034024_5.25625865911_6.619414041240001.png,Edo,10-20
5.271230580511992_6.5894701984360164_5.25625865911_6.619414041240001.png,Edo,10-20
5.271230580511992_6.6044421198380086_5.25625865911_6.619414041240001.png,Edo,10-20
5.271230580511992_6.649357884043985_5.25625865911_6.619414041240001.png,Edo,10-20
5.271230580511992_6.664329805445977_5.25625865911_6.619414041240001.png,Edo,10-20
5.284563225761992_6.334001603213984_5.26959130436_6.30405776041.png,Edo,10-20
5.286202501913984_6.574498277034024_5.25625865911_6.619414041240001.png,Edo,10-20
5.286202501913984_6.5894701984360164_5.25625865911_6.619414041240001.png,Edo,10-20
5.286202501913984_6.6044421198380086_5.25625865911_6.619414041240001.png,Edo,10-20
5.286202501913984_6.649357884043985_5.25625865911_6.619414041240001.png,Edo,10-20
5.286202501913984_6.664329805445977_5.25625865911_6.619414041240001.png,Edo,10-20
5.289289848868746_6.624548451680655_5.25625865911_6.619414041240001.png,Edo,10-20
5.299535147163984_6.289085839008008_5.26959130436_6.30405776041.png,Edo,10-20
5.299535147163984_6.334001603213984_5.26959130436_6.30405776041.png,Edo,10-20
5.3011744233159765_6.6044421198380086_5.25625865911_6.619414041240001.png,Edo,10-20
5.3011744233159765_6.619414041240001_5.25625865911_6.619414041240001.png,Edo,10-20
5.3011744233159765_6.634385962641993_5.25625865911_6.619414041240001.png,Edo,10-20
5.3011744233159765_6.649357884043985_5.25625865911_6.619414041240001.png,Edo,10-20
5.3011744233159765_6.664329805445977_5.25625865911_6.619414041240001.png,Edo,10-20
5.314507068565976_6.259141996204024_5.26959130436_6.30405776041.png,Edo,10-20
5.3406679489719915_6.881749689308009_5.325696027569999_6.896721610710001.png,Edo,10-20
5.393568115054023_6.168482320814023_5.43848387926_6.21339808502.png,Edo,10-20
5.4235119578580075_6.168482320814023_5.43848387926_6.21339808502.png,Edo,10-20
5.43848387926_6.168482320814023_5.43848387926_6.21339808502.png,Edo,10-20
5.43848387926_6.21339808502_5.43848387926_6.21339808502.png,Edo,10-20
5.43848387926_6.228370006421992_5.43848387926_6.21339808502.png,Edo,10-20
5.448121473544022_6.250812996533984_5.4930372377499985_6.22086915373.png,Edo,10-20
5.453455800661992_6.168482320814023_5.43848387926_6.21339808502.png,Edo,10-20
5.453455800661992_6.21339808502_5.43848387926_6.21339808502.png,Edo,10-20
5.453455800661992_6.228370006421992_5.43848387926_6.21339808502.png,Edo,10-20
5.453455800661992_6.258313849225976_5.43848387926_6.21339808502.png,Edo,10-20
5.463093394946014_6.205897232328008_5.4930372377499985_6.22086915373.png,Edo,10-20
5.478065316348006_6.265784917935976_5.4930372377499985_6.22086915373.png,Edo,10-20
5.483399643465976_6.198426163618008_5.43848387926_6.21339808502.png,Edo,10-20
5.483399643465976_6.228370006421992_5.43848387926_6.21339808502.png,Edo,10-20
5.4930372377499985_6.22086915373_5.4930372377499985_6.22086915373.png,Edo,10-20
5.4930372377499985_6.265784917935976_5.4930372377499985_6.22086915373.png,Edo,10-20
5.508009159151991_6.250812996533984_5.4930372377499985_6.22086915373.png,Edo,10-20
5.522981080553983_6.22086915373_5.4930372377499985_6.22086915373.png,Edo,10-20
5.522981080553983_6.250812996533984_5.4930372377499985_6.22086915373.png,Edo,10-20
5.537953001955975_6.265784917935976_5.4930372377499985_6.22086915373.png,Edo,10-20
5.635709429524024_6.3656870288940235_5.68062519373_6.4106027931.png,Edo,10-20
5.635709429524024_6.380658950296016_5.68062519373_6.4106027931.png,Edo,10-20
5.635709429524024_6.395630871698008_5.68062519373_6.4106027931.png,Edo,10-20
5.635709429524024_6.4106027931_5.68062519373_6.4106027931.png,Edo,10-20
5.635709429524024_6.425574714501992_5.68062519373_6.4106027931.png,Edo,10-20
5.635709429524024_6.440546635903984_5.68062519373_6.4106027931.png,Edo,10-20
5.635709429524024_6.455518557305976_5.68062519373_6.4106027931.png,Edo,10-20
5.650681350926016_6.3656870288940235_5.68062519373_6.4106027931.png,Edo,10-20
5.650681350926016_6.380658950296016_5.68062519373_6.4106027931.png,Edo,10-20
5.650681350926016_6.395630871698008_5.68062519373_6.4106027931.png,Edo,10-20
5.650681350926016_6.4106027931_5.68062519373_6.4106027931.png,Edo,10-20
5.650681350926016_6.425574714501992_5.68062519373_6.4106027931.png,Edo,10-20
5.650681350926016_6.440546635903984_5.68062519373_6.4106027931.png,Edo,10-20
5.650681350926016_6.455518557305976_5.68062519373_6.4106027931.png,Edo,10-20
5.654625034772909_6.444868276916304_5.68062519373_6.4106027931.png,Edo,10-20
5.665653272328008_6.3656870288940235_5.68062519373_6.4106027931.png,Edo,10-20
5.665653272328008_6.380658950296016_5.68062519373_6.4106027931.png,Edo,10-20
5.665653272328008_6.395630871698008_5.68062519373_6.4106027931.png,Edo,10-20
5.665653272328008_6.4106027931_5.68062519373_6.4106027931.png,Edo,10-20
5.665653272328008_6.425574714501992_5.68062519373_6.4106027931.png,Edo,10-20
5.665653272328008_6.440546635903984_5.68062519373_6.4106027931.png,Edo,10-20
5.665653272328008_6.455518557305976_5.68062519373_6.4106027931.png,Edo,10-20
5.674965707378501_6.393504156587812_5.68062519373_6.4106027931.png,Edo,10-20
5.68062519373_6.3656870288940235_5.68062519373_6.4106027931.png,Edo,10-20
5.68062519373_6.380658950296016_5.68062519373_6.4106027931.png,Edo,10-20
5.68062519373_6.395630871698008_5.68062519373_6.4106027931.png,Edo,10-20
5.68062519373_6.4106027931_5.68062519373_6.4106027931.png,Edo,10-20
5.68062519373_6.425574714501992_5.68062519373_6.4106027931.png,Edo,10-20
5.68062519373_6.440546635903984_5.68062519373_6.4106027931.png,Edo,10-20
5.68062519373_6.455518557305976_5.68062519373_6.4106027931.png,Edo,10-20
5.695597115131992_6.3656870288940235_5.68062519373_6.4106027931.png,Edo,10-20
5.695597115131992_6.380658950296016_5.68062519373_6.4106027931.png,Edo,10-20
5.695597115131992_6.395630871698008_5.68062519373_6.4106027931.png,Edo,10-20
5.695597115131992_6.4106027931_5.68062519373_6.4106027931.png,Edo,10-20
5.695597115131992_6.425574714501992_5.68062519373_6.4106027931.png,Edo,10-20
5.695597115131992_6.440546635903984_5.68062519373_6.4106027931.png,Edo,10-20
5.695597115131992_6.455518557305976_5.68062519373_6.4106027931.png,Edo,10-20
5.710569036533984_6.3656870288940235_5.68062519373_6.4106027931.png,Edo,10-20
5.710569036533984_6.380658950296016_5.68062519373_6.4106027931.png,Edo,10-20
5.710569036533984_6.395630871698008_5.68062519373_6.4106027931.png,Edo,10-20
5.710569036533984_6.4106027931_5.68062519373_6.4106027931.png,Edo,10-20
5.710569036533984_6.425574714501992_5.68062519373_6.4106027931.png,Edo,10-20
5.710569036533984_6.440546635903984_5.68062519373_6.4106027931.png,Edo,10-20
5.710569036533984_6.455518557305976_5.68062519373_6.4106027931.png,Edo,10-20
5.725540957935976_6.380658950296016_5.68062519373_6.4106027931.png,Edo,10-20
5.725540957935976_6.395630871698008_5.68062519373_6.4106027931.png,Edo,10-20
5.725540957935976_6.4106027931_5.68062519373_6.4106027931.png,Edo,10-20
5.725540957935976_6.425574714501992_5.68062519373_6.4106027931.png,Edo,10-20
5.725540957935976_6.440546635903984_5.68062519373_6.4106027931.png,Edo,10-20
5.725540957935976_6.455518557305976_5.68062519373_6.4106027931.png,Edo,10-20
5.7350730940680075_6.045494512635977_5.75004501547_6.000578748430001.png,Edo,10-20
5.780065218094024_6.8372983569360155_5.8249809823000005_6.86724219974.png,Edo,10-20
5.780065218094024_6.852270278338008_5.8249809823000005_6.86724219974.png,Edo,10-20
5.78882325094_6.869080362914024_5.78882325094_6.91399612712.png,Edo,10-20
5.78882325094_6.884052284316016_5.78882325094_6.91399612712.png,Edo,10-20
5.803795172341992_6.899024205718008_5.78882325094_6.91399612712.png,Edo,10-20
5.803795172341992_6.943939969923984_5.78882325094_6.91399612712.png,Edo,10-20
5.810009060898008_6.822326435534023_5.8249809823000005_6.86724219974.png,Edo,10-20
5.810009060898008_6.912157963945976_5.8249809823000005_6.86724219974.png,Edo,10-20
5.818767093743984_6.899024205718008_5.78882325094_6.91399612712.png,Edo,10-20
5.818767093743984_6.91399612712_5.78882325094_6.91399612712.png,Edo,10-20
5.819222544098008_7.047750417533985_5.8341944655_7.017806574730001.png,Edo,10-20
5.8249809823000005_6.882214121141992_5.8249809823000005_6.86724219974.png,Edo,10-20
5.825591896604024_6.852764677314024_5.87050766081_6.89768044152.png,Edo,10-20
5.825591896604024_6.867736598716016_5.87050766081_6.89768044152.png,Edo,10-20
5.8337390151459765_6.899024205718008_5.78882325094_6.91399612712.png,Edo,10-20
5.8337390151459765_6.928968048521992_5.78882325094_6.91399612712.png,Edo,10-20
5.8337390151459765_6.943939969923984_5.78882325094_6.91399612712.png,Edo,10-20
5.8341944655_6.9878627319260165_5.8341944655_7.017806574730001.png,Edo,10-20
5.839952903701993_6.822326435534023_5.8249809823000005_6.86724219974.png,Edo,10-20
5.839952903701993_6.8372983569360155_5.8249809823000005_6.86724219974.png,Edo,10-20
5.839952903701993_6.882214121141992_5.8249809823000005_6.86724219974.png,Edo,10-20
5.839952903701993_6.912157963945976_5.8249809823000005_6.86724219974.png,Edo,10-20
5.840563818006016_6.852764677314024_5.87050766081_6.89768044152.png,Edo,10-20
5.840563818006016_6.89768044152_5.87050766081_6.89768044152.png,Edo,10-20
5.8491663869019925_6.972890810524024_5.8341944655_7.017806574730001.png,Edo,10-20
5.8491663869019925_7.002834653328009_5.8341944655_7.017806574730001.png,Edo,10-20
5.854924825103985_6.852270278338008_5.8249809823000005_6.86724219974.png,Edo,10-20
5.855535739408008_6.89768044152_5.87050766081_6.89768044152.png,Edo,10-20
5.855535739408008_6.9126523629219925_5.87050766081_6.89768044152.png,Edo,10-20
5.864138308303985_7.062722338935977_5.8341944655_7.017806574730001.png,Edo,10-20
5.869896746505977_6.852270278338008_5.8249809823000005_6.86724219974.png,Edo,10-20
5.87050766081_6.89768044152_5.87050766081_6.89768044152.png,Edo,10-20
5.87050766081_6.9126523629219925_5.87050766081_6.89768044152.png,Edo,10-20
5.87050766081_6.927624284323985_5.87050766081_6.89768044152.png,Edo,10-20
5.87050766081_6.942596205725977_5.87050766081_6.89768044152.png,Edo,10-20
5.878586353774024_6.220389998924024_5.92350211798_6.265305763130001.png,Edo,10-20
5.878586353774024_6.235361920326016_5.92350211798_6.265305763130001.png,Edo,10-20
5.878586353774024_6.310221527335977_5.92350211798_6.265305763130001.png,Edo,10-20
5.879110229705977_6.972890810524024_5.8341944655_7.017806574730001.png,Edo,10-20
5.879110229705977_6.9878627319260165_5.8341944655_7.017806574730001.png,Edo,10-20
5.879110229705977_7.002834653328009_5.8341944655_7.017806574730001.png,Edo,10-20
5.879110229705977_7.032778496131993_5.8341944655_7.017806574730001.png,Edo,10-20
5.879110229705977_7.047750417533985_5.8341944655_7.017806574730001.png,Edo,10-20
5.879421479204023_7.035056958545975_5.924337243409999_6.990141194339999.png,Edo,10-20
5.882288204475976_7.122874836356016_5.837372440269999_7.15281867916.png,Edo,10-20
5.882288204475976_7.15281867916_5.837372440269999_7.15281867916.png,Edo,10-20
5.8854795822119925_6.867736598716016_5.87050766081_6.89768044152.png,Edo,10-20
5.887819217486016_7.042458443264024_5.91776306029_7.08737420747.png,Edo,10-20
5.887819217486016_7.072402286068008_5.91776306029_7.08737420747.png,Edo,10-20
5.887819217486016_7.102346128871992_5.91776306029_7.08737420747.png,Edo,10-20
5.887819217486016_7.117318050273984_5.91776306029_7.08737420747.png,Edo,10-20
5.893558275176016_6.220389998924024_5.92350211798_6.265305763130001.png,Edo,10-20
5.893558275176016_6.235361920326016_5.92350211798_6.265305763130001.png,Edo,10-20
5.893558275176016_6.310221527335977_5.92350211798_6.265305763130001.png,Edo,10-20
5.894393400606015_6.9601973515360145_5.924337243409999_6.990141194339999.png,Edo,10-20
5.894393400606015_7.005113115741991_5.924337243409999_6.990141194339999.png,Edo,10-20
5.900451503613985_6.89768044152_5.87050766081_6.89768044152.png,Edo,10-20
5.902791138888008_7.102346128871992_5.91776306029_7.08737420747.png,Edo,10-20
5.908530196578008_6.220389998924024_5.92350211798_6.265305763130001.png,Edo,10-20
5.908530196578008_6.235361920326016_5.92350211798_6.265305763130001.png,Edo,10-20
5.908530196578008_6.2503338417280085_5.92350211798_6.265305763130001.png,Edo,10-20
5.908530196578008_6.265305763130001_5.92350211798_6.265305763130001.png,Edo,10-20
5.908530196578008_6.280277684531993_5.92350211798_6.265305763130001.png,Edo,10-20
5.908530196578008_6.295249605933985_5.92350211798_6.265305763130001.png,Edo,10-20
5.908530196578008_6.310221527335977_5.92350211798_6.265305763130001.png,Edo,10-20
5.909365322008007_6.945225430134022_5.924337243409999_6.990141194339999.png,Edo,10-20
5.91776306029_7.042458443264024_5.91776306029_7.08737420747.png,Edo,10-20
5.91776306029_7.102346128871992_5.91776306029_7.08737420747.png,Edo,10-20
5.918844806643664_7.017820971827908_5.924337243409999_6.990141194339999.png,Edo,10-20
5.92350211798_6.220389998924024_5.92350211798_6.265305763130001.png,Edo,10-20
5.92350211798_6.235361920326016_5.92350211798_6.265305763130001.png,Edo,10-20
5.92350211798_6.2503338417280085_5.92350211798_6.265305763130001.png,Edo,10-20
5.92350211798_6.265305763130001_5.92350211798_6.265305763130001.png,Edo,10-20
5.92350211798_6.280277684531993_5.92350211798_6.265305763130001.png,Edo,10-20
5.92350211798_6.295249605933985_5.92350211798_6.265305763130001.png,Edo,10-20
5.92350211798_6.310221527335977_5.92350211798_6.265305763130001.png,Edo,10-20
5.924337243409999_7.035056958545975_5.924337243409999_6.990141194339999.png,Edo,10-20
5.9327349816919925_7.102346128871992_5.91776306029_7.08737420747.png,Edo,10-20
5.9327349816919925_7.132289971675976_5.91776306029_7.08737420747.png,Edo,10-20
5.93425461111151_6.226221333131661_5.92350211798_6.265305763130001.png,Edo,10-20
5.938474039381992_6.220389998924024_5.92350211798_6.265305763130001.png,Edo,10-20
5.938474039381992_6.235361920326016_5.92350211798_6.265305763130001.png,Edo,10-20
5.938474039381992_6.2503338417280085_5.92350211798_6.265305763130001.png,Edo,10-20
5.938474039381992_6.265305763130001_5.92350211798_6.265305763130001.png,Edo,10-20
5.938474039381992_6.280277684531993_5.92350211798_6.265305763130001.png,Edo,10-20
5.938474039381992_6.295249605933985_5.92350211798_6.265305763130001.png,Edo,10-20
5.938474039381992_6.310221527335977_5.92350211798_6.265305763130001.png,Edo,10-20
5.939309164811991_6.945225430134022_5.924337243409999_6.990141194339999.png,Edo,10-20
5.939309164811991_6.9601973515360145_5.924337243409999_6.990141194339999.png,Edo,10-20
5.939309164811991_6.975169272938007_5.924337243409999_6.990141194339999.png,Edo,10-20
5.939653854961535_6.963232984482302_5.924337243409999_6.990141194339999.png,Edo,10-20
5.939751924654024_6.90304610994_5.98466768886_6.90304610994.png,Edo,10-20
5.939751924654024_6.918018031341992_5.98466768886_6.90304610994.png,Edo,10-20
5.939751924654024_6.947961874145976_5.98466768886_6.90304610994.png,Edo,10-20
5.942844601444024_7.0918347111300015_5.987760365650001_7.0918347111300015.png,Edo,10-20
5.942844601444024_7.136750475335978_5.987760365650001_7.0918347111300015.png,Edo,10-20
5.947706903093985_7.057430364666016_5.91776306029_7.08737420747.png,Edo,10-20
5.947706903093985_7.08737420747_5.91776306029_7.08737420747.png,Edo,10-20
5.953445960783984_6.220389998924024_5.92350211798_6.265305763130001.png,Edo,10-20
5.953445960783984_6.235361920326016_5.92350211798_6.265305763130001.png,Edo,10-20
5.953445960783984_6.2503338417280085_5.92350211798_6.265305763130001.png,Edo,10-20
5.953445960783984_6.265305763130001_5.92350211798_6.265305763130001.png,Edo,10-20
5.953445960783984_6.280277684531993_5.92350211798_6.265305763130001.png,Edo,10-20
5.953445960783984_6.295249605933985_5.92350211798_6.265305763130001.png,Edo,10-20
5.953445960783984_6.310221527335977_5.92350211798_6.265305763130001.png,Edo,10-20
5.954281086213983_7.005113115741991_5.924337243409999_6.990141194339999.png,Edo,10-20
5.954281086213983_7.020085037143983_5.924337243409999_6.990141194339999.png,Edo,10-20
5.954723846056016_6.888074188538008_5.98466768886_6.90304610994.png,Edo,10-20
5.954723846056016_6.947961874145976_5.98466768886_6.90304610994.png,Edo,10-20
5.959285086124024_7.042149743438008_6.00420085033_7.05712166484.png,Edo,10-20
5.968417882185976_6.2503338417280085_5.92350211798_6.265305763130001.png,Edo,10-20
5.968417882185976_6.265305763130001_5.92350211798_6.265305763130001.png,Edo,10-20
5.968417882185976_6.280277684531993_5.92350211798_6.265305763130001.png,Edo,10-20
5.968417882185976_6.295249605933985_5.92350211798_6.265305763130001.png,Edo,10-20
5.968417882185976_6.310221527335977_5.92350211798_6.265305763130001.png,Edo,10-20
5.9692530076159755_6.9601973515360145_5.924337243409999_6.990141194339999.png,Edo,10-20
5.969695767458008_6.947961874145976_5.98466768886_6.90304610994.png,Edo,10-20
5.974257007526016_7.05712166484_6.00420085033_7.05712166484.png,Edo,10-20
5.980662693544024_7.02851464405_6.02557845775_7.02851464405.png,Edo,10-20
5.989228928928008_7.012205900634024_6.00420085033_7.05712166484.png,Edo,10-20
5.989228928928008_7.042149743438008_6.00420085033_7.05712166484.png,Edo,10-20
5.989228928928008_7.102037429045977_6.00420085033_7.05712166484.png,Edo,10-20
5.995634614946016_6.998570801246016_6.02557845775_7.02851464405.png,Edo,10-20
5.995634614946016_7.013542722648008_6.02557845775_7.02851464405.png,Edo,10-20
5.999639610261992_6.918018031341992_5.98466768886_6.90304610994.png,Edo,10-20
5.999639610261992_6.947961874145976_5.98466768886_6.90304610994.png,Edo,10-20
6.002732287051993_7.076862789728009_5.987760365650001_7.0918347111300015.png,Edo,10-20
6.002732287051993_7.121778553933986_5.987760365650001_7.0918347111300015.png,Edo,10-20
6.002732287051993_7.136750475335978_5.987760365650001_7.0918347111300015.png,Edo,10-20
6.00420085033_7.05712166484_6.00420085033_7.05712166484.png,Edo,10-20
6.00420085033_7.102037429045977_6.00420085033_7.05712166484.png,Edo,10-20
6.014611531663984_6.888074188538008_5.98466768886_6.90304610994.png,Edo,10-20
6.014611531663984_6.90304610994_5.98466768886_6.90304610994.png,Edo,10-20
6.017704208453985_7.046918946924025_5.987760365650001_7.0918347111300015.png,Edo,10-20
6.017704208453985_7.061890868326017_5.987760365650001_7.0918347111300015.png,Edo,10-20
6.017704208453985_7.076862789728009_5.987760365650001_7.0918347111300015.png,Edo,10-20
6.017704208453985_7.106806632531994_5.987760365650001_7.0918347111300015.png,Edo,10-20
6.019172771731992_7.102037429045977_6.00420085033_7.05712166484.png,Edo,10-20
6.02557845775_7.013542722648008_6.02557845775_7.02851464405.png,Edo,10-20
6.027709820804023_6.794410187834024_6.072625585009999_6.83932595204.png,Edo,10-20
6.027709820804023_6.809382109236016_6.072625585009999_6.83932595204.png,Edo,10-20
6.027709820804023_6.8692697948439845_6.072625585009999_6.83932595204.png,Edo,10-20
6.029583453065976_6.947961874145976_5.98466768886_6.90304610994.png,Edo,10-20
6.032676129855977_7.0918347111300015_5.987760365650001_7.0918347111300015.png,Edo,10-20
6.032676129855977_7.106806632531994_5.987760365650001_7.0918347111300015.png,Edo,10-20
6.032676129855977_7.136750475335978_5.987760365650001_7.0918347111300015.png,Edo,10-20
6.034144693133984_7.012205900634024_6.00420085033_7.05712166484.png,Edo,10-20
6.040550379151992_6.983598879844024_6.02557845775_7.02851464405.png,Edo,10-20
6.040550379151992_7.0434865654519925_6.02557845775_7.02851464405.png,Edo,10-20
6.040550379151992_7.073430408255977_6.02557845775_7.02851464405.png,Edo,10-20
6.042681742206015_6.824354030638008_6.072625585009999_6.83932595204.png,Edo,10-20
6.042681742206015_6.884241716245977_6.072625585009999_6.83932595204.png,Edo,10-20
6.043422751311069_7.0073219883150095_6.02557845775_7.02851464405.png,Edo,10-20
6.043681398561397_7.009882968517459_6.02557845775_7.02851464405.png,Edo,10-20
6.0491166145359765_7.042149743438008_6.00420085033_7.05712166484.png,Edo,10-20
6.0491166145359765_7.0720935862419925_6.00420085033_7.05712166484.png,Edo,10-20
6.055522300553984_6.983598879844024_6.02557845775_7.02851464405.png,Edo,10-20
6.055522300553984_7.0434865654519925_6.02557845775_7.02851464405.png,Edo,10-20
6.060351313634024_6.872238693154024_6.105267077840001_6.917154457360001.png,Edo,10-20
6.068059201334024_6.77271141087_6.11297496554_6.77271141087.png,Edo,10-20
6.068059201334024_6.7876833322719925_6.11297496554_6.77271141087.png,Edo,10-20
6.070494221955976_7.058458486853985_6.02557845775_7.02851464405.png,Edo,10-20
6.070494221955976_7.073430408255977_6.02557845775_7.02851464405.png,Edo,10-20
6.070627095204023_6.221534832625976_6.11554285941_6.17661906842.png,Edo,10-20
6.071433774556016_7.219830929823984_6.10137761736_7.18988708702.png,Edo,10-20
6.071433774556016_7.234802851225976_6.10137761736_7.18988708702.png,Edo,10-20
6.071454437304024_6.8769289282960155_6.1163702015100005_6.9068727711.png,Edo,10-20
6.071454437304024_6.891900849698008_6.1163702015100005_6.9068727711.png,Edo,10-20
6.0753232350360165_6.872238693154024_6.105267077840001_6.917154457360001.png,Edo,10-20
6.083031122736016_6.817627175075977_6.11297496554_6.77271141087.png,Edo,10-20
6.083608654694023_6.726959385764023_6.1285244189_6.77187514997.png,Edo,10-20
6.083608654694023_6.786847071371992_6.1285244189_6.77187514997.png,Edo,10-20
6.083608654694023_6.801818992773984_6.1285244189_6.77187514997.png,Edo,10-20
6.0858936934640235_6.907770131354025_6.13080945767_6.952685895560001.png,Edo,10-20
6.086405695958008_7.18988708702_6.10137761736_7.18988708702.png,Edo,10-20
6.086405695958008_7.204859008421992_6.10137761736_7.18988708702.png,Edo,10-20
6.086426358706016_6.921844692501992_6.1163702015100005_6.9068727711.png,Edo,10-20
6.087597506411991_6.8692697948439845_6.072625585009999_6.83932595204.png,Edo,10-20
6.090171543674024_6.234599615554023_6.13508730788_6.279515379759999.png,Edo,10-20
6.090295156438009_6.887210614556016_6.105267077840001_6.917154457360001.png,Edo,10-20
6.090295156438009_6.9021825359580085_6.105267077840001_6.917154457360001.png,Edo,10-20
6.090295156438009_6.917154457360001_6.105267077840001_6.917154457360001.png,Edo,10-20
6.090295156438009_6.947098300163985_6.105267077840001_6.917154457360001.png,Edo,10-20
6.090295156438009_6.962070221565977_6.105267077840001_6.917154457360001.png,Edo,10-20
6.093393451604023_6.748176840334024_6.13830921581_6.79309260454.png,Edo,10-20
6.093393451604023_6.763148761736016_6.13830921581_6.79309260454.png,Edo,10-20
6.093393451604023_6.778120683138008_6.13830921581_6.79309260454.png,Edo,10-20
6.093393451604023_6.79309260454_6.13830921581_6.79309260454.png,Edo,10-20
6.093393451604023_6.808064525941992_6.13830921581_6.79309260454.png,Edo,10-20
6.093393451604023_6.823036447343984_6.13830921581_6.79309260454.png,Edo,10-20
6.093393451604023_6.838008368745976_6.13830921581_6.79309260454.png,Edo,10-20
6.094592123796016_6.94962416146_6.1245359666_6.94962416146.png,Edo,10-20
6.094592123796016_6.979568004263984_6.1245359666_6.94962416146.png,Edo,10-20
6.0972544347860165_6.150001140924024_6.127198277590001_6.19491690513.png,Edo,10-20
6.098003044138008_6.727795646664024_6.11297496554_6.77271141087.png,Edo,10-20
6.098003044138008_6.757739489468008_6.11297496554_6.77271141087.png,Edo,10-20
6.098003044138008_6.77271141087_6.11297496554_6.77271141087.png,Edo,10-20
6.098003044138008_6.7876833322719925_6.11297496554_6.77271141087.png,Edo,10-20
6.100865614866016_6.937713974158009_6.13080945767_6.952685895560001.png,Edo,10-20
6.10137761736_7.1449713228140235_6.10137761736_7.18988708702.png,Edo,10-20
6.10137761736_7.159943244216016_6.10137761736_7.18988708702.png,Edo,10-20
6.10137761736_7.204859008421992_6.10137761736_7.18988708702.png,Edo,10-20
6.101398280108008_6.8769289282960155_6.1163702015100005_6.9068727711.png,Edo,10-20
6.101398280108008_6.921844692501992_6.1163702015100005_6.9068727711.png,Edo,10-20
6.104785104584025_6.745973576954023_6.149700868790001_6.79088934116.png,Edo,10-20
6.104785104584025_6.7609454983560155_6.149700868790001_6.79088934116.png,Edo,10-20
6.104785104584025_6.775917419758008_6.149700868790001_6.79088934116.png,Edo,10-20
6.104785104584025_6.79088934116_6.149700868790001_6.79088934116.png,Edo,10-20
6.104785104584025_6.805861262561992_6.149700868790001_6.79088934116.png,Edo,10-20
6.104785104584025_6.820833183963984_6.149700868790001_6.79088934116.png,Edo,10-20
6.104785104584025_6.835805105365976_6.149700868790001_6.79088934116.png,Edo,10-20
6.105267077840001_6.9021825359580085_6.105267077840001_6.917154457360001.png,Edo,10-20
6.105267077840001_6.932126378761993_6.105267077840001_6.917154457360001.png,Edo,10-20
6.1083653730060155_6.748176840334024_6.13830921581_6.79309260454.png,Edo,10-20
6.1083653730060155_6.763148761736016_6.13830921581_6.79309260454.png,Edo,10-20
6.1083653730060155_6.778120683138008_6.13830921581_6.79309260454.png,Edo,10-20
6.1083653730060155_6.79309260454_6.13830921581_6.79309260454.png,Edo,10-20
6.1083653730060155_6.808064525941992_6.13830921581_6.79309260454.png,Edo,10-20
6.1083653730060155_6.823036447343984_6.13830921581_6.79309260454.png,Edo,10-20
6.1083653730060155_6.838008368745976_6.13830921581_6.79309260454.png,Edo,10-20
6.109564045198008_6.904708397254024_6.1245359666_6.94962416146.png,Edo,10-20
6.109564045198008_6.919680318656016_6.1245359666_6.94962416146.png,Edo,10-20
6.109564045198008_6.94962416146_6.1245359666_6.94962416146.png,Edo,10-20
6.109564045198008_6.964596082861992_6.1245359666_6.94962416146.png,Edo,10-20
6.110771468773238_6.749711390818516_6.13830921581_6.79309260454.png,Edo,10-20
6.111028992144347_6.808191425270584_6.149700868790001_6.79088934116.png,Edo,10-20
6.11297496554_6.757739489468008_6.11297496554_6.77271141087.png,Edo,10-20
6.11297496554_6.817627175075977_6.11297496554_6.77271141087.png,Edo,10-20
6.1135524974980076_6.816790914175976_6.1285244189_6.77187514997.png,Edo,10-20
6.11554285941_6.146675225616016_6.11554285941_6.17661906842.png,Edo,10-20
6.115837536268008_6.967657816961993_6.13080945767_6.952685895560001.png,Edo,10-20
6.116349538761992_7.234802851225976_6.10137761736_7.18988708702.png,Edo,10-20
6.117541349215975_6.794410187834024_6.072625585009999_6.83932595204.png,Edo,10-20
6.117541349215975_6.83932595204_6.072625585009999_6.83932595204.png,Edo,10-20
6.117541349215975_6.854297873441992_6.072625585009999_6.83932595204.png,Edo,10-20
6.117541349215975_6.884241716245977_6.072625585009999_6.83932595204.png,Edo,10-20
6.119757025986017_6.745973576954023_6.149700868790001_6.79088934116.png,Edo,10-20
6.119757025986017_6.7609454983560155_6.149700868790001_6.79088934116.png,Edo,10-20
6.119757025986017_6.775917419758008_6.149700868790001_6.79088934116.png,Edo,10-20
6.119757025986017_6.79088934116_6.149700868790001_6.79088934116.png,Edo,10-20
6.119757025986017_6.805861262561992_6.149700868790001_6.79088934116.png,Edo,10-20
6.119757025986017_6.820833183963984_6.149700868790001_6.79088934116.png,Edo,10-20
6.119757025986017_6.835805105365976_6.149700868790001_6.79088934116.png,Edo,10-20
6.121813472324024_7.013135371966015_6.16672923653_7.04307921477.png,Edo,10-20
6.122874526424025_7.00668904073_6.167790290630001_7.00668904073.png,Edo,10-20
6.122874526424025_7.0216609621319925_6.167790290630001_7.00668904073.png,Edo,10-20
6.123337294408008_6.748176840334024_6.13830921581_6.79309260454.png,Edo,10-20
6.123337294408008_6.763148761736016_6.13830921581_6.79309260454.png,Edo,10-20
6.123337294408008_6.778120683138008_6.13830921581_6.79309260454.png,Edo,10-20
6.123337294408008_6.79309260454_6.13830921581_6.79309260454.png,Edo,10-20
6.123337294408008_6.808064525941992_6.13830921581_6.79309260454.png,Edo,10-20
6.123337294408008_6.823036447343984_6.13830921581_6.79309260454.png,Edo,10-20
6.123337294408008_6.838008368745976_6.13830921581_6.79309260454.png,Edo,10-20
6.1245359666_6.919680318656016_6.1245359666_6.94962416146.png,Edo,10-20
6.127198277590001_6.150001140924024_6.127198277590001_6.19491690513.png,Edo,10-20
6.127946886941992_6.742767568066016_6.11297496554_6.77271141087.png,Edo,10-20
6.127946886941992_6.757739489468008_6.11297496554_6.77271141087.png,Edo,10-20
6.1285244189_6.726959385764023_6.1285244189_6.77187514997.png,Edo,10-20
6.1285244189_6.7569032285680075_6.1285244189_6.77187514997.png,Edo,10-20
6.13080945767_6.967657816961993_6.13080945767_6.952685895560001.png,Edo,10-20
6.13080945767_6.982629738363985_6.13080945767_6.952685895560001.png,Edo,10-20
6.13080945767_6.997601659765977_6.13080945767_6.952685895560001.png,Edo,10-20
6.131321460163984_7.159943244216016_6.10137761736_7.18988708702.png,Edo,10-20
6.134728947388009_6.745973576954023_6.149700868790001_6.79088934116.png,Edo,10-20
6.134728947388009_6.7609454983560155_6.149700868790001_6.79088934116.png,Edo,10-20
6.134728947388009_6.775917419758008_6.149700868790001_6.79088934116.png,Edo,10-20
6.134728947388009_6.79088934116_6.149700868790001_6.79088934116.png,Edo,10-20
6.134728947388009_6.805861262561992_6.149700868790001_6.79088934116.png,Edo,10-20
6.134728947388009_6.820833183963984_6.149700868790001_6.79088934116.png,Edo,10-20
6.134728947388009_6.835805105365976_6.149700868790001_6.79088934116.png,Edo,10-20
6.135210920643985_6.872238693154024_6.105267077840001_6.917154457360001.png,Edo,10-20
6.135210920643985_6.917154457360001_6.105267077840001_6.917154457360001.png,Edo,10-20
6.136174765924024_6.737985465558008_6.1810905301300005_6.75295738696.png,Edo,10-20
6.136785393726016_7.0281072933680075_6.16672923653_7.04307921477.png,Edo,10-20
6.137846447826017_6.961773276524024_6.167790290630001_7.00668904073.png,Edo,10-20
6.137846447826017_6.976745197926016_6.167790290630001_7.00668904073.png,Edo,10-20
6.137846447826017_7.0216609621319925_6.167790290630001_7.00668904073.png,Edo,10-20
6.13830921581_6.748176840334024_6.13830921581_6.79309260454.png,Edo,10-20
6.13830921581_6.763148761736016_6.13830921581_6.79309260454.png,Edo,10-20
6.13830921581_6.778120683138008_6.13830921581_6.79309260454.png,Edo,10-20
6.13830921581_6.79309260454_6.13830921581_6.79309260454.png,Edo,10-20
6.13830921581_6.808064525941992_6.13830921581_6.79309260454.png,Edo,10-20
6.13830921581_6.823036447343984_6.13830921581_6.79309260454.png,Edo,10-20
6.13830921581_6.838008368745976_6.13830921581_6.79309260454.png,Edo,10-20
6.140565998529879_6.951040025570634_6.13080945767_6.952685895560001.png,Edo,10-20
6.143496340301992_6.741931307166015_6.1285244189_6.77187514997.png,Edo,10-20
6.143496340301992_6.7569032285680075_6.1285244189_6.77187514997.png,Edo,10-20
6.143496340301992_6.786847071371992_6.1285244189_6.77187514997.png,Edo,10-20
6.143496340301992_6.801818992773984_6.1285244189_6.77187514997.png,Edo,10-20
6.145781379071992_6.952685895560001_6.13080945767_6.952685895560001.png,Edo,10-20
6.146293381565976_7.1449713228140235_6.10137761736_7.18988708702.png,Edo,10-20
6.146293381565976_7.159943244216016_6.10137761736_7.18988708702.png,Edo,10-20
6.146293381565976_7.204859008421992_6.10137761736_7.18988708702.png,Edo,10-20
6.146314044313985_6.861957006894023_6.1163702015100005_6.9068727711.png,Edo,10-20
6.146314044313985_6.8769289282960155_6.1163702015100005_6.9068727711.png,Edo,10-20
6.146314044313985_6.921844692501992_6.1163702015100005_6.9068727711.png,Edo,10-20
6.146314044313985_6.951788535305976_6.1163702015100005_6.9068727711.png,Edo,10-20
6.149700868790001_6.745973576954023_6.149700868790001_6.79088934116.png,Edo,10-20
6.149700868790001_6.7609454983560155_6.149700868790001_6.79088934116.png,Edo,10-20
6.149700868790001_6.775917419758008_6.149700868790001_6.79088934116.png,Edo,10-20
6.149700868790001_6.79088934116_6.149700868790001_6.79088934116.png,Edo,10-20
6.149700868790001_6.805861262561992_6.149700868790001_6.79088934116.png,Edo,10-20
6.149700868790001_6.820833183963984_6.149700868790001_6.79088934116.png,Edo,10-20
6.149700868790001_6.835805105365976_6.149700868790001_6.79088934116.png,Edo,10-20
6.150182842045977_6.887210614556016_6.105267077840001_6.917154457360001.png,Edo,10-20
6.150791524124024_7.010431847044024_6.19570728833_7.05534761125.png,Edo,10-20
6.150791524124024_7.040375689848008_6.19570728833_7.05534761125.png,Edo,10-20
6.150791524124024_7.085291454053984_6.19570728833_7.05534761125.png,Edo,10-20
6.151146687326016_6.737985465558008_6.1810905301300005_6.75295738696.png,Edo,10-20
6.151146687326016_6.782901229763985_6.1810905301300005_6.75295738696.png,Edo,10-20
6.151757315128008_7.0281072933680075_6.16672923653_7.04307921477.png,Edo,10-20
6.151757315128008_7.087994978975976_6.16672923653_7.04307921477.png,Edo,10-20
6.152818369228009_7.036632883533985_6.167790290630001_7.00668904073.png,Edo,10-20
6.153281137211992_6.748176840334024_6.13830921581_6.79309260454.png,Edo,10-20
6.153281137211992_6.763148761736016_6.13830921581_6.79309260454.png,Edo,10-20
6.153281137211992_6.778120683138008_6.13830921581_6.79309260454.png,Edo,10-20
6.153281137211992_6.79309260454_6.13830921581_6.79309260454.png,Edo,10-20
6.153281137211992_6.808064525941992_6.13830921581_6.79309260454.png,Edo,10-20
6.153281137211992_6.823036447343984_6.13830921581_6.79309260454.png,Edo,10-20
6.153281137211992_6.838008368745976_6.13830921581_6.79309260454.png,Edo,10-20
6.154479809403984_6.934652240058008_6.1245359666_6.94962416146.png,Edo,10-20
6.154479809403984_6.979568004263984_6.1245359666_6.94962416146.png,Edo,10-20
6.1567155354872725_6.761670872014878_6.13830921581_6.79309260454.png,Edo,10-20
6.157890729745977_6.727795646664024_6.11297496554_6.77271141087.png,Edo,10-20
6.158468261703984_6.741931307166015_6.1285244189_6.77187514997.png,Edo,10-20
6.158468261703984_6.786847071371992_6.1285244189_6.77187514997.png,Edo,10-20
6.1605818437413875_6.969965091629806_6.13080945767_6.952685895560001.png,Edo,10-20
6.160753300473984_6.967657816961993_6.13080945767_6.952685895560001.png,Edo,10-20
6.160753300473984_6.982629738363985_6.13080945767_6.952685895560001.png,Edo,10-20
6.1608177404634334_6.798027390554363_6.149700868790001_6.79088934116.png,Edo,10-20
6.161285965715977_6.8769289282960155_6.1163702015100005_6.9068727711.png,Edo,10-20
6.161285965715977_6.921844692501992_6.1163702015100005_6.9068727711.png,Edo,10-20
6.161285965715977_6.951788535305976_6.1163702015100005_6.9068727711.png,Edo,10-20
6.164672790191993_6.745973576954023_6.149700868790001_6.79088934116.png,Edo,10-20
6.164672790191993_6.7609454983560155_6.149700868790001_6.79088934116.png,Edo,10-20
6.164672790191993_6.775917419758008_6.149700868790001_6.79088934116.png,Edo,10-20
6.164672790191993_6.79088934116_6.149700868790001_6.79088934116.png,Edo,10-20
6.164672790191993_6.805861262561992_6.149700868790001_6.79088934116.png,Edo,10-20
6.164672790191993_6.820833183963984_6.149700868790001_6.79088934116.png,Edo,10-20
6.164672790191993_6.835805105365976_6.149700868790001_6.79088934116.png,Edo,10-20
6.165763445526016_7.040375689848008_6.19570728833_7.05534761125.png,Edo,10-20
6.166118608728008_6.75295738696_6.1810905301300005_6.75295738696.png,Edo,10-20
6.166118608728008_6.7679293083619925_6.1810905301300005_6.75295738696.png,Edo,10-20
6.166118608728008_6.782901229763985_6.1810905301300005_6.75295738696.png,Edo,10-20
6.167790290630001_6.976745197926016_6.167790290630001_7.00668904073.png,Edo,10-20
6.1679478935240235_6.665917815084024_6.21286365773_6.71083357929.png,Edo,10-20
6.168253058613984_6.748176840334024_6.13830921581_6.79309260454.png,Edo,10-20
6.168253058613984_6.763148761736016_6.13830921581_6.79309260454.png,Edo,10-20
6.168253058613984_6.778120683138008_6.13830921581_6.79309260454.png,Edo,10-20
6.168253058613984_6.79309260454_6.13830921581_6.79309260454.png,Edo,10-20
6.168253058613984_6.808064525941992_6.13830921581_6.79309260454.png,Edo,10-20
6.168253058613984_6.823036447343984_6.13830921581_6.79309260454.png,Edo,10-20
6.168253058613984_6.838008368745976_6.13830921581_6.79309260454.png,Edo,10-20
6.169451730805976_6.904708397254024_6.1245359666_6.94962416146.png,Edo,10-20
6.169451730805976_6.94962416146_6.1245359666_6.94962416146.png,Edo,10-20
6.169451730805976_6.979568004263984_6.1245359666_6.94962416146.png,Edo,10-20
6.175725221875976_6.907770131354025_6.13080945767_6.952685895560001.png,Edo,10-20
6.175725221875976_6.967657816961993_6.13080945767_6.952685895560001.png,Edo,10-20
6.179644711593985_6.745973576954023_6.149700868790001_6.79088934116.png,Edo,10-20
6.179644711593985_6.7609454983560155_6.149700868790001_6.79088934116.png,Edo,10-20
6.179644711593985_6.775917419758008_6.149700868790001_6.79088934116.png,Edo,10-20
6.179644711593985_6.79088934116_6.149700868790001_6.79088934116.png,Edo,10-20
6.179644711593985_6.805861262561992_6.149700868790001_6.79088934116.png,Edo,10-20
6.179644711593985_6.820833183963984_6.149700868790001_6.79088934116.png,Edo,10-20
6.179644711593985_6.835805105365976_6.149700868790001_6.79088934116.png,Edo,10-20
6.180735366928008_7.010431847044024_6.19570728833_7.05534761125.png,Edo,10-20
6.180735366928008_7.025403768446016_6.19570728833_7.05534761125.png,Edo,10-20
6.1810905301300005_6.797873151165977_6.1810905301300005_6.75295738696.png,Edo,10-20
6.181701157931992_6.998163450564023_6.16672923653_7.04307921477.png,Edo,10-20
6.181701157931992_7.013135371966015_6.16672923653_7.04307921477.png,Edo,10-20
6.181701157931992_7.04307921477_6.16672923653_7.04307921477.png,Edo,10-20
6.182762212031993_6.991717119328008_6.167790290630001_7.00668904073.png,Edo,10-20
6.182762212031993_7.0216609621319925_6.167790290630001_7.00668904073.png,Edo,10-20
6.182762212031993_7.036632883533985_6.167790290630001_7.00668904073.png,Edo,10-20
6.182919814926016_6.695861657888008_6.21286365773_6.71083357929.png,Edo,10-20
6.183224980015976_6.748176840334024_6.13830921581_6.79309260454.png,Edo,10-20
6.183224980015976_6.763148761736016_6.13830921581_6.79309260454.png,Edo,10-20
6.183224980015976_6.778120683138008_6.13830921581_6.79309260454.png,Edo,10-20
6.183224980015976_6.79309260454_6.13830921581_6.79309260454.png,Edo,10-20
6.183224980015976_6.808064525941992_6.13830921581_6.79309260454.png,Edo,10-20
6.183224980015976_6.823036447343984_6.13830921581_6.79309260454.png,Edo,10-20
6.183224980015976_6.838008368745976_6.13830921581_6.79309260454.png,Edo,10-20
6.194616632995977_6.745973576954023_6.149700868790001_6.79088934116.png,Edo,10-20
6.194616632995977_6.7609454983560155_6.149700868790001_6.79088934116.png,Edo,10-20
6.194616632995977_6.775917419758008_6.149700868790001_6.79088934116.png,Edo,10-20
6.194616632995977_6.79088934116_6.149700868790001_6.79088934116.png,Edo,10-20
6.194616632995977_6.805861262561992_6.149700868790001_6.79088934116.png,Edo,10-20
6.194616632995977_6.820833183963984_6.149700868790001_6.79088934116.png,Edo,10-20
6.194616632995977_6.835805105365976_6.149700868790001_6.79088934116.png,Edo,10-20
6.19570728833_7.085291454053984_6.19570728833_7.05534761125.png,Edo,10-20
6.19570728833_7.1002633754559765_6.19570728833_7.05534761125.png,Edo,10-20
6.196062451531993_6.708041622754024_6.1810905301300005_6.75295738696.png,Edo,10-20
6.196062451531993_6.75295738696_6.1810905301300005_6.75295738696.png,Edo,10-20
6.196621823414024_6.9368284515999985_6.24153758762_6.9368284515999985.png,Edo,10-20
6.196621823414024_6.966772294403983_6.24153758762_6.9368284515999985.png,Edo,10-20
6.196621823414024_6.981744215805975_6.24153758762_6.9368284515999985.png,Edo,10-20
6.196673079333984_6.998163450564023_6.16672923653_7.04307921477.png,Edo,10-20
6.196673079333984_7.058051136171992_6.16672923653_7.04307921477.png,Edo,10-20
6.196673079333984_7.073023057573984_6.16672923653_7.04307921477.png,Edo,10-20
6.197734133433985_7.051604804935977_6.167790290630001_7.00668904073.png,Edo,10-20
6.197891736328008_6.680889736486016_6.21286365773_6.71083357929.png,Edo,10-20
6.197891736328008_6.695861657888008_6.21286365773_6.71083357929.png,Edo,10-20
6.197891736328008_6.725805500691992_6.21286365773_6.71083357929.png,Edo,10-20
6.197891736328008_6.740777422093984_6.21286365773_6.71083357929.png,Edo,10-20
6.2106792097319925_7.040375689848008_6.19570728833_7.05534761125.png,Edo,10-20
6.2106792097319925_7.070319532651992_6.19570728833_7.05534761125.png,Edo,10-20
6.211034372933985_6.708041622754024_6.1810905301300005_6.75295738696.png,Edo,10-20
6.211034372933985_6.782901229763985_6.1810905301300005_6.75295738696.png,Edo,10-20
6.211593744816016_6.891912687394022_6.24153758762_6.9368284515999985.png,Edo,10-20
6.2116450007359765_7.04307921477_6.16672923653_7.04307921477.png,Edo,10-20
6.2116450007359765_7.073023057573984_6.16672923653_7.04307921477.png,Edo,10-20
6.21286365773_6.665917815084024_6.21286365773_6.71083357929.png,Edo,10-20
6.21286365773_6.680889736486016_6.21286365773_6.71083357929.png,Edo,10-20
6.225651131133985_7.010431847044024_6.19570728833_7.05534761125.png,Edo,10-20
6.226006294335977_6.708041622754024_6.1810905301300005_6.75295738696.png,Edo,10-20
6.226565666218008_6.906884608796014_6.24153758762_6.9368284515999985.png,Edo,10-20
6.226565666218008_6.951800373001991_6.24153758762_6.9368284515999985.png,Edo,10-20
6.227835579131992_6.665917815084024_6.21286365773_6.71083357929.png,Edo,10-20
6.227835579131992_6.71083357929_6.21286365773_6.71083357929.png,Edo,10-20
6.227835579131992_6.725805500691992_6.21286365773_6.71083357929.png,Edo,10-20
6.240623052535977_7.010431847044024_6.19570728833_7.05534761125.png,Edo,10-20
6.24153758762_6.891912687394022_6.24153758762_6.9368284515999985.png,Edo,10-20
6.242807500533984_6.665917815084024_6.21286365773_6.71083357929.png,Edo,10-20
6.249961246674024_7.049196892058009_6.2948770108800005_7.064168813460001.png,Edo,10-20
6.249961246674024_7.1090845776659775_6.2948770108800005_7.064168813460001.png,Edo,10-20
6.255301208636016_7.2710596859640235_6.2852450514400005_7.31597545017.png,Edo,10-20
6.256509509021992_6.9368284515999985_6.24153758762_6.9368284515999985.png,Edo,10-20
6.256509509021992_6.966772294403983_6.24153758762_6.9368284515999985.png,Edo,10-20
6.262157234124024_7.015090822825976_6.307072998330001_6.97017505862.png,Edo,10-20
6.264933168076016_7.049196892058009_6.2948770108800005_7.064168813460001.png,Edo,10-20
6.264933168076016_7.1090845776659775_6.2948770108800005_7.064168813460001.png,Edo,10-20
6.268248639234024_6.920245398734023_6.31316440344_6.965161162939999.png,Edo,10-20
6.268248639234024_6.950189241538007_6.31316440344_6.965161162939999.png,Edo,10-20
6.271481430423984_6.951800373001991_6.24153758762_6.9368284515999985.png,Edo,10-20
6.2771291555260165_7.000118901423984_6.307072998330001_6.97017505862.png,Edo,10-20
6.2771291555260165_7.015090822825976_6.307072998330001_6.97017505862.png,Edo,10-20
6.279905089478008_7.019253049254025_6.2948770108800005_7.064168813460001.png,Edo,10-20
6.279905089478008_7.034224970656017_6.2948770108800005_7.064168813460001.png,Edo,10-20
6.283220560636016_6.965161162939999_6.31316440344_6.965161162939999.png,Edo,10-20
6.283220560636016_6.995105005743984_6.31316440344_6.965161162939999.png,Edo,10-20
6.2852450514400005_7.286031607366016_6.2852450514400005_7.31597545017.png,Edo,10-20
6.286453351825976_6.921856530198006_6.24153758762_6.9368284515999985.png,Edo,10-20
6.286453351825976_6.981744215805975_6.24153758762_6.9368284515999985.png,Edo,10-20
6.292101076928009_6.925259294414023_6.307072998330001_6.97017505862.png,Edo,10-20
6.292101076928009_7.000118901423984_6.307072998330001_6.97017505862.png,Edo,10-20
6.2948770108800005_7.064168813460001_6.2948770108800005_7.064168813460001.png,Edo,10-20
6.298192482038008_6.950189241538007_6.31316440344_6.965161162939999.png,Edo,10-20
6.300216972841993_7.301003528768008_6.2852450514400005_7.31597545017.png,Edo,10-20
6.300216972841993_7.31597545017_6.2852450514400005_7.31597545017.png,Edo,10-20
6.300216972841993_7.330947371571992_6.2852450514400005_7.31597545017.png,Edo,10-20
6.300216972841993_7.360891214375976_6.2852450514400005_7.31597545017.png,Edo,10-20
6.307072998330001_6.925259294414023_6.307072998330001_6.97017505862.png,Edo,10-20
6.307072998330001_6.9402312158160155_6.307072998330001_6.97017505862.png,Edo,10-20
6.309099225104024_6.793338851974024_6.35401498931_6.83825461618.png,Edo,10-20
6.309099225104024_6.868198458983985_6.35401498931_6.83825461618.png,Edo,10-20
6.309848932281993_7.064168813460001_6.2948770108800005_7.064168813460001.png,Edo,10-20
6.309848932281993_7.1090845776659775_6.2948770108800005_7.064168813460001.png,Edo,10-20
6.31316440344_6.920245398734023_6.31316440344_6.965161162939999.png,Edo,10-20
6.31316440344_6.935217320136015_6.31316440344_6.965161162939999.png,Edo,10-20
6.31316440344_6.965161162939999_6.31316440344_6.965161162939999.png,Edo,10-20
6.315188894243985_7.31597545017_6.2852450514400005_7.31597545017.png,Edo,10-20
6.315188894243985_7.330947371571992_6.2852450514400005_7.31597545017.png,Edo,10-20
6.315188894243985_7.345919292973984_6.2852450514400005_7.31597545017.png,Edo,10-20
6.322002092794024_7.209523252658008_6.366917857000001_7.22449517406.png,Edo,10-20
6.322044919731993_6.955203137218008_6.307072998330001_6.97017505862.png,Edo,10-20
6.324071146506016_6.808310773376016_6.35401498931_6.83825461618.png,Edo,10-20
6.324071146506016_6.83825461618_6.35401498931_6.83825461618.png,Edo,10-20
6.324071146506016_6.8532265375819925_6.35401498931_6.83825461618.png,Edo,10-20
6.324820853683985_7.094112656263985_6.2948770108800005_7.064168813460001.png,Edo,10-20
6.328136324841992_6.995105005743984_6.31316440344_6.965161162939999.png,Edo,10-20
6.330160815645977_7.286031607366016_6.2852450514400005_7.31597545017.png,Edo,10-20
6.330160815645977_7.301003528768008_6.2852450514400005_7.31597545017.png,Edo,10-20
6.330160815645977_7.31597545017_6.2852450514400005_7.31597545017.png,Edo,10-20
6.3369740141960165_7.179579409854024_6.366917857000001_7.22449517406.png,Edo,10-20
6.3369740141960165_7.269410938265977_6.366917857000001_7.22449517406.png,Edo,10-20
6.337016841133985_6.925259294414023_6.307072998330001_6.97017505862.png,Edo,10-20
6.337016841133985_7.000118901423984_6.307072998330001_6.97017505862.png,Edo,10-20
6.339043067908008_6.83825461618_6.35401498931_6.83825461618.png,Edo,10-20
6.339043067908008_6.868198458983985_6.35401498931_6.83825461618.png,Edo,10-20
6.339792775085977_7.094112656263985_6.2948770108800005_7.064168813460001.png,Edo,10-20
6.343108246243984_7.010076927145976_6.31316440344_6.965161162939999.png,Edo,10-20
6.351945935598009_7.179579409854024_6.366917857000001_7.22449517406.png,Edo,10-20
6.351945935598009_7.194551331256016_6.366917857000001_7.22449517406.png,Edo,10-20
6.351945935598009_7.209523252658008_6.366917857000001_7.22449517406.png,Edo,10-20
6.351945935598009_7.239467095461992_6.366917857000001_7.22449517406.png,Edo,10-20
6.351945935598009_7.2544390168639845_6.366917857000001_7.22449517406.png,Edo,10-20
6.351988762535977_6.97017505862_6.307072998330001_6.97017505862.png,Edo,10-20
6.351988762535977_7.000118901423984_6.307072998330001_6.97017505862.png,Edo,10-20
6.353935121414023_6.523775320774024_6.398850885619999_6.56869108498.png,Edo,10-20
6.353935121414023_6.583663006381992_6.398850885619999_6.56869108498.png,Edo,10-20
6.358080167645976_6.935217320136015_6.31316440344_6.965161162939999.png,Edo,10-20
6.358080167645976_6.995105005743984_6.31316440344_6.965161162939999.png,Edo,10-20
6.366917857000001_7.194551331256016_6.366917857000001_7.22449517406.png,Edo,10-20
6.368907042816015_6.553719163578008_6.398850885619999_6.56869108498.png,Edo,10-20
6.368907042816015_6.598634927783984_6.398850885619999_6.56869108498.png,Edo,10-20
6.3689869107119925_6.883170380385977_6.35401498931_6.83825461618.png,Edo,10-20
6.381889778401993_7.209523252658008_6.366917857000001_7.22449517406.png,Edo,10-20
6.381889778401993_7.22449517406_6.366917857000001_7.22449517406.png,Edo,10-20
6.383878964218007_6.583663006381992_6.398850885619999_6.56869108498.png,Edo,10-20
6.383958832113985_6.808310773376016_6.35401498931_6.83825461618.png,Edo,10-20
6.396861699803985_7.22449517406_6.366917857000001_7.22449517406.png,Edo,10-20
6.398140285234024_6.613188621653984_6.44305604944_6.58324477885.png,Edo,10-20
6.398140285234024_6.6281605430559765_6.44305604944_6.58324477885.png,Edo,10-20
6.398850885619999_6.56869108498_6.398850885619999_6.56869108498.png,Edo,10-20
6.398930753515977_6.808310773376016_6.35401498931_6.83825461618.png,Edo,10-20
6.398930753515977_6.83825461618_6.35401498931_6.83825461618.png,Edo,10-20
6.398930753515977_6.868198458983985_6.35401498931_6.83825461618.png,Edo,10-20
6.413112206636016_6.568272857448008_6.44305604944_6.58324477885.png,Edo,10-20
6.413112206636016_6.58324477885_6.44305604944_6.58324477885.png,Edo,10-20
6.413112206636016_6.613188621653984_6.44305604944_6.58324477885.png,Edo,10-20
6.428794728423983_6.523775320774024_6.398850885619999_6.56869108498.png,Edo,10-20
6.428794728423983_6.583663006381992_6.398850885619999_6.56869108498.png,Edo,10-20
6.428794728423983_6.598634927783984_6.398850885619999_6.56869108498.png,Edo,10-20
6.44305604944_6.58324477885_6.44305604944_6.58324477885.png,Edo,10-20
6.44305604944_6.613188621653984_6.44305604944_6.58324477885.png,Edo,10-20
6.443766649825975_6.553719163578008_6.398850885619999_6.56869108498.png,Edo,10-20
6.443766649825975_6.6136068491859765_6.398850885619999_6.56869108498.png,Edo,10-20
6.458027970841992_6.568272857448008_6.44305604944_6.58324477885.png,Edo,10-20
6.472999892243984_6.568272857448008_6.44305604944_6.58324477885.png,Edo,10-20
6.472999892243984_6.58324477885_6.44305604944_6.58324477885.png,Edo,10-20
6.472999892243984_6.598216700251992_6.44305604944_6.58324477885.png,Edo,10-20
6.472999892243984_6.613188621653984_6.44305604944_6.58324477885.png,Edo,10-20
6.472999892243984_6.6281605430559765_6.44305604944_6.58324477885.png,Edo,10-20
6.473736783584024_6.909504687934024_6.51865254779_6.95442045214.png,Edo,10-20
6.503680626388008_6.909504687934024_6.51865254779_6.95442045214.png,Edo,10-20
6.503680626388008_6.924476609336016_6.51865254779_6.95442045214.png,Edo,10-20
6.503680626388008_6.95442045214_6.51865254779_6.95442045214.png,Edo,10-20
6.508406002704024_7.044031928821992_6.55332176691_7.02906000742.png,Edo,10-20
6.508406002704024_7.073975771625976_6.55332176691_7.02906000742.png,Edo,10-20
6.51865254779_6.939448530738008_6.51865254779_6.95442045214.png,Edo,10-20
6.51865254779_6.984364294943984_6.51865254779_6.95442045214.png,Edo,10-20
6.5336244691919925_6.909504687934024_6.51865254779_6.95442045214.png,Edo,10-20
6.5336244691919925_6.939448530738008_6.51865254779_6.95442045214.png,Edo,10-20
6.5336244691919925_6.95442045214_6.51865254779_6.95442045214.png,Edo,10-20
6.538349845508008_7.014088086018008_6.55332176691_7.02906000742.png,Edo,10-20
6.538349845508008_7.073975771625976_6.55332176691_7.02906000742.png,Edo,10-20
6.548596390593985_6.999336216345976_6.51865254779_6.95442045214.png,Edo,10-20
6.55332176691_7.014088086018008_6.55332176691_7.02906000742.png,Edo,10-20
6.55332176691_7.059003850223984_6.55332176691_7.02906000742.png,Edo,10-20
6.563568311995977_6.909504687934024_6.51865254779_6.95442045214.png,Edo,10-20
6.563568311995977_6.969392373541992_6.51865254779_6.95442045214.png,Edo,10-20
6.563568311995977_6.999336216345976_6.51865254779_6.95442045214.png,Edo,10-20
6.568293688311992_6.984144243214024_6.55332176691_7.02906000742.png,Edo,10-20
6.568293688311992_7.014088086018008_6.55332176691_7.02906000742.png,Edo,10-20
6.568293688311992_7.02906000742_6.55332176691_7.02906000742.png,Edo,10-20
6.583265609713984_6.999116164616016_6.55332176691_7.02906000742.png,Edo,10-20
6.598237531115976_6.984144243214024_6.55332176691_7.02906000742.png,Edo,10-20
6.598237531115976_7.059003850223984_6.55332176691_7.02906000742.png,Edo,10-20
6.598237531115976_7.073975771625976_6.55332176691_7.02906000742.png,Edo,10-20
5.33606883672_8.350810203141991_5.33606883672_8.33583828174.png,Kogi,20-30
5.351040758121992_8.350810203141991_5.33606883672_8.33583828174.png,Kogi,20-30
5.380984600925976_8.290922517534023_5.33606883672_8.33583828174.png,Kogi,20-30
5.380984600925976_8.320866360338007_5.33606883672_8.33583828174.png,Kogi,20-30
5.380984600925976_8.350810203141991_5.33606883672_8.33583828174.png,Kogi,20-30
5.749132950494025_7.903354073926016_5.7940487147000015_7.93329791673.png,Kogi,20-30
5.749132950494025_7.918325995328008_5.7940487147000015_7.93329791673.png,Kogi,20-30
5.756239743288008_7.821788900505976_5.77121166469_7.7768731363.png,Kogi,20-30
5.764104871896017_7.903354073926016_5.7940487147000015_7.93329791673.png,Kogi,20-30
5.764104871896017_7.918325995328008_5.7940487147000015_7.93329791673.png,Kogi,20-30
5.764104871896017_7.93329791673_5.7940487147000015_7.93329791673.png,Kogi,20-30
5.764104871896017_7.963241759533984_5.7940487147000015_7.93329791673.png,Kogi,20-30
5.764104871896017_7.978213680935976_5.7940487147000015_7.93329791673.png,Kogi,20-30
5.77121166469_7.806816979103984_5.77121166469_7.7768731363.png,Kogi,20-30
5.779076793298009_7.888382152524024_5.7940487147000015_7.93329791673.png,Kogi,20-30
5.786183586091992_7.791845057701992_5.77121166469_7.7768731363.png,Kogi,20-30
5.787423404196017_8.043582137554026_5.817367247000001_8.088497901760002.png,Kogi,20-30
5.787423404196017_8.058554058956018_5.817367247000001_8.088497901760002.png,Kogi,20-30
5.787423404196017_8.088497901760002_5.817367247000001_8.088497901760002.png,Kogi,20-30
5.787423404196017_8.118441744563986_5.817367247000001_8.088497901760002.png,Kogi,20-30
5.787423404196017_8.133413665965978_5.817367247000001_8.088497901760002.png,Kogi,20-30
5.789089004674301_8.056656873812624_5.817367247000001_8.088497901760002.png,Kogi,20-30
5.809020636101994_7.903354073926016_5.7940487147000015_7.93329791673.png,Kogi,20-30
5.809020636101994_7.963241759533984_5.7940487147000015_7.93329791673.png,Kogi,20-30
5.809020636101994_7.978213680935976_5.7940487147000015_7.93329791673.png,Kogi,20-30
5.816127428895976_7.731957372094024_5.77121166469_7.7768731363.png,Kogi,20-30
5.816127428895976_7.791845057701992_5.77121166469_7.7768731363.png,Kogi,20-30
5.816127428895976_7.821788900505976_5.77121166469_7.7768731363.png,Kogi,20-30
5.817367247000001_8.043582137554026_5.817367247000001_8.088497901760002.png,Kogi,20-30
5.817367247000001_8.07352598035801_5.817367247000001_8.088497901760002.png,Kogi,20-30
5.817367247000001_8.103469823161994_5.817367247000001_8.088497901760002.png,Kogi,20-30
5.823992557503986_7.918325995328008_5.7940487147000015_7.93329791673.png,Kogi,20-30
5.832339168401993_8.043582137554026_5.817367247000001_8.088497901760002.png,Kogi,20-30
5.8574750241240245_7.866113030478009_5.902390788330001_7.881084951880001.png,Kogi,20-30
5.8574750241240245_7.881084951880001_5.902390788330001_7.881084951880001.png,Kogi,20-30
5.862283011205977_8.103469823161994_5.817367247000001_8.088497901760002.png,Kogi,20-30
5.862283011205977_8.118441744563986_5.817367247000001_8.088497901760002.png,Kogi,20-30
5.872446945526017_7.836169187674025_5.902390788330001_7.881084951880001.png,Kogi,20-30
5.872446945526017_7.881084951880001_5.902390788330001_7.881084951880001.png,Kogi,20-30
5.887418866928009_7.836169187674025_5.902390788330001_7.881084951880001.png,Kogi,20-30
5.887418866928009_7.866113030478009_5.902390788330001_7.881084951880001.png,Kogi,20-30
5.887418866928009_7.926000716085977_5.902390788330001_7.881084951880001.png,Kogi,20-30
5.902390788330001_7.851141109076017_5.902390788330001_7.881084951880001.png,Kogi,20-30
5.902390788330001_7.881084951880001_5.902390788330001_7.881084951880001.png,Kogi,20-30
5.904402126616015_8.161997690831992_5.934345969419999_8.14702576943.png,Kogi,20-30
5.917362709731993_7.881084951880001_5.902390788330001_7.881084951880001.png,Kogi,20-30
5.919374048018007_8.117081926626016_5.934345969419999_8.14702576943.png,Kogi,20-30
5.932055391234024_7.680452382308008_5.97697115544_7.69542430371.png,Kogi,20-30
5.932055391234024_7.740340067915977_5.97697115544_7.69542430371.png,Kogi,20-30
5.932334631133985_7.836169187674025_5.902390788330001_7.881084951880001.png,Kogi,20-30
5.932334631133985_7.881084951880001_5.902390788330001_7.881084951880001.png,Kogi,20-30
5.934345969419999_8.102110005224024_5.934345969419999_8.14702576943.png,Kogi,20-30
5.934345969419999_8.117081926626016_5.934345969419999_8.14702576943.png,Kogi,20-30
5.934345969419999_8.161997690831992_5.934345969419999_8.14702576943.png,Kogi,20-30
5.934345969419999_8.191941533635976_5.934345969419999_8.14702576943.png,Kogi,20-30
5.947027312636016_7.680452382308008_5.97697115544_7.69542430371.png,Kogi,20-30
5.947027312636016_7.69542430371_5.97697115544_7.69542430371.png,Kogi,20-30
5.949317890821991_8.132053848028008_5.934345969419999_8.14702576943.png,Kogi,20-30
5.961999234038008_7.710396225111992_5.97697115544_7.69542430371.png,Kogi,20-30
5.964289812223983_8.161997690831992_5.934345969419999_8.14702576943.png,Kogi,20-30
5.97697115544_7.710396225111992_5.97697115544_7.69542430371.png,Kogi,20-30
5.979261733625975_8.132053848028008_5.934345969419999_8.14702576943.png,Kogi,20-30
5.979261733625975_8.191941533635976_5.934345969419999_8.14702576943.png,Kogi,20-30
5.991943076841992_7.650508539504024_5.97697115544_7.69542430371.png,Kogi,20-30
5.991943076841992_7.7253681465139845_5.97697115544_7.69542430371.png,Kogi,20-30
6.0069149982439844_7.680452382308008_5.97697115544_7.69542430371.png,Kogi,20-30
6.0218869196459766_7.665480460906016_5.97697115544_7.69542430371.png,Kogi,20-30
6.0218869196459766_7.69542430371_5.97697115544_7.69542430371.png,Kogi,20-30
6.0218869196459766_7.710396225111992_5.97697115544_7.69542430371.png,Kogi,20-30
6.053503607864024_7.761099117384022_6.09841937207_7.806014881589999.png,Kogi,20-30
6.053503607864024_7.7910429601880065_6.09841937207_7.806014881589999.png,Kogi,20-30
6.053503607864024_7.806014881589999_6.09841937207_7.806014881589999.png,Kogi,20-30
6.053503607864024_7.820986802991991_6.09841937207_7.806014881589999.png,Kogi,20-30
6.053503607864024_7.835958724393983_6.09841937207_7.806014881589999.png,Kogi,20-30
6.053503607864024_7.850930645795975_6.09841937207_7.806014881589999.png,Kogi,20-30
6.068475529266016_7.776071038786014_6.09841937207_7.806014881589999.png,Kogi,20-30
6.068475529266016_7.835958724393983_6.09841937207_7.806014881589999.png,Kogi,20-30
6.083447450668008_7.7910429601880065_6.09841937207_7.806014881589999.png,Kogi,20-30
6.083447450668008_7.820986802991991_6.09841937207_7.806014881589999.png,Kogi,20-30
6.090807211994024_8.19044376243_6.1357229762_8.19044376243.png,Kogi,20-30
6.090807211994024_8.205415683831992_6.1357229762_8.19044376243.png,Kogi,20-30
6.09841937207_7.820986802991991_6.09841937207_7.806014881589999.png,Kogi,20-30
6.102109565114023_8.247302953653985_6.147025329319999_8.217359110850001.png,Kogi,20-30
6.105705905914023_7.930068908288008_6.15062167012_7.94504082969.png,Kogi,20-30
6.105705905914023_7.960012751091992_6.15062167012_7.94504082969.png,Kogi,20-30
6.105779133396016_8.145527998224024_6.1357229762_8.19044376243.png,Kogi,20-30
6.113575391884022_8.35152203715801_6.158491156089998_8.366493958560001.png,Kogi,20-30
6.117081486516015_8.187415268046017_6.147025329319999_8.217359110850001.png,Kogi,20-30
6.117081486516015_8.217359110850001_6.147025329319999_8.217359110850001.png,Kogi,20-30
6.117081486516015_8.232331032251993_6.147025329319999_8.217359110850001.png,Kogi,20-30
6.117081486516015_8.262274875055978_6.147025329319999_8.217359110850001.png,Kogi,20-30
6.120677827316015_7.915096986886016_6.15062167012_7.94504082969.png,Kogi,20-30
6.120677827316015_7.94504082969_6.15062167012_7.94504082969.png,Kogi,20-30
6.120677827316015_7.960012751091992_6.15062167012_7.94504082969.png,Kogi,20-30
6.120751054798008_8.145527998224024_6.1357229762_8.19044376243.png,Kogi,20-30
6.128547313286014_8.321578194354025_6.158491156089998_8.366493958560001.png,Kogi,20-30
6.128547313286014_8.381465879961993_6.158491156089998_8.366493958560001.png,Kogi,20-30
6.132053407918007_8.172443346644025_6.147025329319999_8.217359110850001.png,Kogi,20-30
6.132053407918007_8.232331032251993_6.147025329319999_8.217359110850001.png,Kogi,20-30
6.1356497487180075_7.94504082969_6.15062167012_7.94504082969.png,Kogi,20-30
6.1357229762_8.160499919626016_6.1357229762_8.19044376243.png,Kogi,20-30
6.1357229762_8.19044376243_6.1357229762_8.19044376243.png,Kogi,20-30
6.143335136275977_7.776071038786014_6.09841937207_7.806014881589999.png,Kogi,20-30
6.143335136275977_7.820986802991991_6.09841937207_7.806014881589999.png,Kogi,20-30
6.143519234688006_8.366493958560001_6.158491156089998_8.366493958560001.png,Kogi,20-30
6.143519234688006_8.381465879961993_6.158491156089998_8.366493958560001.png,Kogi,20-30
6.15062167012_7.974984672493984_6.15062167012_7.94504082969.png,Kogi,20-30
6.150694897601992_8.19044376243_6.1357229762_8.19044376243.png,Kogi,20-30
6.150694897601992_8.205415683831992_6.1357229762_8.19044376243.png,Kogi,20-30
6.150694897601992_8.220387605233984_6.1357229762_8.19044376243.png,Kogi,20-30
6.158491156089998_8.336550115756017_6.158491156089998_8.366493958560001.png,Kogi,20-30
6.158491156089998_8.396437801363986_6.158491156089998_8.366493958560001.png,Kogi,20-30
6.158491156089998_8.411409722765978_6.158491156089998_8.366493958560001.png,Kogi,20-30
6.161997250721991_8.187415268046017_6.147025329319999_8.217359110850001.png,Kogi,20-30
6.165593591521992_7.930068908288008_6.15062167012_7.94504082969.png,Kogi,20-30
6.1656668190039845_8.175471841028008_6.1357229762_8.19044376243.png,Kogi,20-30
6.1734630774919905_8.336550115756017_6.158491156089998_8.366493958560001.png,Kogi,20-30
6.1734630774919905_8.35152203715801_6.158491156089998_8.366493958560001.png,Kogi,20-30
6.176969172123983_8.187415268046017_6.147025329319999_8.217359110850001.png,Kogi,20-30
6.180565512923984_7.94504082969_6.15062167012_7.94504082969.png,Kogi,20-30
6.180565512923984_7.974984672493984_6.15062167012_7.94504082969.png,Kogi,20-30
6.180638740405977_8.175471841028008_6.1357229762_8.19044376243.png,Kogi,20-30
6.180638740405977_8.205415683831992_6.1357229762_8.19044376243.png,Kogi,20-30
6.188434998893983_8.35152203715801_6.158491156089998_8.366493958560001.png,Kogi,20-30
6.188434998893983_8.411409722765978_6.158491156089998_8.366493958560001.png,Kogi,20-30
6.191941093525975_8.217359110850001_6.147025329319999_8.217359110850001.png,Kogi,20-30
6.191941093525975_8.232331032251993_6.147025329319999_8.217359110850001.png,Kogi,20-30
6.191941093525975_8.247302953653985_6.147025329319999_8.217359110850001.png,Kogi,20-30
6.191941093525975_8.262274875055978_6.147025329319999_8.217359110850001.png,Kogi,20-30
6.198274211134024_7.647125425413986_6.24318997534_7.6171815826100016.png,Kogi,20-30
6.203406920295975_8.381465879961993_6.158491156089998_8.366493958560001.png,Kogi,20-30
6.213246132536016_7.587237739806017_6.24318997534_7.6171815826100016.png,Kogi,20-30
6.228218053938008_7.587237739806017_6.24318997534_7.6171815826100016.png,Kogi,20-30
6.228218053938008_7.6171815826100016_6.24318997534_7.6171815826100016.png,Kogi,20-30
6.228218053938008_7.662097346815978_6.24318997534_7.6171815826100016.png,Kogi,20-30
6.24318997534_7.6022096612080095_6.24318997534_7.6171815826100016.png,Kogi,20-30
6.258161896741992_7.572265818404025_6.24318997534_7.6171815826100016.png,Kogi,20-30
6.258161896741992_7.6022096612080095_6.24318997534_7.6171815826100016.png,Kogi,20-30
6.258161896741992_7.662097346815978_6.24318997534_7.6171815826100016.png,Kogi,20-30
6.261182036506016_8.199207280964023_6.29112587931_8.24412304517.png,Kogi,20-30
6.273133818143984_7.572265818404025_6.24318997534_7.6171815826100016.png,Kogi,20-30
6.276153957908008_8.259094966571991_6.29112587931_8.24412304517.png,Kogi,20-30
6.276153957908008_8.289038809375976_6.29112587931_8.24412304517.png,Kogi,20-30
6.277054633744024_8.13246352876_6.32197039795_8.13246352876.png,Kogi,20-30
6.277054633744024_8.162407371563985_6.32197039795_8.13246352876.png,Kogi,20-30
6.278231021584023_8.086142001046015_6.32314678579_8.11608584385.png,Kogi,20-30
6.2836019341840235_7.878310414844022_6.32851769839_7.9232261790499985.png,Kogi,20-30
6.292026555146016_8.087547764554024_6.32197039795_8.13246352876.png,Kogi,20-30
6.2932029429860155_8.071170079644023_6.32314678579_8.11608584385.png,Kogi,20-30
6.2932029429860155_8.131057765251992_6.32314678579_8.11608584385.png,Kogi,20-30
6.296426559301159_7.938241101888205_6.32851769839_7.9232261790499985.png,Kogi,20-30
6.298573855586016_7.893282336246014_6.32851769839_7.9232261790499985.png,Kogi,20-30
6.303201155354482_7.947777494419927_6.32851769839_7.9232261790499985.png,Kogi,20-30
6.306097800711992_8.229151123768007_6.29112587931_8.24412304517.png,Kogi,20-30
6.306097800711992_8.274066887973984_6.29112587931_8.24412304517.png,Kogi,20-30
6.306097800711992_8.289038809375976_6.29112587931_8.24412304517.png,Kogi,20-30
6.306998476548008_8.087547764554024_6.32197039795_8.13246352876.png,Kogi,20-30
6.306998476548008_8.117491607358009_6.32197039795_8.13246352876.png,Kogi,20-30
6.306998476548008_8.162407371563985_6.32197039795_8.13246352876.png,Kogi,20-30
6.313545776988008_7.878310414844022_6.32851769839_7.9232261790499985.png,Kogi,20-30
6.313545776988008_7.9232261790499985_6.32851769839_7.9232261790499985.png,Kogi,20-30
6.313545776988008_7.953170021853983_6.32851769839_7.9232261790499985.png,Kogi,20-30
6.313545776988008_7.968141943255975_6.32851769839_7.9232261790499985.png,Kogi,20-30
6.321069722113984_8.199207280964023_6.29112587931_8.24412304517.png,Kogi,20-30
6.321069722113984_8.214179202366015_6.29112587931_8.24412304517.png,Kogi,20-30
6.321069722113984_8.259094966571991_6.29112587931_8.24412304517.png,Kogi,20-30
6.32197039795_8.117491607358009_6.32197039795_8.13246352876.png,Kogi,20-30
6.32314678579_8.101113922448008_6.32314678579_8.11608584385.png,Kogi,20-30
6.32314678579_8.11608584385_6.32314678579_8.11608584385.png,Kogi,20-30
6.32851769839_7.878310414844022_6.32851769839_7.9232261790499985.png,Kogi,20-30
6.32851769839_7.938198100451991_6.32851769839_7.9232261790499985.png,Kogi,20-30
6.3299243535640235_7.928782857226017_6.37484011777_7.9587267000300015.png,Kogi,20-30
6.3299243535640235_7.943754778628009_6.37484011777_7.9587267000300015.png,Kogi,20-30
6.336041643515976_8.214179202366015_6.29112587931_8.24412304517.png,Kogi,20-30
6.336041643515976_8.229151123768007_6.29112587931_8.24412304517.png,Kogi,20-30
6.336041643515976_8.274066887973984_6.29112587931_8.24412304517.png,Kogi,20-30
6.3369423193519925_8.087547764554024_6.32197039795_8.13246352876.png,Kogi,20-30
6.3369423193519925_8.117491607358009_6.32197039795_8.13246352876.png,Kogi,20-30
6.338118707191992_8.086142001046015_6.32314678579_8.11608584385.png,Kogi,20-30
6.338118707191992_8.131057765251992_6.32314678579_8.11608584385.png,Kogi,20-30
6.344896274966016_7.943754778628009_6.37484011777_7.9587267000300015.png,Kogi,20-30
6.344896274966016_7.958726700030001_6.37484011777_7.9587267000300015.png,Kogi,20-30
6.344896274966016_7.973698621431993_6.37484011777_7.9587267000300015.png,Kogi,20-30
6.351914240753985_8.102519685956016_6.32197039795_8.13246352876.png,Kogi,20-30
6.353090628593984_8.086142001046015_6.32314678579_8.11608584385.png,Kogi,20-30
6.353090628593984_8.101113922448008_6.32314678579_8.11608584385.png,Kogi,20-30
6.353090628593984_8.146029686653984_6.32314678579_8.11608584385.png,Kogi,20-30
6.358461541193984_7.9232261790499985_6.32851769839_7.9232261790499985.png,Kogi,20-30
6.359868196368008_7.928782857226017_6.37484011777_7.9587267000300015.png,Kogi,20-30
6.359868196368008_7.943754778628009_6.37484011777_7.9587267000300015.png,Kogi,20-30
6.359868196368008_7.958726700030001_6.37484011777_7.9587267000300015.png,Kogi,20-30
6.366886162155977_8.087547764554024_6.32197039795_8.13246352876.png,Kogi,20-30
6.366886162155977_8.13246352876_6.32197039795_8.13246352876.png,Kogi,20-30
6.367571610226015_8.353468370806016_6.39751545303_8.38341221361.png,Kogi,20-30
6.367571610226015_8.368440292208009_6.39751545303_8.38341221361.png,Kogi,20-30
6.367571610226015_8.398384135011993_6.39751545303_8.38341221361.png,Kogi,20-30
6.368062549995976_8.11608584385_6.32314678579_8.11608584385.png,Kogi,20-30
6.368062549995976_8.161001608055976_6.32314678579_8.11608584385.png,Kogi,20-30
6.373433462595976_7.9232261790499985_6.32851769839_7.9232261790499985.png,Kogi,20-30
6.373433462595976_7.938198100451991_6.32851769839_7.9232261790499985.png,Kogi,20-30
6.37484011777_7.913810935824025_6.37484011777_7.9587267000300015.png,Kogi,20-30
6.3825435316280075_8.38341221361_6.39751545303_8.38341221361.png,Kogi,20-30
6.387250981534024_7.445259981854024_6.43216674574_7.49017574606.png,Kogi,20-30
6.387250981534024_7.460231903256016_6.43216674574_7.49017574606.png,Kogi,20-30
6.387250981534024_7.475203824658008_6.43216674574_7.49017574606.png,Kogi,20-30
6.387250981534024_7.49017574606_6.43216674574_7.49017574606.png,Kogi,20-30
6.387250981534024_7.5201195888639845_6.43216674574_7.49017574606.png,Kogi,20-30
6.387250981534024_7.535091510265977_6.43216674574_7.49017574606.png,Kogi,20-30
6.389812039171992_7.928782857226017_6.37484011777_7.9587267000300015.png,Kogi,20-30
6.389812039171992_7.943754778628009_6.37484011777_7.9587267000300015.png,Kogi,20-30
6.39751545303_8.353468370806016_6.39751545303_8.38341221361.png,Kogi,20-30
6.401724290604023_7.439815488204023_6.44664005481_7.48473125241.png,Kogi,20-30
6.401724290604023_7.454787409606015_6.44664005481_7.48473125241.png,Kogi,20-30
6.401724290604023_7.4697593310080075_6.44664005481_7.48473125241.png,Kogi,20-30
6.401724290604023_7.48473125241_6.44664005481_7.48473125241.png,Kogi,20-30
6.401724290604023_7.514675095213984_6.44664005481_7.48473125241.png,Kogi,20-30
6.401724290604023_7.529647016615976_6.44664005481_7.48473125241.png,Kogi,20-30
6.402222902936016_7.445259981854024_6.43216674574_7.49017574606.png,Kogi,20-30
6.402222902936016_7.460231903256016_6.43216674574_7.49017574606.png,Kogi,20-30
6.402222902936016_7.475203824658008_6.43216674574_7.49017574606.png,Kogi,20-30
6.402222902936016_7.49017574606_6.43216674574_7.49017574606.png,Kogi,20-30
6.402222902936016_7.5201195888639845_6.43216674574_7.49017574606.png,Kogi,20-30
6.402222902936016_7.535091510265977_6.43216674574_7.49017574606.png,Kogi,20-30
6.410586360204023_7.47905887095_6.45550212441_7.47905887095.png,Kogi,20-30
6.410586360204023_7.494030792351992_6.45550212441_7.47905887095.png,Kogi,20-30
6.410586360204023_7.5090027137539845_6.45550212441_7.47905887095.png,Kogi,20-30
6.410586360204023_7.523974635155977_6.45550212441_7.47905887095.png,Kogi,20-30
6.412487374431992_8.338496449404024_6.39751545303_8.38341221361.png,Kogi,20-30
6.412487374431992_8.368440292208009_6.39751545303_8.38341221361.png,Kogi,20-30
6.412487374431992_8.428327977815977_6.39751545303_8.38341221361.png,Kogi,20-30
6.4130870520270475_7.527755740209746_6.44664005481_7.48473125241.png,Kogi,20-30
6.416696212006015_7.48473125241_6.44664005481_7.48473125241.png,Kogi,20-30
6.416696212006015_7.499703173811992_6.44664005481_7.48473125241.png,Kogi,20-30
6.416696212006015_7.514675095213984_6.44664005481_7.48473125241.png,Kogi,20-30
6.416696212006015_7.529647016615976_6.44664005481_7.48473125241.png,Kogi,20-30
6.417194824338008_7.475203824658008_6.43216674574_7.49017574606.png,Kogi,20-30
6.417194824338008_7.49017574606_6.43216674574_7.49017574606.png,Kogi,20-30
6.417194824338008_7.505147667461992_6.43216674574_7.49017574606.png,Kogi,20-30
6.417194824338008_7.5201195888639845_6.43216674574_7.49017574606.png,Kogi,20-30
6.417194824338008_7.535091510265977_6.43216674574_7.49017574606.png,Kogi,20-30
6.419755881975976_7.928782857226017_6.37484011777_7.9587267000300015.png,Kogi,20-30
6.420534352761545_7.496802385093576_6.44664005481_7.48473125241.png,Kogi,20-30
6.425500911254024_7.442715252614023_6.47041667546_7.487631016819999.png,Kogi,20-30
6.425500911254024_7.472659095418007_6.47041667546_7.487631016819999.png,Kogi,20-30
6.425500911254024_7.487631016819999_6.47041667546_7.487631016819999.png,Kogi,20-30
6.425500911254024_7.502602938221991_6.47041667546_7.487631016819999.png,Kogi,20-30
6.425500911254024_7.517574859623983_6.47041667546_7.487631016819999.png,Kogi,20-30
6.425500911254024_7.532546781025975_6.47041667546_7.487631016819999.png,Kogi,20-30
6.4255582816060155_7.434143106744024_6.45550212441_7.47905887095.png,Kogi,20-30
6.4255582816060155_7.47905887095_6.45550212441_7.47905887095.png,Kogi,20-30
6.4255582816060155_7.494030792351992_6.45550212441_7.47905887095.png,Kogi,20-30
6.4255582816060155_7.5090027137539845_6.45550212441_7.47905887095.png,Kogi,20-30
6.4255582816060155_7.523974635155977_6.45550212441_7.47905887095.png,Kogi,20-30
6.426521246836016_7.955427842283985_6.45646508964_7.925483999480001.png,Kogi,20-30
6.4316681334080075_7.439815488204023_6.44664005481_7.48473125241.png,Kogi,20-30
6.4316681334080075_7.48473125241_6.44664005481_7.48473125241.png,Kogi,20-30
6.4316681334080075_7.499703173811992_6.44664005481_7.48473125241.png,Kogi,20-30
6.4316681334080075_7.514675095213984_6.44664005481_7.48473125241.png,Kogi,20-30
6.4316681334080075_7.529647016615976_6.44664005481_7.48473125241.png,Kogi,20-30
6.43216674574_7.445259981854024_6.43216674574_7.49017574606.png,Kogi,20-30
6.43216674574_7.475203824658008_6.43216674574_7.49017574606.png,Kogi,20-30
6.43216674574_7.49017574606_6.43216674574_7.49017574606.png,Kogi,20-30
6.43216674574_7.505147667461992_6.43216674574_7.49017574606.png,Kogi,20-30
6.43216674574_7.5201195888639845_6.43216674574_7.49017574606.png,Kogi,20-30
6.43216674574_7.535091510265977_6.43216674574_7.49017574606.png,Kogi,20-30
6.432790381261554_7.5101824471436025_6.43216674574_7.49017574606.png,Kogi,20-30
6.434511073814023_7.723408767874024_6.479426838019999_7.76832453208.png,Kogi,20-30
6.440472832656016_7.442715252614023_6.47041667546_7.487631016819999.png,Kogi,20-30
6.440472832656016_7.472659095418007_6.47041667546_7.487631016819999.png,Kogi,20-30
6.440472832656016_7.487631016819999_6.47041667546_7.487631016819999.png,Kogi,20-30
6.440472832656016_7.502602938221991_6.47041667546_7.487631016819999.png,Kogi,20-30
6.440472832656016_7.517574859623983_6.47041667546_7.487631016819999.png,Kogi,20-30
6.440472832656016_7.532546781025975_6.47041667546_7.487631016819999.png,Kogi,20-30
6.440530203008008_7.434143106744024_6.45550212441_7.47905887095.png,Kogi,20-30
6.440530203008008_7.47905887095_6.45550212441_7.47905887095.png,Kogi,20-30
6.440530203008008_7.494030792351992_6.45550212441_7.47905887095.png,Kogi,20-30
6.440530203008008_7.5090027137539845_6.45550212441_7.47905887095.png,Kogi,20-30
6.440530203008008_7.523974635155977_6.45550212441_7.47905887095.png,Kogi,20-30
6.441493168238008_7.955427842283985_6.45646508964_7.925483999480001.png,Kogi,20-30
6.441493168238008_7.970399763685977_6.45646508964_7.925483999480001.png,Kogi,20-30
6.442431217235976_8.338496449404024_6.39751545303_8.38341221361.png,Kogi,20-30
6.442431217235976_8.368440292208009_6.39751545303_8.38341221361.png,Kogi,20-30
6.442431217235976_8.38341221361_6.39751545303_8.38341221361.png,Kogi,20-30
6.442431217235976_8.398384135011993_6.39751545303_8.38341221361.png,Kogi,20-30
6.44664005481_7.439815488204023_6.44664005481_7.48473125241.png,Kogi,20-30
6.44664005481_7.499703173811992_6.44664005481_7.48473125241.png,Kogi,20-30
6.44664005481_7.514675095213984_6.44664005481_7.48473125241.png,Kogi,20-30
6.44664005481_7.529647016615976_6.44664005481_7.48473125241.png,Kogi,20-30
6.447138667141992_7.445259981854024_6.43216674574_7.49017574606.png,Kogi,20-30
6.447138667141992_7.505147667461992_6.43216674574_7.49017574606.png,Kogi,20-30
6.447138667141992_7.5201195888639845_6.43216674574_7.49017574606.png,Kogi,20-30
6.447138667141992_7.535091510265977_6.43216674574_7.49017574606.png,Kogi,20-30
6.455444754058008_7.442715252614023_6.47041667546_7.487631016819999.png,Kogi,20-30
6.455444754058008_7.502602938221991_6.47041667546_7.487631016819999.png,Kogi,20-30
6.455444754058008_7.517574859623983_6.47041667546_7.487631016819999.png,Kogi,20-30
6.455444754058008_7.532546781025975_6.47041667546_7.487631016819999.png,Kogi,20-30
6.45550212441_7.434143106744024_6.45550212441_7.47905887095.png,Kogi,20-30
6.45550212441_7.494030792351992_6.45550212441_7.47905887095.png,Kogi,20-30
6.45550212441_7.5090027137539845_6.45550212441_7.47905887095.png,Kogi,20-30
6.45550212441_7.523974635155977_6.45550212441_7.47905887095.png,Kogi,20-30
6.45646508964_7.910512078078009_6.45646508964_7.925483999480001.png,Kogi,20-30
6.45646508964_7.925483999480001_6.45646508964_7.925483999480001.png,Kogi,20-30
6.45646508964_7.970399763685977_6.45646508964_7.925483999480001.png,Kogi,20-30
6.461611976211992_7.439815488204023_6.44664005481_7.48473125241.png,Kogi,20-30
6.461611976211992_7.499703173811992_6.44664005481_7.48473125241.png,Kogi,20-30
6.461611976211992_7.514675095213984_6.44664005481_7.48473125241.png,Kogi,20-30
6.461611976211992_7.529647016615976_6.44664005481_7.48473125241.png,Kogi,20-30
6.462110588543984_7.445259981854024_6.43216674574_7.49017574606.png,Kogi,20-30
6.462110588543984_7.505147667461992_6.43216674574_7.49017574606.png,Kogi,20-30
6.462110588543984_7.5201195888639845_6.43216674574_7.49017574606.png,Kogi,20-30
6.462110588543984_7.535091510265977_6.43216674574_7.49017574606.png,Kogi,20-30
6.47041667546_7.502602938221991_6.47041667546_7.487631016819999.png,Kogi,20-30
6.47041667546_7.517574859623983_6.47041667546_7.487631016819999.png,Kogi,20-30
6.47041667546_7.532546781025975_6.47041667546_7.487631016819999.png,Kogi,20-30
6.470474045811992_7.494030792351992_6.45550212441_7.47905887095.png,Kogi,20-30
6.470474045811992_7.5090027137539845_6.45550212441_7.47905887095.png,Kogi,20-30
6.470474045811992_7.523974635155977_6.45550212441_7.47905887095.png,Kogi,20-30
6.471437011041992_7.895540156676017_6.45646508964_7.925483999480001.png,Kogi,20-30
6.471437011041992_7.970399763685977_6.45646508964_7.925483999480001.png,Kogi,20-30
6.476583897613984_7.499703173811992_6.44664005481_7.48473125241.png,Kogi,20-30
6.476583897613984_7.514675095213984_6.44664005481_7.48473125241.png,Kogi,20-30
6.476583897613984_7.529647016615976_6.44664005481_7.48473125241.png,Kogi,20-30
6.477082509945976_7.505147667461992_6.43216674574_7.49017574606.png,Kogi,20-30
6.477082509945976_7.5201195888639845_6.43216674574_7.49017574606.png,Kogi,20-30
6.477082509945976_7.535091510265977_6.43216674574_7.49017574606.png,Kogi,20-30
6.479426838019999_7.738380689276016_6.479426838019999_7.76832453208.png,Kogi,20-30
6.485388596861992_7.502602938221991_6.47041667546_7.487631016819999.png,Kogi,20-30
6.485388596861992_7.532546781025975_6.47041667546_7.487631016819999.png,Kogi,20-30
6.485445967213984_7.494030792351992_6.45550212441_7.47905887095.png,Kogi,20-30
6.485445967213984_7.5090027137539845_6.45550212441_7.47905887095.png,Kogi,20-30
6.485445967213984_7.523974635155977_6.45550212441_7.47905887095.png,Kogi,20-30
6.486408932443984_7.895540156676017_6.45646508964_7.925483999480001.png,Kogi,20-30
6.486408932443984_7.940455920881993_6.45646508964_7.925483999480001.png,Kogi,20-30
6.491555819015976_7.439815488204023_6.44664005481_7.48473125241.png,Kogi,20-30
6.491555819015976_7.454787409606015_6.44664005481_7.48473125241.png,Kogi,20-30
6.491555819015976_7.4697593310080075_6.44664005481_7.48473125241.png,Kogi,20-30
6.491555819015976_7.48473125241_6.44664005481_7.48473125241.png,Kogi,20-30
6.491555819015976_7.514675095213984_6.44664005481_7.48473125241.png,Kogi,20-30
6.491555819015976_7.529647016615976_6.44664005481_7.48473125241.png,Kogi,20-30
6.494398759421991_7.723408767874024_6.479426838019999_7.76832453208.png,Kogi,20-30
6.494398759421991_7.783296453481992_6.479426838019999_7.76832453208.png,Kogi,20-30
6.500360518263984_7.442715252614023_6.47041667546_7.487631016819999.png,Kogi,20-30
6.500360518263984_7.457687174016015_6.47041667546_7.487631016819999.png,Kogi,20-30
6.500360518263984_7.472659095418007_6.47041667546_7.487631016819999.png,Kogi,20-30
6.500360518263984_7.487631016819999_6.47041667546_7.487631016819999.png,Kogi,20-30
6.500360518263984_7.517574859623983_6.47041667546_7.487631016819999.png,Kogi,20-30
6.500360518263984_7.532546781025975_6.47041667546_7.487631016819999.png,Kogi,20-30
6.500417888615976_7.434143106744024_6.45550212441_7.47905887095.png,Kogi,20-30
6.500417888615976_7.449115028146016_6.45550212441_7.47905887095.png,Kogi,20-30
6.500417888615976_7.464086949548008_6.45550212441_7.47905887095.png,Kogi,20-30
6.500417888615976_7.47905887095_6.45550212441_7.47905887095.png,Kogi,20-30
6.500417888615976_7.523974635155977_6.45550212441_7.47905887095.png,Kogi,20-30
6.501380853845976_7.895540156676017_6.45646508964_7.925483999480001.png,Kogi,20-30
6.501380853845976_7.970399763685977_6.45646508964_7.925483999480001.png,Kogi,20-30
6.5093706808239835_7.783296453481992_6.479426838019999_7.76832453208.png,Kogi,20-30
6.515332439665976_7.442715252614023_6.47041667546_7.487631016819999.png,Kogi,20-30
6.515332439665976_7.457687174016015_6.47041667546_7.487631016819999.png,Kogi,20-30
6.515332439665976_7.472659095418007_6.47041667546_7.487631016819999.png,Kogi,20-30
6.515332439665976_7.487631016819999_6.47041667546_7.487631016819999.png,Kogi,20-30
6.515332439665976_7.502602938221991_6.47041667546_7.487631016819999.png,Kogi,20-30
6.515332439665976_7.517574859623983_6.47041667546_7.487631016819999.png,Kogi,20-30
6.515332439665976_7.532546781025975_6.47041667546_7.487631016819999.png,Kogi,20-30
6.524342602225976_7.813240296285977_6.479426838019999_7.76832453208.png,Kogi,20-30
6.611703639394023_8.155123022544023_6.6566194036_8.20003878675.png,Kogi,20-30
6.611703639394023_8.20003878675_6.6566194036_8.20003878675.png,Kogi,20-30
6.611703639394023_8.229982629553984_6.6566194036_8.20003878675.png,Kogi,20-30
6.6266755607960155_8.155123022544023_6.6566194036_8.20003878675.png,Kogi,20-30
6.6266755607960155_8.170094943946015_6.6566194036_8.20003878675.png,Kogi,20-30
6.6266755607960155_8.215010708151992_6.6566194036_8.20003878675.png,Kogi,20-30
6.637477743814023_7.343435305025976_6.68239350802_7.29851954082.png,Kogi,20-30
6.641647482198008_8.155123022544023_6.6566194036_8.20003878675.png,Kogi,20-30
6.646265492734024_8.120130602958008_6.69118125694_8.13510252436.png,Kogi,20-30
6.646265492734024_8.150074445761993_6.69118125694_8.13510252436.png,Kogi,20-30
6.652449665216015_7.283547619418008_6.68239350802_7.29851954082.png,Kogi,20-30
6.6566194036_8.229982629553984_6.6566194036_8.20003878675.png,Kogi,20-30
6.661237414136016_8.105158681556016_6.69118125694_8.13510252436.png,Kogi,20-30
6.661237414136016_8.180018288565977_6.69118125694_8.13510252436.png,Kogi,20-30
6.6674215866180075_7.343435305025976_6.68239350802_7.29851954082.png,Kogi,20-30
6.676209335538008_8.090186760154024_6.69118125694_8.13510252436.png,Kogi,20-30
6.676209335538008_8.120130602958008_6.69118125694_8.13510252436.png,Kogi,20-30
6.676209335538008_8.180018288565977_6.69118125694_8.13510252436.png,Kogi,20-30
6.68239350802_7.29851954082_6.68239350802_7.29851954082.png,Kogi,20-30
6.68239350802_7.343435305025976_6.68239350802_7.29851954082.png,Kogi,20-30
6.686563246403984_8.155123022544023_6.6566194036_8.20003878675.png,Kogi,20-30
6.686563246403984_8.185066865348007_6.6566194036_8.20003878675.png,Kogi,20-30
6.686563246403984_8.20003878675_6.6566194036_8.20003878675.png,Kogi,20-30
6.69118125694_8.150074445761993_6.69118125694_8.13510252436.png,Kogi,20-30
6.69118125694_8.165046367163985_6.69118125694_8.13510252436.png,Kogi,20-30
6.697365429421992_7.253603776614024_6.68239350802_7.29851954082.png,Kogi,20-30
6.706153178341992_8.13510252436_6.69118125694_8.13510252436.png,Kogi,20-30
6.706153178341992_8.150074445761993_6.69118125694_8.13510252436.png,Kogi,20-30
6.712337350823984_7.283547619418008_6.68239350802_7.29851954082.png,Kogi,20-30
6.721125099743984_8.180018288565977_6.69118125694_8.13510252436.png,Kogi,20-30
6.723021555624024_7.618214825936016_6.767937319830001_7.64815866874.png,Kogi,20-30
6.723021555624024_7.678102511543984_6.767937319830001_7.64815866874.png,Kogi,20-30
6.727309272225976_7.328463383623984_6.68239350802_7.29851954082.png,Kogi,20-30
6.737993477026016_7.663130590141992_6.767937319830001_7.64815866874.png,Kogi,20-30
6.740892997854022_7.437677085898008_6.7858087620599985_7.4526490073.png,Kogi,20-30
6.740892997854022_7.467620928701992_6.7858087620599985_7.4526490073.png,Kogi,20-30
6.741930456664893_7.429248905824988_6.7858087620599985_7.4526490073.png,Kogi,20-30
6.745555333994024_8.198347404008008_6.7904710982_8.21331932541.png,Kogi,20-30
6.755864919256014_7.4077332430940235_6.7858087620599985_7.4526490073.png,Kogi,20-30
6.755864919256014_7.482592850103984_6.7858087620599985_7.4526490073.png,Kogi,20-30
6.760527255396016_8.21331932541_6.7904710982_8.21331932541.png,Kogi,20-30
6.767937319830001_7.6032429045340235_6.767937319830001_7.64815866874.png,Kogi,20-30
6.770836840658006_7.437677085898008_6.7858087620599985_7.4526490073.png,Kogi,20-30
6.775499176798008_8.168403561204023_6.7904710982_8.21331932541.png,Kogi,20-30
6.775499176798008_8.228291246811992_6.7904710982_8.21331932541.png,Kogi,20-30
6.7777593023774045_7.491386295892896_6.7858087620599985_7.4526490073.png,Kogi,20-30
6.782513867874024_7.477946154293983_6.82742963208_7.448002311489999.png,Kogi,20-30
6.782909241231993_7.693074432945976_6.767937319830001_7.64815866874.png,Kogi,20-30
6.783778374982222_7.647042665708292_6.767937319830001_7.64815866874.png,Kogi,20-30
6.7858087620599985_7.4077332430940235_6.7858087620599985_7.4526490073.png,Kogi,20-30
6.7858087620599985_7.4526490073_6.7858087620599985_7.4526490073.png,Kogi,20-30
6.789140932832544_7.683054892079694_6.767937319830001_7.64815866874.png,Kogi,20-30
6.7904710982_8.21331932541_6.7904710982_8.21331932541.png,Kogi,20-30
6.7904710982_8.243263168213984_6.7904710982_8.21331932541.png,Kogi,20-30
6.7904710982_8.258235089615976_6.7904710982_8.21331932541.png,Kogi,20-30
6.797485789276016_7.418058468686015_6.82742963208_7.448002311489999.png,Kogi,20-30
6.797485789276016_7.492918075695975_6.82742963208_7.448002311489999.png,Kogi,20-30
6.797881162633985_7.6032429045340235_6.767937319830001_7.64815866874.png,Kogi,20-30
6.797881162633985_7.678102511543984_6.767937319830001_7.64815866874.png,Kogi,20-30
6.800780683461991_7.467620928701992_6.7858087620599985_7.4526490073.png,Kogi,20-30
6.805443019601992_8.183375482606015_6.7904710982_8.21331932541.png,Kogi,20-30
6.805443019601992_8.243263168213984_6.7904710982_8.21331932541.png,Kogi,20-30
6.805443019601992_8.258235089615976_6.7904710982_8.21331932541.png,Kogi,20-30
6.812457710678008_7.403086547284023_6.82742963208_7.448002311489999.png,Kogi,20-30
6.812457710678008_7.448002311489999_6.82742963208_7.448002311489999.png,Kogi,20-30
6.812457710678008_7.462974232891991_6.82742963208_7.448002311489999.png,Kogi,20-30
6.812853084035977_7.6032429045340235_6.767937319830001_7.64815866874.png,Kogi,20-30
6.812853084035977_7.633186747338008_6.767937319830001_7.64815866874.png,Kogi,20-30
6.815752604863983_7.482592850103984_6.7858087620599985_7.4526490073.png,Kogi,20-30
6.8204149410039845_8.228291246811992_6.7904710982_8.21331932541.png,Kogi,20-30
6.8204149410039845_8.243263168213984_6.7904710982_8.21331932541.png,Kogi,20-30
6.82742963208_7.418058468686015_6.82742963208_7.448002311489999.png,Kogi,20-30
6.82742963208_7.448002311489999_6.82742963208_7.448002311489999.png,Kogi,20-30
6.82742963208_7.462974232891991_6.82742963208_7.448002311489999.png,Kogi,20-30
6.82742963208_7.477946154293983_6.82742963208_7.448002311489999.png,Kogi,20-30
6.830724526265975_7.422705164496016_6.7858087620599985_7.4526490073.png,Kogi,20-30
6.830724526265975_7.482592850103984_6.7858087620599985_7.4526490073.png,Kogi,20-30
6.835386862405977_8.168403561204023_6.7904710982_8.21331932541.png,Kogi,20-30
6.85052200156_8.415223723246015_6.85052200156_8.44516756605.png,Kogi,20-30
6.8573734748839845_7.448002311489999_6.82742963208_7.448002311489999.png,Kogi,20-30
6.865493922961992_8.44516756605_6.85052200156_8.44516756605.png,Kogi,20-30
6.876975880334023_7.435796540605975_6.92189164454_7.390880776399999.png,Kogi,20-30
6.880465844363984_8.400251801844023_6.85052200156_8.44516756605.png,Kogi,20-30
6.880465844363984_8.44516756605_6.85052200156_8.44516756605.png,Kogi,20-30
6.881680958474024_7.502787969356016_6.92659672268_7.532731812160001.png,Kogi,20-30
6.881680958474024_7.5177598907580085_6.92659672268_7.532731812160001.png,Kogi,20-30
6.881680958474024_7.547703733561993_6.92659672268_7.532731812160001.png,Kogi,20-30
6.881680958474024_7.577647576365977_6.92659672268_7.532731812160001.png,Kogi,20-30
6.881943436344023_7.284693618076016_6.926859200549999_7.31463746088.png,Kogi,20-30
6.891947801736015_7.360936933596014_6.92189164454_7.390880776399999.png,Kogi,20-30
6.896652879876016_7.487816047954024_6.92659672268_7.532731812160001.png,Kogi,20-30
6.896652879876016_7.5177598907580085_6.92659672268_7.532731812160001.png,Kogi,20-30
6.896652879876016_7.532731812160001_6.92659672268_7.532731812160001.png,Kogi,20-30
6.896652879876016_7.547703733561993_6.92659672268_7.532731812160001.png,Kogi,20-30
6.896652879876016_7.562675654963985_6.92659672268_7.532731812160001.png,Kogi,20-30
6.896915357746015_7.31463746088_6.926859200549999_7.31463746088.png,Kogi,20-30
6.896915357746015_7.3595532250859765_6.926859200549999_7.31463746088.png,Kogi,20-30
6.9069197231380075_7.3759088549980065_6.92189164454_7.390880776399999.png,Kogi,20-30
6.9069197231380075_7.390880776399999_6.92189164454_7.390880776399999.png,Kogi,20-30
6.911887279148007_7.269721696674024_6.926859200549999_7.31463746088.png,Kogi,20-30
6.911887279148007_7.344581303683984_6.926859200549999_7.31463746088.png,Kogi,20-30
6.919836692906017_7.508489622503984_6.949780535710001_7.4785457797.png,Kogi,20-30
6.919836692906017_7.523461543905976_6.949780535710001_7.4785457797.png,Kogi,20-30
6.92189164454_7.360936933596014_6.92189164454_7.390880776399999.png,Kogi,20-30
6.92189164454_7.390880776399999_6.92189164454_7.390880776399999.png,Kogi,20-30
6.92659672268_7.502787969356016_6.92659672268_7.532731812160001.png,Kogi,20-30
6.92659672268_7.532731812160001_6.92659672268_7.532731812160001.png,Kogi,20-30
6.926859200549999_7.269721696674024_6.926859200549999_7.31463746088.png,Kogi,20-30
6.926859200549999_7.299665539478008_6.926859200549999_7.31463746088.png,Kogi,20-30
6.929121251858313_7.4365095231665945_6.949780535710001_7.4785457797.png,Kogi,20-30
6.934808614308009_7.523461543905976_6.949780535710001_7.4785457797.png,Kogi,20-30
6.936863565941992_7.3759088549980065_6.92189164454_7.390880776399999.png,Kogi,20-30
6.936863565941992_7.390880776399999_6.92189164454_7.390880776399999.png,Kogi,20-30
6.941831121951991_7.299665539478008_6.926859200549999_7.31463746088.png,Kogi,20-30
6.941831121951991_7.344581303683984_6.926859200549999_7.31463746088.png,Kogi,20-30
6.941831121951991_7.3595532250859765_6.926859200549999_7.31463746088.png,Kogi,20-30
6.944334320024024_7.419783336876017_6.98925008423_7.449727179680001.png,Kogi,20-30
6.949780535710001_7.523461543905976_6.949780535710001_7.4785457797.png,Kogi,20-30
6.9565405654839845_7.5177598907580085_6.92659672268_7.532731812160001.png,Kogi,20-30
6.956803043353983_7.269721696674024_6.926859200549999_7.31463746088.png,Kogi,20-30
6.956803043353983_7.284693618076016_6.926859200549999_7.31463746088.png,Kogi,20-30
6.959306241426016_7.4048114154740245_6.98925008423_7.449727179680001.png,Kogi,20-30
6.959306241426016_7.434755258278009_6.98925008423_7.449727179680001.png,Kogi,20-30
6.959306241426016_7.494642943885977_6.98925008423_7.449727179680001.png,Kogi,20-30
6.96056842028762_7.504675052802166_6.949780535710001_7.4785457797.png,Kogi,20-30
6.964752457111993_7.523461543905976_6.949780535710001_7.4785457797.png,Kogi,20-30
6.966807408745976_7.405852697801991_6.92189164454_7.390880776399999.png,Kogi,20-30
6.966807408745976_7.420824619203983_6.92189164454_7.390880776399999.png,Kogi,20-30
6.966807408745976_7.435796540605975_6.92189164454_7.390880776399999.png,Kogi,20-30
6.974278162828008_7.434755258278009_6.98925008423_7.449727179680001.png,Kogi,20-30
6.974278162828008_7.449727179680001_6.98925008423_7.449727179680001.png,Kogi,20-30
6.9797243785139855_7.4785457797_6.949780535710001_7.4785457797.png,Kogi,20-30
6.979784240794023_7.870854586041992_7.024700005_7.85588266464.png,Kogi,20-30
6.98925008423_7.4048114154740245_6.98925008423_7.449727179680001.png,Kogi,20-30
6.994696299915978_7.433630015494024_6.949780535710001_7.4785457797.png,Kogi,20-30
6.994696299915978_7.448601936896016_6.949780535710001_7.4785457797.png,Kogi,20-30
6.9947561621960155_7.825938821836016_7.024700005_7.85588266464.png,Kogi,20-30
6.9947561621960155_7.85588266464_7.024700005_7.85588266464.png,Kogi,20-30
6.9947561621960155_7.885826507443984_7.024700005_7.85588266464.png,Kogi,20-30
7.004222005631992_7.419783336876017_6.98925008423_7.449727179680001.png,Kogi,20-30
7.009728083598008_7.825938821836016_7.024700005_7.85588266464.png,Kogi,20-30
7.009728083598008_7.840910743238008_7.024700005_7.85588266464.png,Kogi,20-30
7.009728083598008_7.870854586041992_7.024700005_7.85588266464.png,Kogi,20-30
7.019193927033984_7.434755258278009_6.98925008423_7.449727179680001.png,Kogi,20-30
7.024700005_7.85588266464_7.024700005_7.85588266464.png,Kogi,20-30
7.024700005_7.870854586041992_7.024700005_7.85588266464.png,Kogi,20-30
7.034165848435976_7.434755258278009_6.98925008423_7.449727179680001.png,Kogi,20-30
7.034165848435976_7.449727179680001_6.98925008423_7.449727179680001.png,Kogi,20-30
7.034165848435976_7.464699101081993_6.98925008423_7.449727179680001.png,Kogi,20-30
7.054643847803984_7.870854586041992_7.024700005_7.85588266464.png,Kogi,20-30
7.054643847803984_7.9007984288459765_7.024700005_7.85588266464.png,Kogi,20-30
7.0812576005660155_7.742460207010001_7.11120144337_7.742460207010001.png,Kogi,20-30
7.0812576005660155_7.787375971215977_7.11120144337_7.742460207010001.png,Kogi,20-30
7.0863276156540245_7.632227332974025_7.131243379860001_7.677143097180001.png,Kogi,20-30
7.0863276156540245_7.647199254376017_7.131243379860001_7.677143097180001.png,Kogi,20-30
7.096229521968008_7.697544442804024_7.11120144337_7.742460207010001.png,Kogi,20-30
7.096229521968008_7.772404049813985_7.11120144337_7.742460207010001.png,Kogi,20-30
7.101299537056017_7.632227332974025_7.131243379860001_7.677143097180001.png,Kogi,20-30
7.101299537056017_7.647199254376017_7.131243379860001_7.677143097180001.png,Kogi,20-30
7.101299537056017_7.662171175778009_7.131243379860001_7.677143097180001.png,Kogi,20-30
7.11120144337_7.7274882856080085_7.11120144337_7.742460207010001.png,Kogi,20-30
7.11120144337_7.742460207010001_7.11120144337_7.742460207010001.png,Kogi,20-30
7.116271458458009_7.647199254376017_7.131243379860001_7.677143097180001.png,Kogi,20-30
7.116271458458009_7.707086939983985_7.131243379860001_7.677143097180001.png,Kogi,20-30
7.126173364771992_7.7274882856080085_7.11120144337_7.742460207010001.png,Kogi,20-30
7.126173364771992_7.757432128411993_7.11120144337_7.742460207010001.png,Kogi,20-30
7.126173364771992_7.772404049813985_7.11120144337_7.742460207010001.png,Kogi,20-30
7.131243379860001_7.647199254376017_7.131243379860001_7.677143097180001.png,Kogi,20-30
7.131243379860001_7.692115018581993_7.131243379860001_7.677143097180001.png,Kogi,20-30
7.141145286173984_7.742460207010001_7.11120144337_7.742460207010001.png,Kogi,20-30
7.156117207575976_7.757432128411993_7.11120144337_7.742460207010001.png,Kogi,20-30
7.156117207575976_7.787375971215977_7.11120144337_7.742460207010001.png,Kogi,20-30
7.161187222663985_7.677143097180001_7.131243379860001_7.677143097180001.png,Kogi,20-30
7.176159144065977_7.662171175778009_7.131243379860001_7.677143097180001.png,Kogi,20-30
7.176159144065977_7.707086939983985_7.131243379860001_7.677143097180001.png,Kogi,20-30
7.179761287404023_7.730659306011993_7.22467705161_7.715687384610001.png,Kogi,20-30
7.179761287404023_7.745631227413985_7.22467705161_7.715687384610001.png,Kogi,20-30
7.193994858414023_7.191676208054024_7.23891062262_7.23659197226.png,Kogi,20-30
7.193994858414023_7.206648129456016_7.23891062262_7.23659197226.png,Kogi,20-30
7.193994858414023_7.221620050858008_7.23891062262_7.23659197226.png,Kogi,20-30
7.194733208806015_7.670771620404024_7.22467705161_7.715687384610001.png,Kogi,20-30
7.194733208806015_7.700715463208009_7.22467705161_7.715687384610001.png,Kogi,20-30
7.2097051302080075_7.700715463208009_7.22467705161_7.715687384610001.png,Kogi,20-30
7.2097051302080075_7.730659306011993_7.22467705161_7.715687384610001.png,Kogi,20-30
7.22467705161_7.670771620404024_7.22467705161_7.715687384610001.png,Kogi,20-30
7.22467705161_7.715687384610001_7.22467705161_7.715687384610001.png,Kogi,20-30
7.22467705161_7.760603148815977_7.22467705161_7.715687384610001.png,Kogi,20-30
7.23891062262_7.23659197226_7.23891062262_7.23659197226.png,Kogi,20-30
7.23891062262_7.251563893661992_7.23891062262_7.23659197226.png,Kogi,20-30
7.23891062262_7.2665358150639845_7.23891062262_7.23659197226.png,Kogi,20-30
7.23891062262_7.281507736465977_7.23891062262_7.23659197226.png,Kogi,20-30
7.253882544021992_7.281507736465977_7.23891062262_7.23659197226.png,Kogi,20-30
7.254620894413984_7.670771620404024_7.22467705161_7.715687384610001.png,Kogi,20-30
7.254620894413984_7.715687384610001_7.22467705161_7.715687384610001.png,Kogi,20-30
7.254620894413984_7.745631227413985_7.22467705161_7.715687384610001.png,Kogi,20-30
7.268854465423984_7.251563893661992_7.23891062262_7.23659197226.png,Kogi,20-30
7.268854465423984_7.281507736465977_7.23891062262_7.23659197226.png,Kogi,20-30
7.269592815815976_7.760603148815977_7.22467705161_7.715687384610001.png,Kogi,20-30
7.414047695934023_7.26950147266_7.45896346014_7.26950147266.png,Kogi,20-30
7.4290196173360155_7.26950147266_7.45896346014_7.26950147266.png,Kogi,20-30
7.443968456524025_7.6358626989780065_7.488884220730001_7.650834620379999.png,Kogi,20-30
7.443968456524025_7.650834620379999_7.488884220730001_7.650834620379999.png,Kogi,20-30
7.443968456524025_7.695750384585975_7.488884220730001_7.650834620379999.png,Kogi,20-30
7.45896346014_7.26950147266_7.45896346014_7.26950147266.png,Kogi,20-30
7.45896346014_7.314417236865976_7.45896346014_7.26950147266.png,Kogi,20-30
7.473912299328009_7.695750384585975_7.488884220730001_7.650834620379999.png,Kogi,20-30
7.473935381541992_7.284473394061992_7.45896346014_7.26950147266.png,Kogi,20-30
7.473935381541992_7.299445315463984_7.45896346014_7.26950147266.png,Kogi,20-30
7.473935381541992_7.314417236865976_7.45896346014_7.26950147266.png,Kogi,20-30
7.488884220730001_7.605918856174022_7.488884220730001_7.650834620379999.png,Kogi,20-30
7.488884220730001_7.650834620379999_7.488884220730001_7.650834620379999.png,Kogi,20-30
7.488907302943984_7.254529551258008_7.45896346014_7.26950147266.png,Kogi,20-30
7.488907302943984_7.26950147266_7.45896346014_7.26950147266.png,Kogi,20-30
7.4928977141471655_7.643528603190509_7.488884220730001_7.650834620379999.png,Kogi,20-30
7.498657065464024_7.569443715794024_7.54357282967_7.61435948.png,Kogi,20-30
7.503856142131993_7.6358626989780065_7.488884220730001_7.650834620379999.png,Kogi,20-30
7.503879224345976_7.224585708454024_7.45896346014_7.26950147266.png,Kogi,20-30
7.503879224345976_7.254529551258008_7.45896346014_7.26950147266.png,Kogi,20-30
7.503879224345976_7.314417236865976_7.45896346014_7.26950147266.png,Kogi,20-30
7.517723063560569_7.689810463145668_7.488884220730001_7.650834620379999.png,Kogi,20-30
7.518828063533985_7.6358626989780065_7.488884220730001_7.650834620379999.png,Kogi,20-30
7.518828063533985_7.680778463183983_7.488884220730001_7.650834620379999.png,Kogi,20-30
7.518828063533985_7.695750384585975_7.488884220730001_7.650834620379999.png,Kogi,20-30
7.519937837264023_7.626558322206016_7.564853601469999_7.65650216501.png,Kogi,20-30
7.519937837264023_7.65650216501_7.564853601469999_7.65650216501.png,Kogi,20-30
7.519937837264023_7.686446007813984_7.564853601469999_7.65650216501.png,Kogi,20-30
7.528600908268008_7.584415637196016_7.54357282967_7.61435948.png,Kogi,20-30
7.528600908268008_7.659275244205976_7.54357282967_7.61435948.png,Kogi,20-30
7.533799984935977_7.6358626989780065_7.488884220730001_7.650834620379999.png,Kogi,20-30
7.533799984935977_7.665806541781991_7.488884220730001_7.650834620379999.png,Kogi,20-30
7.534909758666015_7.686446007813984_7.564853601469999_7.65650216501.png,Kogi,20-30
7.534909758666015_7.701417929215976_7.564853601469999_7.65650216501.png,Kogi,20-30
7.54357282967_7.569443715794024_7.54357282967_7.61435948.png,Kogi,20-30
7.54357282967_7.584415637196016_7.54357282967_7.61435948.png,Kogi,20-30
7.54357282967_7.61435948_7.54357282967_7.61435948.png,Kogi,20-30
7.54357282967_7.644303322803984_7.54357282967_7.61435948.png,Kogi,20-30
7.549881680068007_7.686446007813984_7.564853601469999_7.65650216501.png,Kogi,20-30
7.5585447510719925_7.569443715794024_7.54357282967_7.61435948.png,Kogi,20-30
7.5585447510719925_7.61435948_7.54357282967_7.61435948.png,Kogi,20-30
7.5585447510719925_7.629331401401992_7.54357282967_7.61435948.png,Kogi,20-30
7.564853601469999_7.671474086411992_7.564853601469999_7.65650216501.png,Kogi,20-30
7.573516672473985_7.569443715794024_7.54357282967_7.61435948.png,Kogi,20-30
7.573516672473985_7.584415637196016_7.54357282967_7.61435948.png,Kogi,20-30
7.573516672473985_7.629331401401992_7.54357282967_7.61435948.png,Kogi,20-30
7.5798255228719915_7.611586400804024_7.564853601469999_7.65650216501.png,Kogi,20-30
7.5798255228719915_7.641530243608008_7.564853601469999_7.65650216501.png,Kogi,20-30
7.5798255228719915_7.701417929215976_7.564853601469999_7.65650216501.png,Kogi,20-30
7.594797444273984_7.641530243608008_7.564853601469999_7.65650216501.png,Kogi,20-30
7.594797444273984_7.671474086411992_7.564853601469999_7.65650216501.png,Kogi,20-30
7.594797444273984_7.686446007813984_7.564853601469999_7.65650216501.png,Kogi,20-30
7.625420364646016_7.267298944328009_7.65536420745_7.282270865730001.png,Kogi,20-30
7.640392286048008_7.267298944328009_7.65536420745_7.282270865730001.png,Kogi,20-30
7.65536420745_7.267298944328009_7.65536420745_7.282270865730001.png,Kogi,20-30
7.65536420745_7.282270865730001_7.65536420745_7.282270865730001.png,Kogi,20-30
7.65536420745_7.327186629935977_7.65536420745_7.282270865730001.png,Kogi,20-30
7.670336128851992_7.237355101524025_7.65536420745_7.282270865730001.png,Kogi,20-30
7.670336128851992_7.252327022926017_7.65536420745_7.282270865730001.png,Kogi,20-30
7.670336128851992_7.327186629935977_7.65536420745_7.282270865730001.png,Kogi,20-30
7.685308050253984_7.237355101524025_7.65536420745_7.282270865730001.png,Kogi,20-30
7.685308050253984_7.252327022926017_7.65536420745_7.282270865730001.png,Kogi,20-30
7.685308050253984_7.267298944328009_7.65536420745_7.282270865730001.png,Kogi,20-30
7.700279971655976_7.252327022926017_7.65536420745_7.282270865730001.png,Kogi,20-30
7.700279971655976_7.267298944328009_7.65536420745_7.282270865730001.png,Kogi,20-30
5.875388032024025_4.976059583821992_5.920303796230002_4.96108766242.png,Bayelsa,40-50
5.890359953426017_4.9161718982140235_5.920303796230002_4.96108766242.png,Bayelsa,40-50
5.890359953426017_4.991031505223984_5.920303796230002_4.96108766242.png,Bayelsa,40-50
5.9053318748280095_4.96108766242_5.920303796230002_4.96108766242.png,Bayelsa,40-50
5.9053318748280095_4.976059583821992_5.920303796230002_4.96108766242.png,Bayelsa,40-50
5.920303796230002_4.9161718982140235_5.920303796230002_4.96108766242.png,Bayelsa,40-50
5.950247639033986_4.9161718982140235_5.920303796230002_4.96108766242.png,Bayelsa,40-50
5.950247639033986_4.96108766242_5.920303796230002_4.96108766242.png,Bayelsa,40-50
5.950247639033986_4.991031505223984_5.920303796230002_4.96108766242.png,Bayelsa,40-50
5.965219560435978_4.9161718982140235_5.920303796230002_4.96108766242.png,Bayelsa,40-50
5.965219560435978_4.991031505223984_5.920303796230002_4.96108766242.png,Bayelsa,40-50
5.985898451186016_4.88254321566_6.0158422939900005_4.88254321566.png,Bayelsa,40-50
6.000870372588008_4.837627451454024_6.0158422939900005_4.88254321566.png,Bayelsa,40-50
6.000870372588008_4.867571294258008_6.0158422939900005_4.88254321566.png,Bayelsa,40-50
6.000870372588008_4.912487058463984_6.0158422939900005_4.88254321566.png,Bayelsa,40-50
6.0158422939900005_4.837627451454024_6.0158422939900005_4.88254321566.png,Bayelsa,40-50
6.0158422939900005_4.867571294258008_6.0158422939900005_4.88254321566.png,Bayelsa,40-50
6.0158422939900005_4.9274589798659765_6.0158422939900005_4.88254321566.png,Bayelsa,40-50
6.030814215391993_4.88254321566_6.0158422939900005_4.88254321566.png,Bayelsa,40-50
6.030814215391993_4.897515137061992_6.0158422939900005_4.88254321566.png,Bayelsa,40-50
6.060758058195977_4.852599372856016_6.0158422939900005_4.88254321566.png,Bayelsa,40-50
6.060758058195977_4.867571294258008_6.0158422939900005_4.88254321566.png,Bayelsa,40-50
6.060758058195977_4.88254321566_6.0158422939900005_4.88254321566.png,Bayelsa,40-50
6.159174994443815_5.042625020700108_6.19155497242_5.0614563003300015.png,Bayelsa,40-50
6.161611129616015_5.091400143133986_6.19155497242_5.0614563003300015.png,Bayelsa,40-50
6.174781985014023_4.628069795666015_6.219697749219999_4.658013638469999.png,Bayelsa,40-50
6.174781985014023_4.643041717068007_6.219697749219999_4.658013638469999.png,Bayelsa,40-50
6.174781985014023_4.687957481273983_6.219697749219999_4.658013638469999.png,Bayelsa,40-50
6.1765830510180075_5.031512457526017_6.19155497242_5.0614563003300015.png,Bayelsa,40-50
6.1765830510180075_5.046484378928009_6.19155497242_5.0614563003300015.png,Bayelsa,40-50
6.1765830510180075_5.0614563003300015_6.19155497242_5.0614563003300015.png,Bayelsa,40-50
6.1765830510180075_5.106372064535978_6.19155497242_5.0614563003300015.png,Bayelsa,40-50
6.19155497242_5.031512457526017_6.19155497242_5.0614563003300015.png,Bayelsa,40-50
6.19155497242_5.0614563003300015_6.19155497242_5.0614563003300015.png,Bayelsa,40-50
6.204725827818007_4.702929402675975_6.219697749219999_4.658013638469999.png,Bayelsa,40-50
6.206526893821992_5.016540536124025_6.19155497242_5.0614563003300015.png,Bayelsa,40-50
6.206526893821992_5.091400143133986_6.19155497242_5.0614563003300015.png,Bayelsa,40-50
6.221498815223984_5.076428221731994_6.19155497242_5.0614563003300015.png,Bayelsa,40-50
6.221498815223984_5.106372064535978_6.19155497242_5.0614563003300015.png,Bayelsa,40-50
6.229839353487368_4.665478495643335_6.219697749219999_4.658013638469999.png,Bayelsa,40-50
6.234669670621991_4.687957481273983_6.219697749219999_4.658013638469999.png,Bayelsa,40-50
6.236080318823066_5.076033484920725_6.19155497242_5.0614563003300015.png,Bayelsa,40-50
6.236470736625976_5.076428221731994_6.19155497242_5.0614563003300015.png,Bayelsa,40-50
6.241447408110144_4.676652939003193_6.219697749219999_4.658013638469999.png,Bayelsa,40-50
6.249641592023983_4.613097874264023_6.219697749219999_4.658013638469999.png,Bayelsa,40-50
6.249641592023983_4.672985559871991_6.219697749219999_4.658013638469999.png,Bayelsa,40-50
6.249641592023983_4.687957481273983_6.219697749219999_4.658013638469999.png,Bayelsa,40-50
6.264613513425975_4.613097874264023_6.219697749219999_4.658013638469999.png,Bayelsa,40-50
6.320183149884024_4.805409901491992_6.365098914090001_4.79043798009.png,Bayelsa,40-50
6.327143310434024_4.835369196175976_6.37205907464_4.79045343197.png,Bayelsa,40-50
6.3351550712860165_4.79043798009_6.365098914090001_4.79043798009.png,Bayelsa,40-50
6.3351550712860165_4.820381822893984_6.365098914090001_4.79043798009.png,Bayelsa,40-50
6.335870188714023_4.817071156573984_6.380785952919999_4.78712731377.png,Bayelsa,40-50
6.335870188714023_4.832043077975976_6.380785952919999_4.78712731377.png,Bayelsa,40-50
6.342115231836016_4.760509589166015_6.37205907464_4.79045343197.png,Bayelsa,40-50
6.350126992688009_4.760494137286016_6.365098914090001_4.79043798009.png,Bayelsa,40-50
6.350126992688009_4.775466058688008_6.365098914090001_4.79043798009.png,Bayelsa,40-50
6.350126992688009_4.805409901491992_6.365098914090001_4.79043798009.png,Bayelsa,40-50
6.350126992688009_4.820381822893984_6.365098914090001_4.79043798009.png,Bayelsa,40-50
6.350842110116015_4.78712731377_6.380785952919999_4.78712731377.png,Bayelsa,40-50
6.350842110116015_4.832043077975976_6.380785952919999_4.78712731377.png,Bayelsa,40-50
6.357087153238008_4.760509589166015_6.37205907464_4.79045343197.png,Bayelsa,40-50
6.357087153238008_4.79045343197_6.37205907464_4.79045343197.png,Bayelsa,40-50
6.365814031518007_4.817071156573984_6.380785952919999_4.78712731377.png,Bayelsa,40-50
6.380070835491993_4.820381822893984_6.365098914090001_4.79043798009.png,Bayelsa,40-50
6.380785952919999_4.78712731377_6.380785952919999_4.78712731377.png,Bayelsa,40-50
6.380785952919999_4.817071156573984_6.380785952919999_4.78712731377.png,Bayelsa,40-50
6.386411164754024_2.864504819998008_6.43132692896_2.8794767414.png,Bayelsa,40-50
6.386411164754024_2.8794767414_6.43132692896_2.8794767414.png,Bayelsa,40-50
6.386411164754024_2.9094205842039838_6.43132692896_2.8794767414.png,Bayelsa,40-50
6.387030996041992_4.745537667764023_6.37205907464_4.79045343197.png,Bayelsa,40-50
6.387030996041992_4.7754815105680075_6.37205907464_4.79045343197.png,Bayelsa,40-50
6.387030996041992_4.79045343197_6.37205907464_4.79045343197.png,Bayelsa,40-50
6.387030996041992_4.820397274773984_6.37205907464_4.79045343197.png,Bayelsa,40-50
6.395757874321991_4.832043077975976_6.380785952919999_4.78712731377.png,Bayelsa,40-50
6.401383086156016_2.849532898596016_6.43132692896_2.8794767414.png,Bayelsa,40-50
6.401383086156016_2.924392505605976_6.43132692896_2.8794767414.png,Bayelsa,40-50
6.401581924664024_3.260655514514024_6.44649768887_3.30557127872.png,Bayelsa,40-50
6.401581924664024_3.2756274359160162_6.44649768887_3.30557127872.png,Bayelsa,40-50
6.401581924664024_3.290599357318008_6.44649768887_3.30557127872.png,Bayelsa,40-50
6.401581924664024_3.30557127872_6.44649768887_3.30557127872.png,Bayelsa,40-50
6.401581924664024_3.320543200121992_6.44649768887_3.30557127872.png,Bayelsa,40-50
6.401581924664024_3.3355151215239838_6.44649768887_3.30557127872.png,Bayelsa,40-50
6.401581924664024_3.350487042925976_6.44649768887_3.30557127872.png,Bayelsa,40-50
6.402002917443984_4.760509589166015_6.37205907464_4.79045343197.png,Bayelsa,40-50
6.402002917443984_4.79045343197_6.37205907464_4.79045343197.png,Bayelsa,40-50
6.405816587344024_3.2820436242640243_6.45073235155_3.32695938847.png,Bayelsa,40-50
6.405816587344024_3.2970155456660164_6.45073235155_3.32695938847.png,Bayelsa,40-50
6.405816587344024_3.311987467068008_6.45073235155_3.32695938847.png,Bayelsa,40-50
6.405816587344024_3.371875152675976_6.45073235155_3.32695938847.png,Bayelsa,40-50
6.406721744509778_3.2894495805186637_6.44649768887_3.30557127872.png,Bayelsa,40-50
6.408064928243978_3.3024483073590654_6.44649768887_3.30557127872.png,Bayelsa,40-50
6.410014678295977_4.745522215884024_6.365098914090001_4.79043798009.png,Bayelsa,40-50
6.410632340214023_3.211180924405976_6.455548104419999_3.1662651602.png,Bayelsa,40-50
6.411370824594024_3.419484369444024_6.4562865888_3.46440013365.png,Bayelsa,40-50
6.411370824594024_3.434456290846016_6.4562865888_3.46440013365.png,Bayelsa,40-50
6.411370824594024_3.4494282122480078_6.4562865888_3.46440013365.png,Bayelsa,40-50
6.411370824594024_3.46440013365_6.4562865888_3.46440013365.png,Bayelsa,40-50
6.411370824594024_3.479372055051992_6.4562865888_3.46440013365.png,Bayelsa,40-50
6.411370824594024_3.4943439764539836_6.4562865888_3.46440013365.png,Bayelsa,40-50
6.411370824594024_3.5093158978559758_6.4562865888_3.46440013365.png,Bayelsa,40-50
6.416553846066016_3.260655514514024_6.44649768887_3.30557127872.png,Bayelsa,40-50
6.416553846066016_3.2756274359160162_6.44649768887_3.30557127872.png,Bayelsa,40-50
6.416553846066016_3.290599357318008_6.44649768887_3.30557127872.png,Bayelsa,40-50
6.416553846066016_3.30557127872_6.44649768887_3.30557127872.png,Bayelsa,40-50
6.420788508746016_3.2820436242640243_6.45073235155_3.32695938847.png,Bayelsa,40-50
6.420788508746016_3.2970155456660164_6.45073235155_3.32695938847.png,Bayelsa,40-50
6.420788508746016_3.311987467068008_6.45073235155_3.32695938847.png,Bayelsa,40-50
6.420788508746016_3.371875152675976_6.45073235155_3.32695938847.png,Bayelsa,40-50
6.423264413024024_3.5117014445740242_6.468180177230001_3.55661720878.png,Bayelsa,40-50
6.423264413024024_3.5266733659760163_6.468180177230001_3.55661720878.png,Bayelsa,40-50
6.423264413024024_3.541645287378008_6.468180177230001_3.55661720878.png,Bayelsa,40-50
6.423264413024024_3.55661720878_6.468180177230001_3.55661720878.png,Bayelsa,40-50
6.423264413024024_3.571589130181992_6.468180177230001_3.55661720878.png,Bayelsa,40-50
6.423264413024024_3.586561051583984_6.468180177230001_3.55661720878.png,Bayelsa,40-50
6.423264413024024_3.601532972985976_6.468180177230001_3.55661720878.png,Bayelsa,40-50
6.425604261616015_3.211180924405976_6.455548104419999_3.1662651602.png,Bayelsa,40-50
6.425701717125976_4.757183470966016_6.380785952919999_4.78712731377.png,Bayelsa,40-50
6.426342745996016_3.419484369444024_6.4562865888_3.46440013365.png,Bayelsa,40-50
6.426342745996016_3.479372055051992_6.4562865888_3.46440013365.png,Bayelsa,40-50
6.426342745996016_3.4943439764539836_6.4562865888_3.46440013365.png,Bayelsa,40-50
6.426342745996016_3.5093158978559758_6.4562865888_3.46440013365.png,Bayelsa,40-50
6.43132692896_2.924392505605976_6.43132692896_2.8794767414.png,Bayelsa,40-50
6.431525767468008_3.260655514514024_6.44649768887_3.30557127872.png,Bayelsa,40-50
6.431525767468008_3.2756274359160162_6.44649768887_3.30557127872.png,Bayelsa,40-50
6.431525767468008_3.290599357318008_6.44649768887_3.30557127872.png,Bayelsa,40-50
6.431525767468008_3.350487042925976_6.44649768887_3.30557127872.png,Bayelsa,40-50
6.431778452264023_3.35082050227_6.476694216469999_3.35082050227.png,Bayelsa,40-50
6.431778452264023_3.365792423671992_6.476694216469999_3.35082050227.png,Bayelsa,40-50
6.431778452264023_3.3807643450739837_6.476694216469999_3.35082050227.png,Bayelsa,40-50
6.431778452264023_3.395736266475976_6.476694216469999_3.35082050227.png,Bayelsa,40-50
6.435507911294023_3.13909598766_6.480423675499999_3.13909598766.png,Bayelsa,40-50
6.435507911294023_3.184011751865976_6.480423675499999_3.13909598766.png,Bayelsa,40-50
6.435760430148008_3.2820436242640243_6.45073235155_3.32695938847.png,Bayelsa,40-50
6.435760430148008_3.3419313098719923_6.45073235155_3.32695938847.png,Bayelsa,40-50
6.435760430148008_3.356903231273984_6.45073235155_3.32695938847.png,Bayelsa,40-50
6.435760430148008_3.371875152675976_6.45073235155_3.32695938847.png,Bayelsa,40-50
6.4382363344260165_3.5117014445740242_6.468180177230001_3.55661720878.png,Bayelsa,40-50
6.4382363344260165_3.541645287378008_6.468180177230001_3.55661720878.png,Bayelsa,40-50
6.4382363344260165_3.55661720878_6.468180177230001_3.55661720878.png,Bayelsa,40-50
6.4382363344260165_3.571589130181992_6.468180177230001_3.55661720878.png,Bayelsa,40-50
6.4382363344260165_3.586561051583984_6.468180177230001_3.55661720878.png,Bayelsa,40-50
6.4382363344260165_3.601532972985976_6.468180177230001_3.55661720878.png,Bayelsa,40-50
6.440576183018007_3.151293238798008_6.455548104419999_3.1662651602.png,Bayelsa,40-50
6.440576183018007_3.1662651602_6.455548104419999_3.1662651602.png,Bayelsa,40-50
6.440576183018007_3.211180924405976_6.455548104419999_3.1662651602.png,Bayelsa,40-50
6.441314667398008_3.419484369444024_6.4562865888_3.46440013365.png,Bayelsa,40-50
6.441314667398008_3.479372055051992_6.4562865888_3.46440013365.png,Bayelsa,40-50
6.441314667398008_3.4943439764539836_6.4562865888_3.46440013365.png,Bayelsa,40-50
6.441314667398008_3.5093158978559758_6.4562865888_3.46440013365.png,Bayelsa,40-50
6.4430115009351585_3.4774010808619953_6.4562865888_3.46440013365.png,Bayelsa,40-50
6.4440371855340235_3.2717317045340244_6.48895294974_3.3166474687400003.png,Bayelsa,40-50
6.4440371855340235_3.2867036259360165_6.48895294974_3.3166474687400003.png,Bayelsa,40-50
6.4440371855340235_3.346591311543984_6.48895294974_3.3166474687400003.png,Bayelsa,40-50
6.4440371855340235_3.361563232945976_6.48895294974_3.3166474687400003.png,Bayelsa,40-50
6.445481534634024_3.2756968166240243_6.4903972988400005_3.32061258083.png,Bayelsa,40-50
6.445481534634024_3.2906687380260164_6.4903972988400005_3.32061258083.png,Bayelsa,40-50
6.445481534634024_3.350556423633984_6.4903972988400005_3.32061258083.png,Bayelsa,40-50
6.445481534634024_3.365528345035976_6.4903972988400005_3.32061258083.png,Bayelsa,40-50
6.44649768887_3.260655514514024_6.44649768887_3.30557127872.png,Bayelsa,40-50
6.44649768887_3.2756274359160162_6.44649768887_3.30557127872.png,Bayelsa,40-50
6.44649768887_3.290599357318008_6.44649768887_3.30557127872.png,Bayelsa,40-50
6.44649768887_3.350487042925976_6.44649768887_3.30557127872.png,Bayelsa,40-50
6.446750373666015_3.35082050227_6.476694216469999_3.35082050227.png,Bayelsa,40-50
6.448046524714023_3.2739441098640243_6.492962288919999_3.31885987407.png,Bayelsa,40-50
6.448046524714023_3.2889160312660164_6.492962288919999_3.31885987407.png,Bayelsa,40-50
6.448046524714023_3.348803716873984_6.492962288919999_3.31885987407.png,Bayelsa,40-50
6.450479832696015_3.1540679090619923_6.480423675499999_3.13909598766.png,Bayelsa,40-50
6.450479832696015_3.184011751865976_6.480423675499999_3.13909598766.png,Bayelsa,40-50
6.45073235155_3.2820436242640243_6.45073235155_3.32695938847.png,Bayelsa,40-50
6.45073235155_3.3419313098719923_6.45073235155_3.32695938847.png,Bayelsa,40-50
6.45073235155_3.356903231273984_6.45073235155_3.32695938847.png,Bayelsa,40-50
6.451864592804023_3.271456871704024_6.49678035701_3.31637263591.png,Bayelsa,40-50
6.451864592804023_3.2864287931060163_6.49678035701_3.31637263591.png,Bayelsa,40-50
6.451864592804023_3.346316478713984_6.49678035701_3.31637263591.png,Bayelsa,40-50
6.451864592804023_3.361288400115976_6.49678035701_3.31637263591.png,Bayelsa,40-50
6.453208255828009_3.5266733659760163_6.468180177230001_3.55661720878.png,Bayelsa,40-50
6.453208255828009_3.541645287378008_6.468180177230001_3.55661720878.png,Bayelsa,40-50
6.453208255828009_3.55661720878_6.468180177230001_3.55661720878.png,Bayelsa,40-50
6.453208255828009_3.586561051583984_6.468180177230001_3.55661720878.png,Bayelsa,40-50
6.453208255828009_3.601532972985976_6.468180177230001_3.55661720878.png,Bayelsa,40-50
6.453461744284024_3.3441339482340244_6.49837750849_3.3890497124400003.png,Bayelsa,40-50
6.453461744284024_3.3591058696360165_6.49837750849_3.3890497124400003.png,Bayelsa,40-50
6.455548104419999_3.121349395994024_6.455548104419999_3.1662651602.png,Bayelsa,40-50
6.455548104419999_3.1363213173960163_6.455548104419999_3.1662651602.png,Bayelsa,40-50
6.455548104419999_3.181237081601992_6.455548104419999_3.1662651602.png,Bayelsa,40-50
6.455548104419999_3.196209003003984_6.455548104419999_3.1662651602.png,Bayelsa,40-50
6.456978485704023_3.196259881214024_6.501894249909999_3.24117564542.png,Bayelsa,40-50
6.456978485704023_3.211231802616016_6.501894249909999_3.24117564542.png,Bayelsa,40-50
6.456978485704023_3.2262037240180077_6.501894249909999_3.24117564542.png,Bayelsa,40-50
6.456978485704023_3.24117564542_6.501894249909999_3.24117564542.png,Bayelsa,40-50
6.456978485704023_3.256147566821992_6.501894249909999_3.24117564542.png,Bayelsa,40-50
6.456978485704023_3.2711194882239836_6.501894249909999_3.24117564542.png,Bayelsa,40-50
6.456978485704023_3.2860914096259757_6.501894249909999_3.24117564542.png,Bayelsa,40-50
6.457785325142939_3.34521225174154_6.45073235155_3.32695938847.png,Bayelsa,40-50
6.459009106936016_3.2717317045340244_6.48895294974_3.3166474687400003.png,Bayelsa,40-50
6.459009106936016_3.2867036259360165_6.48895294974_3.3166474687400003.png,Bayelsa,40-50
6.459009106936016_3.346591311543984_6.48895294974_3.3166474687400003.png,Bayelsa,40-50
6.459009106936016_3.361563232945976_6.48895294974_3.3166474687400003.png,Bayelsa,40-50
6.459431334864023_3.288282042914024_6.504347099069999_3.33319780712.png,Bayelsa,40-50
6.459431334864023_3.348169728521992_6.504347099069999_3.33319780712.png,Bayelsa,40-50
6.460453456036016_3.2756968166240243_6.4903972988400005_3.32061258083.png,Bayelsa,40-50
6.460453456036016_3.2906687380260164_6.4903972988400005_3.32061258083.png,Bayelsa,40-50
6.460453456036016_3.350556423633984_6.4903972988400005_3.32061258083.png,Bayelsa,40-50
6.461270771763984_2.834560977194024_6.43132692896_2.8794767414.png,Bayelsa,40-50
6.461469610271992_3.260655514514024_6.44649768887_3.30557127872.png,Bayelsa,40-50
6.461469610271992_3.2756274359160162_6.44649768887_3.30557127872.png,Bayelsa,40-50
6.461469610271992_3.290599357318008_6.44649768887_3.30557127872.png,Bayelsa,40-50
6.461469610271992_3.350487042925976_6.44649768887_3.30557127872.png,Bayelsa,40-50
6.461722295068007_3.35082050227_6.476694216469999_3.35082050227.png,Bayelsa,40-50
6.461835236454023_3.1870256199040243_6.50675100066_3.23194138411.png,Bayelsa,40-50
6.461835236454023_3.2019975413060164_6.50675100066_3.23194138411.png,Bayelsa,40-50
6.461835236454023_3.216969462708008_6.50675100066_3.23194138411.png,Bayelsa,40-50
6.461835236454023_3.23194138411_6.50675100066_3.23194138411.png,Bayelsa,40-50
6.461835236454023_3.2469133055119923_6.50675100066_3.23194138411.png,Bayelsa,40-50
6.461835236454023_3.261885226913984_6.50675100066_3.23194138411.png,Bayelsa,40-50
6.461835236454023_3.276857148315976_6.50675100066_3.23194138411.png,Bayelsa,40-50
6.462285474154024_3.1470988485540237_6.50720123836_3.1920146127599995.png,Bayelsa,40-50
6.462285474154024_3.1620707699560158_6.50720123836_3.1920146127599995.png,Bayelsa,40-50
6.462285474154024_3.1770426913580074_6.50720123836_3.1920146127599995.png,Bayelsa,40-50
6.462285474154024_3.1920146127599995_6.50720123836_3.1920146127599995.png,Bayelsa,40-50
6.462285474154024_3.2069865341619916_6.50720123836_3.1920146127599995.png,Bayelsa,40-50
6.462285474154024_3.2219584555639833_6.50720123836_3.1920146127599995.png,Bayelsa,40-50
6.462285474154024_3.2369303769659754_6.50720123836_3.1920146127599995.png,Bayelsa,40-50
6.463018446116015_3.2739441098640243_6.492962288919999_3.31885987407.png,Bayelsa,40-50
6.463018446116015_3.2889160312660164_6.492962288919999_3.31885987407.png,Bayelsa,40-50
6.463018446116015_3.348803716873984_6.492962288919999_3.31885987407.png,Bayelsa,40-50
6.463970904077288_3.2272386017665156_6.50675100066_3.23194138411.png,Bayelsa,40-50
6.464109673166016_4.696215387434024_6.49405351597_4.74113115164.png,Bayelsa,40-50
6.465451754098007_3.0941802234540243_6.480423675499999_3.13909598766.png,Bayelsa,40-50
6.465451754098007_3.1540679090619923_6.480423675499999_3.13909598766.png,Bayelsa,40-50
6.465704272951992_3.2820436242640243_6.45073235155_3.32695938847.png,Bayelsa,40-50
6.465704272951992_3.3419313098719923_6.45073235155_3.32695938847.png,Bayelsa,40-50
6.465704272951992_3.356903231273984_6.45073235155_3.32695938847.png,Bayelsa,40-50
6.466836514206015_3.271456871704024_6.49678035701_3.31637263591.png,Bayelsa,40-50
6.466836514206015_3.2864287931060163_6.49678035701_3.31637263591.png,Bayelsa,40-50
6.466836514206015_3.346316478713984_6.49678035701_3.31637263591.png,Bayelsa,40-50
6.466836514206015_3.361288400115976_6.49678035701_3.31637263591.png,Bayelsa,40-50
6.468180177230001_3.5117014445740242_6.468180177230001_3.55661720878.png,Bayelsa,40-50
6.468180177230001_3.5266733659760163_6.468180177230001_3.55661720878.png,Bayelsa,40-50
6.468180177230001_3.541645287378008_6.468180177230001_3.55661720878.png,Bayelsa,40-50
6.468180177230001_3.55661720878_6.468180177230001_3.55661720878.png,Bayelsa,40-50
6.468180177230001_3.571589130181992_6.468180177230001_3.55661720878.png,Bayelsa,40-50
6.468180177230001_3.586561051583984_6.468180177230001_3.55661720878.png,Bayelsa,40-50
6.468180177230001_3.601532972985976_6.468180177230001_3.55661720878.png,Bayelsa,40-50
6.468433665686016_3.3441339482340244_6.49837750849_3.3890497124400003.png,Bayelsa,40-50
6.468433665686016_3.3591058696360165_6.49837750849_3.3890497124400003.png,Bayelsa,40-50
6.468433665686016_3.374077791038008_6.49837750849_3.3890497124400003.png,Bayelsa,40-50
6.468925703895144_3.3508614591703196_6.504347099069999_3.33319780712.png,Bayelsa,40-50
6.47045416054756_3.21667580349358_6.50675100066_3.23194138411.png,Bayelsa,40-50
6.470508599286016_3.5669651395060162_6.50045244209_3.59690898231.png,Bayelsa,40-50
6.470508599286016_3.581937060908008_6.50045244209_3.59690898231.png,Bayelsa,40-50
6.470508599286016_3.59690898231_6.50045244209_3.59690898231.png,Bayelsa,40-50
6.470520025821991_3.121349395994024_6.455548104419999_3.1662651602.png,Bayelsa,40-50
6.470520025821991_3.1662651602_6.455548104419999_3.1662651602.png,Bayelsa,40-50
6.470551677024024_3.288079612774024_6.51546744123_3.33299537698.png,Bayelsa,40-50
6.470551677024024_3.347967298381992_6.51546744123_3.33299537698.png,Bayelsa,40-50
6.470551677024024_3.362939219783984_6.51546744123_3.33299537698.png,Bayelsa,40-50
6.470551677024024_3.377911141185976_6.51546744123_3.33299537698.png,Bayelsa,40-50
6.471258510201992_3.479372055051992_6.4562865888_3.46440013365.png,Bayelsa,40-50
6.471258510201992_3.4943439764539836_6.4562865888_3.46440013365.png,Bayelsa,40-50
6.471258510201992_3.5093158978559758_6.4562865888_3.46440013365.png,Bayelsa,40-50
6.471950407106015_3.196259881214024_6.501894249909999_3.24117564542.png,Bayelsa,40-50
6.471950407106015_3.211231802616016_6.501894249909999_3.24117564542.png,Bayelsa,40-50
6.471950407106015_3.2262037240180077_6.501894249909999_3.24117564542.png,Bayelsa,40-50
6.471950407106015_3.24117564542_6.501894249909999_3.24117564542.png,Bayelsa,40-50
6.471950407106015_3.256147566821992_6.501894249909999_3.24117564542.png,Bayelsa,40-50
6.471950407106015_3.2711194882239836_6.501894249909999_3.24117564542.png,Bayelsa,40-50
6.471950407106015_3.2860914096259757_6.501894249909999_3.24117564542.png,Bayelsa,40-50
6.473981028338008_3.2717317045340244_6.48895294974_3.3166474687400003.png,Bayelsa,40-50
6.473981028338008_3.2867036259360165_6.48895294974_3.3166474687400003.png,Bayelsa,40-50
6.473981028338008_3.346591311543984_6.48895294974_3.3166474687400003.png,Bayelsa,40-50
6.473981028338008_3.361563232945976_6.48895294974_3.3166474687400003.png,Bayelsa,40-50
6.474403256266015_3.288282042914024_6.504347099069999_3.33319780712.png,Bayelsa,40-50
6.474403256266015_3.348169728521992_6.504347099069999_3.33319780712.png,Bayelsa,40-50
6.474403256266015_3.3631416499239837_6.504347099069999_3.33319780712.png,Bayelsa,40-50
6.474403256266015_3.378113571325976_6.504347099069999_3.33319780712.png,Bayelsa,40-50
6.475425377438008_3.2756968166240243_6.4903972988400005_3.32061258083.png,Bayelsa,40-50
6.475425377438008_3.2906687380260164_6.4903972988400005_3.32061258083.png,Bayelsa,40-50
6.475425377438008_3.350556423633984_6.4903972988400005_3.32061258083.png,Bayelsa,40-50
6.475425377438008_3.365528345035976_6.4903972988400005_3.32061258083.png,Bayelsa,40-50
6.475592589953585_3.2089601060076416_6.50720123836_3.1920146127599995.png,Bayelsa,40-50
6.476242693165976_2.864504819998008_6.43132692896_2.8794767414.png,Bayelsa,40-50
6.476242693165976_2.8794767414_6.43132692896_2.8794767414.png,Bayelsa,40-50
6.476441531673984_3.260655514514024_6.44649768887_3.30557127872.png,Bayelsa,40-50
6.476441531673984_3.2756274359160162_6.44649768887_3.30557127872.png,Bayelsa,40-50
6.476441531673984_3.290599357318008_6.44649768887_3.30557127872.png,Bayelsa,40-50
6.476441531673984_3.350487042925976_6.44649768887_3.30557127872.png,Bayelsa,40-50
6.476694216469999_3.35082050227_6.476694216469999_3.35082050227.png,Bayelsa,40-50
6.476694216469999_3.365792423671992_6.476694216469999_3.35082050227.png,Bayelsa,40-50
6.476694216469999_3.3807643450739837_6.476694216469999_3.35082050227.png,Bayelsa,40-50
6.476791525783956_3.207254149635282_6.501894249909999_3.24117564542.png,Bayelsa,40-50
6.476807157856015_3.1870256199040243_6.50675100066_3.23194138411.png,Bayelsa,40-50
6.476807157856015_3.2019975413060164_6.50675100066_3.23194138411.png,Bayelsa,40-50
6.476807157856015_3.216969462708008_6.50675100066_3.23194138411.png,Bayelsa,40-50
6.476807157856015_3.23194138411_6.50675100066_3.23194138411.png,Bayelsa,40-50
6.476807157856015_3.2469133055119923_6.50675100066_3.23194138411.png,Bayelsa,40-50
6.476807157856015_3.261885226913984_6.50675100066_3.23194138411.png,Bayelsa,40-50
6.476807157856015_3.276857148315976_6.50675100066_3.23194138411.png,Bayelsa,40-50
6.477257395556016_3.1470988485540237_6.50720123836_3.1920146127599995.png,Bayelsa,40-50
6.477257395556016_3.1620707699560158_6.50720123836_3.1920146127599995.png,Bayelsa,40-50
6.477257395556016_3.1770426913580074_6.50720123836_3.1920146127599995.png,Bayelsa,40-50
6.477257395556016_3.1920146127599995_6.50720123836_3.1920146127599995.png,Bayelsa,40-50
6.477257395556016_3.2069865341619916_6.50720123836_3.1920146127599995.png,Bayelsa,40-50
6.477257395556016_3.2219584555639833_6.50720123836_3.1920146127599995.png,Bayelsa,40-50
6.477257395556016_3.2369303769659754_6.50720123836_3.1920146127599995.png,Bayelsa,40-50
6.477990367518007_3.2739441098640243_6.492962288919999_3.31885987407.png,Bayelsa,40-50
6.477990367518007_3.2889160312660164_6.492962288919999_3.31885987407.png,Bayelsa,40-50
6.477990367518007_3.348803716873984_6.492962288919999_3.31885987407.png,Bayelsa,40-50
6.477990367518007_3.363775638275976_6.492962288919999_3.31885987407.png,Bayelsa,40-50
6.479706065198367_3.189442303844006_6.50720123836_3.1920146127599995.png,Bayelsa,40-50
6.479749882044024_3.023160337734024_6.52466564625_3.06807610194.png,Bayelsa,40-50
6.479749882044024_3.0381322591360163_6.52466564625_3.06807610194.png,Bayelsa,40-50
6.479749882044024_3.053104180538008_6.52466564625_3.06807610194.png,Bayelsa,40-50
6.479749882044024_3.06807610194_6.52466564625_3.06807610194.png,Bayelsa,40-50
6.479749882044024_3.083048023341992_6.52466564625_3.06807610194.png,Bayelsa,40-50
6.479749882044024_3.098019944743984_6.52466564625_3.06807610194.png,Bayelsa,40-50
6.479749882044024_3.112991866145976_6.52466564625_3.06807610194.png,Bayelsa,40-50
6.480423675499999_3.184011751865976_6.480423675499999_3.13909598766.png,Bayelsa,40-50
6.480676194353984_3.2820436242640243_6.45073235155_3.32695938847.png,Bayelsa,40-50
6.480676194353984_3.3419313098719923_6.45073235155_3.32695938847.png,Bayelsa,40-50
6.480676194353984_3.356903231273984_6.45073235155_3.32695938847.png,Bayelsa,40-50
6.480676194353984_3.371875152675976_6.45073235155_3.32695938847.png,Bayelsa,40-50
6.4818084356080075_3.271456871704024_6.49678035701_3.31637263591.png,Bayelsa,40-50
6.4818084356080075_3.2864287931060163_6.49678035701_3.31637263591.png,Bayelsa,40-50
6.4818084356080075_3.346316478713984_6.49678035701_3.31637263591.png,Bayelsa,40-50
6.4818084356080075_3.361288400115976_6.49678035701_3.31637263591.png,Bayelsa,40-50
6.483152098631993_3.5117014445740242_6.468180177230001_3.55661720878.png,Bayelsa,40-50
6.483152098631993_3.5266733659760163_6.468180177230001_3.55661720878.png,Bayelsa,40-50
6.483152098631993_3.541645287378008_6.468180177230001_3.55661720878.png,Bayelsa,40-50
6.483152098631993_3.55661720878_6.468180177230001_3.55661720878.png,Bayelsa,40-50
6.483152098631993_3.571589130181992_6.468180177230001_3.55661720878.png,Bayelsa,40-50
6.483152098631993_3.586561051583984_6.468180177230001_3.55661720878.png,Bayelsa,40-50
6.483152098631993_3.601532972985976_6.468180177230001_3.55661720878.png,Bayelsa,40-50
6.483405587088008_3.3441339482340244_6.49837750849_3.3890497124400003.png,Bayelsa,40-50
6.483405587088008_3.3591058696360165_6.49837750849_3.3890497124400003.png,Bayelsa,40-50
6.483405587088008_3.374077791038008_6.49837750849_3.3890497124400003.png,Bayelsa,40-50
6.485480520688008_3.581937060908008_6.50045244209_3.59690898231.png,Bayelsa,40-50
6.485491947223983_3.211180924405976_6.455548104419999_3.1662651602.png,Bayelsa,40-50
6.485523598426016_3.288079612774024_6.51546744123_3.33299537698.png,Bayelsa,40-50
6.485523598426016_3.347967298381992_6.51546744123_3.33299537698.png,Bayelsa,40-50
6.485523598426016_3.362939219783984_6.51546744123_3.33299537698.png,Bayelsa,40-50
6.485523598426016_3.377911141185976_6.51546744123_3.33299537698.png,Bayelsa,40-50
6.4862304316039845_3.479372055051992_6.4562865888_3.46440013365.png,Bayelsa,40-50
6.4862304316039845_3.4943439764539836_6.4562865888_3.46440013365.png,Bayelsa,40-50
6.4862304316039845_3.5093158978559758_6.4562865888_3.46440013365.png,Bayelsa,40-50
6.486922328508007_3.196259881214024_6.501894249909999_3.24117564542.png,Bayelsa,40-50
6.486922328508007_3.211231802616016_6.501894249909999_3.24117564542.png,Bayelsa,40-50
6.486922328508007_3.2262037240180077_6.501894249909999_3.24117564542.png,Bayelsa,40-50
6.486922328508007_3.24117564542_6.501894249909999_3.24117564542.png,Bayelsa,40-50
6.486922328508007_3.256147566821992_6.501894249909999_3.24117564542.png,Bayelsa,40-50
6.486922328508007_3.2711194882239836_6.501894249909999_3.24117564542.png,Bayelsa,40-50
6.486922328508007_3.2860914096259757_6.501894249909999_3.24117564542.png,Bayelsa,40-50
6.486924323693224_3.052965976847343_6.52466564625_3.06807610194.png,Bayelsa,40-50
6.488322344732506_3.3448412992084364_6.49678035701_3.31637263591.png,Bayelsa,40-50
6.48895294974_3.2717317045340244_6.48895294974_3.3166474687400003.png,Bayelsa,40-50
6.48895294974_3.2867036259360165_6.48895294974_3.3166474687400003.png,Bayelsa,40-50
6.48895294974_3.346591311543984_6.48895294974_3.3166474687400003.png,Bayelsa,40-50
6.48895294974_3.361563232945976_6.48895294974_3.3166474687400003.png,Bayelsa,40-50
6.489375177668007_3.288282042914024_6.504347099069999_3.33319780712.png,Bayelsa,40-50
6.489375177668007_3.348169728521992_6.504347099069999_3.33319780712.png,Bayelsa,40-50
6.489375177668007_3.3631416499239837_6.504347099069999_3.33319780712.png,Bayelsa,40-50
6.489375177668007_3.378113571325976_6.504347099069999_3.33319780712.png,Bayelsa,40-50
6.4894186264540235_3.3426545327740245_6.53433439066_3.3875702969800003.png,Bayelsa,40-50
6.4894186264540235_3.3576264541760166_6.53433439066_3.3875702969800003.png,Bayelsa,40-50
6.4894186264540235_3.3725983755780082_6.53433439066_3.3875702969800003.png,Bayelsa,40-50
6.4903972988400005_3.2756968166240243_6.4903972988400005_3.32061258083.png,Bayelsa,40-50
6.4903972988400005_3.2906687380260164_6.4903972988400005_3.32061258083.png,Bayelsa,40-50
6.4903972988400005_3.32061258083_6.4903972988400005_3.32061258083.png,Bayelsa,40-50
6.4903972988400005_3.3355845022319923_6.4903972988400005_3.32061258083.png,Bayelsa,40-50
6.491413453075976_3.260655514514024_6.44649768887_3.30557127872.png,Bayelsa,40-50
6.491413453075976_3.2756274359160162_6.44649768887_3.30557127872.png,Bayelsa,40-50
6.491413453075976_3.290599357318008_6.44649768887_3.30557127872.png,Bayelsa,40-50
6.491413453075976_3.320543200121992_6.44649768887_3.30557127872.png,Bayelsa,40-50
6.491413453075976_3.3355151215239838_6.44649768887_3.30557127872.png,Bayelsa,40-50
6.4916661378719915_3.320876659466016_6.476694216469999_3.35082050227.png,Bayelsa,40-50
6.4916661378719915_3.335848580868008_6.476694216469999_3.35082050227.png,Bayelsa,40-50
6.4917790792580075_3.1870256199040243_6.50675100066_3.23194138411.png,Bayelsa,40-50
6.4917790792580075_3.2019975413060164_6.50675100066_3.23194138411.png,Bayelsa,40-50
6.4917790792580075_3.216969462708008_6.50675100066_3.23194138411.png,Bayelsa,40-50
6.4917790792580075_3.23194138411_6.50675100066_3.23194138411.png,Bayelsa,40-50
6.4917790792580075_3.2469133055119923_6.50675100066_3.23194138411.png,Bayelsa,40-50
6.4917790792580075_3.261885226913984_6.50675100066_3.23194138411.png,Bayelsa,40-50
6.4917790792580075_3.276857148315976_6.50675100066_3.23194138411.png,Bayelsa,40-50
6.492229316958008_3.1470988485540237_6.50720123836_3.1920146127599995.png,Bayelsa,40-50
6.492229316958008_3.1620707699560158_6.50720123836_3.1920146127599995.png,Bayelsa,40-50
6.492229316958008_3.1770426913580074_6.50720123836_3.1920146127599995.png,Bayelsa,40-50
6.492229316958008_3.1920146127599995_6.50720123836_3.1920146127599995.png,Bayelsa,40-50
6.492229316958008_3.2069865341619916_6.50720123836_3.1920146127599995.png,Bayelsa,40-50
6.492229316958008_3.2219584555639833_6.50720123836_3.1920146127599995.png,Bayelsa,40-50
6.492229316958008_3.2369303769659754_6.50720123836_3.1920146127599995.png,Bayelsa,40-50
6.492962288919999_3.2739441098640243_6.492962288919999_3.31885987407.png,Bayelsa,40-50
6.492962288919999_3.2889160312660164_6.492962288919999_3.31885987407.png,Bayelsa,40-50
6.492962288919999_3.31885987407_6.492962288919999_3.31885987407.png,Bayelsa,40-50
6.492962288919999_3.3338317954719923_6.492962288919999_3.31885987407.png,Bayelsa,40-50
6.49405351597_4.726159230238008_6.49405351597_4.74113115164.png,Bayelsa,40-50
6.494263402224024_3.52933696875_6.53917916643_3.52933696875.png,Bayelsa,40-50
6.494263402224024_3.559280811553984_6.53917916643_3.52933696875.png,Bayelsa,40-50
6.494721803446016_3.023160337734024_6.52466564625_3.06807610194.png,Bayelsa,40-50
6.494721803446016_3.0381322591360163_6.52466564625_3.06807610194.png,Bayelsa,40-50
6.494721803446016_3.053104180538008_6.52466564625_3.06807610194.png,Bayelsa,40-50
6.494721803446016_3.06807610194_6.52466564625_3.06807610194.png,Bayelsa,40-50
6.494721803446016_3.083048023341992_6.52466564625_3.06807610194.png,Bayelsa,40-50
6.494721803446016_3.098019944743984_6.52466564625_3.06807610194.png,Bayelsa,40-50
6.494721803446016_3.112991866145976_6.52466564625_3.06807610194.png,Bayelsa,40-50
6.495395596901991_3.1091521448560164_6.480423675499999_3.13909598766.png,Bayelsa,40-50
6.495395596901991_3.1540679090619923_6.480423675499999_3.13909598766.png,Bayelsa,40-50
6.4956481157559764_3.2820436242640243_6.45073235155_3.32695938847.png,Bayelsa,40-50
6.4956481157559764_3.32695938847_6.45073235155_3.32695938847.png,Bayelsa,40-50
6.49678035701_3.271456871704024_6.49678035701_3.31637263591.png,Bayelsa,40-50
6.49678035701_3.2864287931060163_6.49678035701_3.31637263591.png,Bayelsa,40-50
6.49678035701_3.331344557311992_6.49678035701_3.31637263591.png,Bayelsa,40-50
6.498124020033985_3.5117014445740242_6.468180177230001_3.55661720878.png,Bayelsa,40-50
6.498124020033985_3.5266733659760163_6.468180177230001_3.55661720878.png,Bayelsa,40-50
6.498124020033985_3.541645287378008_6.468180177230001_3.55661720878.png,Bayelsa,40-50
6.498124020033985_3.55661720878_6.468180177230001_3.55661720878.png,Bayelsa,40-50
6.498124020033985_3.571589130181992_6.468180177230001_3.55661720878.png,Bayelsa,40-50
6.499420652814024_3.326979431778008_6.54433641702_3.3419513531800003.png,Bayelsa,40-50
6.50045244209_3.551993218104024_6.50045244209_3.59690898231.png,Bayelsa,40-50
6.50045244209_3.611880903711992_6.50045244209_3.59690898231.png,Bayelsa,40-50
6.500495519828008_3.288079612774024_6.51546744123_3.33299537698.png,Bayelsa,40-50
6.500495519828008_3.318023455578008_6.51546744123_3.33299537698.png,Bayelsa,40-50
6.500495519828008_3.33299537698_6.51546744123_3.33299537698.png,Bayelsa,40-50
6.501202353005977_3.46440013365_6.4562865888_3.46440013365.png,Bayelsa,40-50
6.501202353005977_3.479372055051992_6.4562865888_3.46440013365.png,Bayelsa,40-50
6.501202353005977_3.4943439764539836_6.4562865888_3.46440013365.png,Bayelsa,40-50
6.501202353005977_3.5093158978559758_6.4562865888_3.46440013365.png,Bayelsa,40-50
6.501736190880001_4.725123471804023_6.501736190880001_4.77003923601.png,Bayelsa,40-50
6.501894249909999_3.196259881214024_6.501894249909999_3.24117564542.png,Bayelsa,40-50
6.501894249909999_3.211231802616016_6.501894249909999_3.24117564542.png,Bayelsa,40-50
6.501894249909999_3.2262037240180077_6.501894249909999_3.24117564542.png,Bayelsa,40-50
6.501894249909999_3.24117564542_6.501894249909999_3.24117564542.png,Bayelsa,40-50
6.501894249909999_3.256147566821992_6.501894249909999_3.24117564542.png,Bayelsa,40-50
6.501894249909999_3.2711194882239836_6.501894249909999_3.24117564542.png,Bayelsa,40-50
6.501894249909999_3.2860914096259757_6.501894249909999_3.24117564542.png,Bayelsa,40-50
6.503924871141992_3.2717317045340244_6.48895294974_3.3166474687400003.png,Bayelsa,40-50
6.503924871141992_3.2867036259360165_6.48895294974_3.3166474687400003.png,Bayelsa,40-50
6.503924871141992_3.3316193901419924_6.48895294974_3.3166474687400003.png,Bayelsa,40-50
6.504347099069999_3.288282042914024_6.504347099069999_3.33319780712.png,Bayelsa,40-50
6.504347099069999_3.318225885718008_6.504347099069999_3.33319780712.png,Bayelsa,40-50
6.504347099069999_3.33319780712_6.504347099069999_3.33319780712.png,Bayelsa,40-50
6.505369220241993_3.2756968166240243_6.4903972988400005_3.32061258083.png,Bayelsa,40-50
6.505369220241993_3.2906687380260164_6.4903972988400005_3.32061258083.png,Bayelsa,40-50
6.505369220241993_3.32061258083_6.4903972988400005_3.32061258083.png,Bayelsa,40-50
6.505369220241993_3.3355845022319923_6.4903972988400005_3.32061258083.png,Bayelsa,40-50
6.506638059273984_3.320876659466016_6.476694216469999_3.35082050227.png,Bayelsa,40-50
6.506638059273984_3.335848580868008_6.476694216469999_3.35082050227.png,Bayelsa,40-50
6.50675100066_3.1870256199040243_6.50675100066_3.23194138411.png,Bayelsa,40-50
6.50675100066_3.2019975413060164_6.50675100066_3.23194138411.png,Bayelsa,40-50
6.50675100066_3.216969462708008_6.50675100066_3.23194138411.png,Bayelsa,40-50
6.50675100066_3.23194138411_6.50675100066_3.23194138411.png,Bayelsa,40-50
6.50675100066_3.261885226913984_6.50675100066_3.23194138411.png,Bayelsa,40-50
6.50675100066_3.276857148315976_6.50675100066_3.23194138411.png,Bayelsa,40-50
6.50720123836_3.1470988485540237_6.50720123836_3.1920146127599995.png,Bayelsa,40-50
6.50720123836_3.1620707699560158_6.50720123836_3.1920146127599995.png,Bayelsa,40-50
6.50720123836_3.1770426913580074_6.50720123836_3.1920146127599995.png,Bayelsa,40-50
6.50720123836_3.1920146127599995_6.50720123836_3.1920146127599995.png,Bayelsa,40-50
6.50720123836_3.2069865341619916_6.50720123836_3.1920146127599995.png,Bayelsa,40-50
6.50720123836_3.2219584555639833_6.50720123836_3.1920146127599995.png,Bayelsa,40-50
6.50720123836_3.2369303769659754_6.50720123836_3.1920146127599995.png,Bayelsa,40-50
6.5079342103219915_3.2739441098640243_6.492962288919999_3.31885987407.png,Bayelsa,40-50
6.5079342103219915_3.2889160312660164_6.492962288919999_3.31885987407.png,Bayelsa,40-50
6.5079342103219915_3.31885987407_6.492962288919999_3.31885987407.png,Bayelsa,40-50
6.5079342103219915_3.3338317954719923_6.492962288919999_3.31885987407.png,Bayelsa,40-50
6.509025437371992_4.696215387434024_6.49405351597_4.74113115164.png,Bayelsa,40-50
6.509025437371992_4.711187308836016_6.49405351597_4.74113115164.png,Bayelsa,40-50
6.509235323626016_3.514365047348008_6.53917916643_3.52933696875.png,Bayelsa,40-50
6.509693724848008_3.023160337734024_6.52466564625_3.06807610194.png,Bayelsa,40-50
6.509693724848008_3.0381322591360163_6.52466564625_3.06807610194.png,Bayelsa,40-50
6.509693724848008_3.053104180538008_6.52466564625_3.06807610194.png,Bayelsa,40-50
6.509693724848008_3.06807610194_6.52466564625_3.06807610194.png,Bayelsa,40-50
6.509693724848008_3.083048023341992_6.52466564625_3.06807610194.png,Bayelsa,40-50
6.509693724848008_3.098019944743984_6.52466564625_3.06807610194.png,Bayelsa,40-50
6.509693724848008_3.112991866145976_6.52466564625_3.06807610194.png,Bayelsa,40-50
6.509873423281009_3.328290991490426_6.504347099069999_3.33319780712.png,Bayelsa,40-50
6.510367518303983_3.124124066258008_6.480423675499999_3.13909598766.png,Bayelsa,40-50
6.510367518303983_3.184011751865976_6.480423675499999_3.13909598766.png,Bayelsa,40-50
6.511752278411992_3.271456871704024_6.49678035701_3.31637263591.png,Bayelsa,40-50
6.511752278411992_3.2864287931060163_6.49678035701_3.31637263591.png,Bayelsa,40-50
6.511752278411992_3.331344557311992_6.49678035701_3.31637263591.png,Bayelsa,40-50
6.513095941435977_3.5117014445740242_6.468180177230001_3.55661720878.png,Bayelsa,40-50
6.513095941435977_3.5266733659760163_6.468180177230001_3.55661720878.png,Bayelsa,40-50
6.513095941435977_3.541645287378008_6.468180177230001_3.55661720878.png,Bayelsa,40-50
6.513095941435977_3.55661720878_6.468180177230001_3.55661720878.png,Bayelsa,40-50
6.513095941435977_3.571589130181992_6.468180177230001_3.55661720878.png,Bayelsa,40-50
6.513095941435977_3.586561051583984_6.468180177230001_3.55661720878.png,Bayelsa,40-50
6.513095941435977_3.601532972985976_6.468180177230001_3.55661720878.png,Bayelsa,40-50
6.513349429891992_3.3441339482340244_6.49837750849_3.3890497124400003.png,Bayelsa,40-50
6.513349429891992_3.3591058696360165_6.49837750849_3.3890497124400003.png,Bayelsa,40-50
6.513868932754409_3.0398175221623394_6.52466564625_3.06807610194.png,Bayelsa,40-50
6.514392574216016_3.2970355889740244_6.54433641702_3.3419513531800003.png,Bayelsa,40-50
6.514392574216016_3.3120075103760165_6.54433641702_3.3419513531800003.png,Bayelsa,40-50
6.514392574216016_3.326979431778008_6.54433641702_3.3419513531800003.png,Bayelsa,40-50
6.514392574216016_3.3419513531800003_6.54433641702_3.3419513531800003.png,Bayelsa,40-50
6.514392574216016_3.3569232745819924_6.54433641702_3.3419513531800003.png,Bayelsa,40-50
6.515424363491992_3.551993218104024_6.50045244209_3.59690898231.png,Bayelsa,40-50
6.515424363491992_3.611880903711992_6.50045244209_3.59690898231.png,Bayelsa,40-50
6.51546744123_3.288079612774024_6.51546744123_3.33299537698.png,Bayelsa,40-50
6.51546744123_3.3030515341760163_6.51546744123_3.33299537698.png,Bayelsa,40-50
6.51546744123_3.318023455578008_6.51546744123_3.33299537698.png,Bayelsa,40-50
6.51546744123_3.33299537698_6.51546744123_3.33299537698.png,Bayelsa,40-50
6.51546744123_3.347967298381992_6.51546744123_3.33299537698.png,Bayelsa,40-50
6.516671461396345_3.3528043418296147_6.476694216469999_3.35082050227.png,Bayelsa,40-50
6.516708112281993_4.725123471804023_6.501736190880001_4.77003923601.png,Bayelsa,40-50
6.5168661713119915_3.196259881214024_6.501894249909999_3.24117564542.png,Bayelsa,40-50
6.5168661713119915_3.211231802616016_6.501894249909999_3.24117564542.png,Bayelsa,40-50
6.5168661713119915_3.2262037240180077_6.501894249909999_3.24117564542.png,Bayelsa,40-50
6.5168661713119915_3.24117564542_6.501894249909999_3.24117564542.png,Bayelsa,40-50
6.5168661713119915_3.256147566821992_6.501894249909999_3.24117564542.png,Bayelsa,40-50
6.5168661713119915_3.2711194882239836_6.501894249909999_3.24117564542.png,Bayelsa,40-50
6.5168661713119915_3.2860914096259757_6.501894249909999_3.24117564542.png,Bayelsa,40-50
6.5170139276429415_3.3452621559500946_6.49837750849_3.3890497124400003.png,Bayelsa,40-50
6.518896792543984_3.2717317045340244_6.48895294974_3.3166474687400003.png,Bayelsa,40-50
6.518896792543984_3.2867036259360165_6.48895294974_3.3166474687400003.png,Bayelsa,40-50
6.518896792543984_3.301675547338008_6.48895294974_3.3166474687400003.png,Bayelsa,40-50
6.518896792543984_3.3166474687400003_6.48895294974_3.3166474687400003.png,Bayelsa,40-50
6.518896792543984_3.3316193901419924_6.48895294974_3.3166474687400003.png,Bayelsa,40-50
6.518896792543984_3.346591311543984_6.48895294974_3.3166474687400003.png,Bayelsa,40-50
6.518896792543984_3.361563232945976_6.48895294974_3.3166474687400003.png,Bayelsa,40-50
6.519006721766928_3.3558272121802113_6.53433439066_3.3875702969800003.png,Bayelsa,40-50
6.5193190204719915_3.288282042914024_6.504347099069999_3.33319780712.png,Bayelsa,40-50
6.5193190204719915_3.303253964316016_6.504347099069999_3.33319780712.png,Bayelsa,40-50
6.5193190204719915_3.318225885718008_6.504347099069999_3.33319780712.png,Bayelsa,40-50
6.5193190204719915_3.33319780712_6.504347099069999_3.33319780712.png,Bayelsa,40-50
6.5193190204719915_3.348169728521992_6.504347099069999_3.33319780712.png,Bayelsa,40-50
6.519362469258008_3.3426545327740245_6.53433439066_3.3875702969800003.png,Bayelsa,40-50
6.519362469258008_3.3576264541760166_6.53433439066_3.3875702969800003.png,Bayelsa,40-50
6.519395616526586_3.2730323081010275_6.48895294974_3.3166474687400003.png,Bayelsa,40-50
6.519843310558022_3.280852245695505_6.501894249909999_3.24117564542.png,Bayelsa,40-50
6.520341141643985_3.2756968166240243_6.4903972988400005_3.32061258083.png,Bayelsa,40-50
6.520341141643985_3.2906687380260164_6.4903972988400005_3.32061258083.png,Bayelsa,40-50
6.520341141643985_3.305640659428008_6.4903972988400005_3.32061258083.png,Bayelsa,40-50
6.520341141643985_3.32061258083_6.4903972988400005_3.32061258083.png,Bayelsa,40-50
6.520341141643985_3.3355845022319923_6.4903972988400005_3.32061258083.png,Bayelsa,40-50
6.520341141643985_3.350556423633984_6.4903972988400005_3.32061258083.png,Bayelsa,40-50
6.5210665706557505_3.320073159795777_6.51546744123_3.33299537698.png,Bayelsa,40-50
6.521609980675976_3.305904738064024_6.476694216469999_3.35082050227.png,Bayelsa,40-50
6.521609980675976_3.320876659466016_6.476694216469999_3.35082050227.png,Bayelsa,40-50
6.521609980675976_3.335848580868008_6.476694216469999_3.35082050227.png,Bayelsa,40-50
6.521609980675976_3.35082050227_6.476694216469999_3.35082050227.png,Bayelsa,40-50
6.521722922061992_3.1870256199040243_6.50675100066_3.23194138411.png,Bayelsa,40-50
6.521722922061992_3.2019975413060164_6.50675100066_3.23194138411.png,Bayelsa,40-50
6.521722922061992_3.216969462708008_6.50675100066_3.23194138411.png,Bayelsa,40-50
6.521722922061992_3.23194138411_6.50675100066_3.23194138411.png,Bayelsa,40-50
6.521722922061992_3.2469133055119923_6.50675100066_3.23194138411.png,Bayelsa,40-50
6.521722922061992_3.261885226913984_6.50675100066_3.23194138411.png,Bayelsa,40-50
6.521722922061992_3.276857148315976_6.50675100066_3.23194138411.png,Bayelsa,40-50
6.5221731597619925_3.1470988485540237_6.50720123836_3.1920146127599995.png,Bayelsa,40-50
6.5221731597619925_3.1620707699560158_6.50720123836_3.1920146127599995.png,Bayelsa,40-50
6.5221731597619925_3.1770426913580074_6.50720123836_3.1920146127599995.png,Bayelsa,40-50
6.5221731597619925_3.1920146127599995_6.50720123836_3.1920146127599995.png,Bayelsa,40-50
6.5221731597619925_3.2069865341619916_6.50720123836_3.1920146127599995.png,Bayelsa,40-50
6.5221731597619925_3.2219584555639833_6.50720123836_3.1920146127599995.png,Bayelsa,40-50
6.5221731597619925_3.2369303769659754_6.50720123836_3.1920146127599995.png,Bayelsa,40-50
6.522906131723984_3.2739441098640243_6.492962288919999_3.31885987407.png,Bayelsa,40-50
6.522906131723984_3.2889160312660164_6.492962288919999_3.31885987407.png,Bayelsa,40-50
6.522906131723984_3.303887952668008_6.492962288919999_3.31885987407.png,Bayelsa,40-50
6.522906131723984_3.31885987407_6.492962288919999_3.31885987407.png,Bayelsa,40-50
6.522906131723984_3.3338317954719923_6.492962288919999_3.31885987407.png,Bayelsa,40-50
6.522906131723984_3.348803716873984_6.492962288919999_3.31885987407.png,Bayelsa,40-50
6.523997358773984_4.696215387434024_6.49405351597_4.74113115164.png,Bayelsa,40-50
6.524207245028008_3.484421204544024_6.53917916643_3.52933696875.png,Bayelsa,40-50
6.524207245028008_3.4993931259460163_6.53917916643_3.52933696875.png,Bayelsa,40-50
6.524207245028008_3.52933696875_6.53917916643_3.52933696875.png,Bayelsa,40-50
6.524207245028008_3.559280811553984_6.53917916643_3.52933696875.png,Bayelsa,40-50
6.524207245028008_3.574252732955976_6.53917916643_3.52933696875.png,Bayelsa,40-50
6.52466564625_3.023160337734024_6.52466564625_3.06807610194.png,Bayelsa,40-50
6.52466564625_3.0381322591360163_6.52466564625_3.06807610194.png,Bayelsa,40-50
6.52466564625_3.053104180538008_6.52466564625_3.06807610194.png,Bayelsa,40-50
6.52466564625_3.06807610194_6.52466564625_3.06807610194.png,Bayelsa,40-50
6.52466564625_3.083048023341992_6.52466564625_3.06807610194.png,Bayelsa,40-50
6.52466564625_3.098019944743984_6.52466564625_3.06807610194.png,Bayelsa,40-50
6.52466564625_3.112991866145976_6.52466564625_3.06807610194.png,Bayelsa,40-50
6.525339439705975_3.169039830463984_6.480423675499999_3.13909598766.png,Bayelsa,40-50
6.525675179544461_3.316943336384598_6.492962288919999_3.31885987407.png,Bayelsa,40-50
6.526724199813984_3.271456871704024_6.49678035701_3.31637263591.png,Bayelsa,40-50
6.526724199813984_3.2864287931060163_6.49678035701_3.31637263591.png,Bayelsa,40-50
6.526724199813984_3.301400714508008_6.49678035701_3.31637263591.png,Bayelsa,40-50
6.526724199813984_3.31637263591_6.49678035701_3.31637263591.png,Bayelsa,40-50
6.526724199813984_3.331344557311992_6.49678035701_3.31637263591.png,Bayelsa,40-50
6.526724199813984_3.346316478713984_6.49678035701_3.31637263591.png,Bayelsa,40-50
6.526724199813984_3.361288400115976_6.49678035701_3.31637263591.png,Bayelsa,40-50
6.527452823015547_3.3390584746691627_6.492962288919999_3.31885987407.png,Bayelsa,40-50
6.528321351293984_3.3441339482340244_6.49837750849_3.3890497124400003.png,Bayelsa,40-50
6.528321351293984_3.3591058696360165_6.49837750849_3.3890497124400003.png,Bayelsa,40-50
6.529364495618008_3.2970355889740244_6.54433641702_3.3419513531800003.png,Bayelsa,40-50
6.529364495618008_3.3120075103760165_6.54433641702_3.3419513531800003.png,Bayelsa,40-50
6.529364495618008_3.326979431778008_6.54433641702_3.3419513531800003.png,Bayelsa,40-50
6.529364495618008_3.3419513531800003_6.54433641702_3.3419513531800003.png,Bayelsa,40-50
6.529364495618008_3.3569232745819924_6.54433641702_3.3419513531800003.png,Bayelsa,40-50
6.5303962848939845_3.551993218104024_6.50045244209_3.59690898231.png,Bayelsa,40-50
6.5303962848939845_3.641824746515976_6.50045244209_3.59690898231.png,Bayelsa,40-50
6.530439362631992_3.288079612774024_6.51546744123_3.33299537698.png,Bayelsa,40-50
6.530439362631992_3.3030515341760163_6.51546744123_3.33299537698.png,Bayelsa,40-50
6.530439362631992_3.318023455578008_6.51546744123_3.33299537698.png,Bayelsa,40-50
6.530439362631992_3.33299537698_6.51546744123_3.33299537698.png,Bayelsa,40-50
6.530439362631992_3.347967298381992_6.51546744123_3.33299537698.png,Bayelsa,40-50
6.531680033683985_4.7400953932060155_6.501736190880001_4.77003923601.png,Bayelsa,40-50
6.531838092713984_3.196259881214024_6.501894249909999_3.24117564542.png,Bayelsa,40-50
6.531838092713984_3.211231802616016_6.501894249909999_3.24117564542.png,Bayelsa,40-50
6.531838092713984_3.2262037240180077_6.501894249909999_3.24117564542.png,Bayelsa,40-50
6.531838092713984_3.24117564542_6.501894249909999_3.24117564542.png,Bayelsa,40-50
6.531838092713984_3.256147566821992_6.501894249909999_3.24117564542.png,Bayelsa,40-50
6.531838092713984_3.2711194882239836_6.501894249909999_3.24117564542.png,Bayelsa,40-50
6.531838092713984_3.2860914096259757_6.501894249909999_3.24117564542.png,Bayelsa,40-50
6.533037630097301_3.2740909068225563_6.48895294974_3.3166474687400003.png,Bayelsa,40-50
6.533868713945976_3.2717317045340244_6.48895294974_3.3166474687400003.png,Bayelsa,40-50
6.533868713945976_3.2867036259360165_6.48895294974_3.3166474687400003.png,Bayelsa,40-50
6.533868713945976_3.301675547338008_6.48895294974_3.3166474687400003.png,Bayelsa,40-50
6.533868713945976_3.3166474687400003_6.48895294974_3.3166474687400003.png,Bayelsa,40-50
6.533868713945976_3.3316193901419924_6.48895294974_3.3166474687400003.png,Bayelsa,40-50
6.534290941873984_3.288282042914024_6.504347099069999_3.33319780712.png,Bayelsa,40-50
6.534290941873984_3.303253964316016_6.504347099069999_3.33319780712.png,Bayelsa,40-50
6.534290941873984_3.318225885718008_6.504347099069999_3.33319780712.png,Bayelsa,40-50
6.534290941873984_3.33319780712_6.504347099069999_3.33319780712.png,Bayelsa,40-50
6.535313063045977_3.2756968166240243_6.4903972988400005_3.32061258083.png,Bayelsa,40-50
6.535313063045977_3.2906687380260164_6.4903972988400005_3.32061258083.png,Bayelsa,40-50
6.535313063045977_3.305640659428008_6.4903972988400005_3.32061258083.png,Bayelsa,40-50
6.535313063045977_3.32061258083_6.4903972988400005_3.32061258083.png,Bayelsa,40-50
6.535313063045977_3.3355845022319923_6.4903972988400005_3.32061258083.png,Bayelsa,40-50
6.536694843463984_3.1870256199040243_6.50675100066_3.23194138411.png,Bayelsa,40-50
6.536694843463984_3.216969462708008_6.50675100066_3.23194138411.png,Bayelsa,40-50
6.536694843463984_3.23194138411_6.50675100066_3.23194138411.png,Bayelsa,40-50
6.536694843463984_3.2469133055119923_6.50675100066_3.23194138411.png,Bayelsa,40-50
6.536694843463984_3.261885226913984_6.50675100066_3.23194138411.png,Bayelsa,40-50
6.536694843463984_3.276857148315976_6.50675100066_3.23194138411.png,Bayelsa,40-50
6.537145081163985_3.1470988485540237_6.50720123836_3.1920146127599995.png,Bayelsa,40-50
6.537145081163985_3.1620707699560158_6.50720123836_3.1920146127599995.png,Bayelsa,40-50
6.537145081163985_3.1770426913580074_6.50720123836_3.1920146127599995.png,Bayelsa,40-50
6.537145081163985_3.1920146127599995_6.50720123836_3.1920146127599995.png,Bayelsa,40-50
6.537145081163985_3.2069865341619916_6.50720123836_3.1920146127599995.png,Bayelsa,40-50
6.537145081163985_3.2219584555639833_6.50720123836_3.1920146127599995.png,Bayelsa,40-50
6.537145081163985_3.2369303769659754_6.50720123836_3.1920146127599995.png,Bayelsa,40-50
6.537878053125976_3.2739441098640243_6.492962288919999_3.31885987407.png,Bayelsa,40-50
6.537878053125976_3.2889160312660164_6.492962288919999_3.31885987407.png,Bayelsa,40-50
6.537878053125976_3.303887952668008_6.492962288919999_3.31885987407.png,Bayelsa,40-50
6.537878053125976_3.31885987407_6.492962288919999_3.31885987407.png,Bayelsa,40-50
6.537878053125976_3.3338317954719923_6.492962288919999_3.31885987407.png,Bayelsa,40-50
6.5389692801759765_4.726159230238008_6.49405351597_4.74113115164.png,Bayelsa,40-50
6.53917916643_3.484421204544024_6.53917916643_3.52933696875.png,Bayelsa,40-50
6.53917916643_3.574252732955976_6.53917916643_3.52933696875.png,Bayelsa,40-50
6.539637567651992_3.023160337734024_6.52466564625_3.06807610194.png,Bayelsa,40-50
6.539637567651992_3.0381322591360163_6.52466564625_3.06807610194.png,Bayelsa,40-50
6.539637567651992_3.053104180538008_6.52466564625_3.06807610194.png,Bayelsa,40-50
6.539637567651992_3.06807610194_6.52466564625_3.06807610194.png,Bayelsa,40-50
6.539637567651992_3.083048023341992_6.52466564625_3.06807610194.png,Bayelsa,40-50
6.539637567651992_3.098019944743984_6.52466564625_3.06807610194.png,Bayelsa,40-50
6.539637567651992_3.112991866145976_6.52466564625_3.06807610194.png,Bayelsa,40-50
6.5412896783240235_3.183609751324024_6.58620544253_3.22852551553.png,Bayelsa,40-50
6.5412896783240235_3.198581672726016_6.58620544253_3.22852551553.png,Bayelsa,40-50
6.5412896783240235_3.213553594128008_6.58620544253_3.22852551553.png,Bayelsa,40-50
6.5412896783240235_3.22852551553_6.58620544253_3.22852551553.png,Bayelsa,40-50
6.5412896783240235_3.243497436931992_6.58620544253_3.22852551553.png,Bayelsa,40-50
6.5412896783240235_3.2584693583339837_6.58620544253_3.22852551553.png,Bayelsa,40-50
6.5412896783240235_3.2734412797359758_6.58620544253_3.22852551553.png,Bayelsa,40-50
6.541696121215976_3.271456871704024_6.49678035701_3.31637263591.png,Bayelsa,40-50
6.541696121215976_3.2864287931060163_6.49678035701_3.31637263591.png,Bayelsa,40-50
6.541696121215976_3.301400714508008_6.49678035701_3.31637263591.png,Bayelsa,40-50
6.541696121215976_3.31637263591_6.49678035701_3.31637263591.png,Bayelsa,40-50
6.541696121215976_3.331344557311992_6.49678035701_3.31637263591.png,Bayelsa,40-50
6.542665265559749_3.1899867551228045_6.58620544253_3.22852551553.png,Bayelsa,40-50
6.543993772714023_3.333786314074024_6.588909536919999_3.37870207828.png,Bayelsa,40-50
6.54433641702_3.2970355889740244_6.54433641702_3.3419513531800003.png,Bayelsa,40-50
6.54433641702_3.3120075103760165_6.54433641702_3.3419513531800003.png,Bayelsa,40-50
6.54433641702_3.326979431778008_6.54433641702_3.3419513531800003.png,Bayelsa,40-50
6.545368206295977_3.5669651395060162_6.50045244209_3.59690898231.png,Bayelsa,40-50
6.545368206295977_3.611880903711992_6.50045244209_3.59690898231.png,Bayelsa,40-50
6.545411284033984_3.288079612774024_6.51546744123_3.33299537698.png,Bayelsa,40-50
6.545411284033984_3.3030515341760163_6.51546744123_3.33299537698.png,Bayelsa,40-50
6.545411284033984_3.318023455578008_6.51546744123_3.33299537698.png,Bayelsa,40-50
6.545411284033984_3.33299537698_6.51546744123_3.33299537698.png,Bayelsa,40-50
6.546651955085977_4.725123471804023_6.501736190880001_4.77003923601.png,Bayelsa,40-50
6.546810014115976_3.196259881214024_6.501894249909999_3.24117564542.png,Bayelsa,40-50
6.546810014115976_3.211231802616016_6.501894249909999_3.24117564542.png,Bayelsa,40-50
6.546810014115976_3.2262037240180077_6.501894249909999_3.24117564542.png,Bayelsa,40-50
6.546810014115976_3.24117564542_6.501894249909999_3.24117564542.png,Bayelsa,40-50
6.546810014115976_3.256147566821992_6.501894249909999_3.24117564542.png,Bayelsa,40-50
6.546810014115976_3.2711194882239836_6.501894249909999_3.24117564542.png,Bayelsa,40-50
6.546810014115976_3.2860914096259757_6.501894249909999_3.24117564542.png,Bayelsa,40-50
6.549262863275976_3.288282042914024_6.504347099069999_3.33319780712.png,Bayelsa,40-50
6.549262863275976_3.303253964316016_6.504347099069999_3.33319780712.png,Bayelsa,40-50
6.549262863275976_3.318225885718008_6.504347099069999_3.33319780712.png,Bayelsa,40-50
6.549262863275976_3.33319780712_6.504347099069999_3.33319780712.png,Bayelsa,40-50
6.551666764865976_3.1870256199040243_6.50675100066_3.23194138411.png,Bayelsa,40-50
6.551666764865976_3.2019975413060164_6.50675100066_3.23194138411.png,Bayelsa,40-50
6.551666764865976_3.216969462708008_6.50675100066_3.23194138411.png,Bayelsa,40-50
6.551666764865976_3.23194138411_6.50675100066_3.23194138411.png,Bayelsa,40-50
6.551666764865976_3.2469133055119923_6.50675100066_3.23194138411.png,Bayelsa,40-50
6.551666764865976_3.261885226913984_6.50675100066_3.23194138411.png,Bayelsa,40-50
6.551666764865976_3.276857148315976_6.50675100066_3.23194138411.png,Bayelsa,40-50
6.552117002565977_3.1470988485540237_6.50720123836_3.1920146127599995.png,Bayelsa,40-50
6.552117002565977_3.1620707699560158_6.50720123836_3.1920146127599995.png,Bayelsa,40-50
6.552117002565977_3.1770426913580074_6.50720123836_3.1920146127599995.png,Bayelsa,40-50
6.552117002565977_3.1920146127599995_6.50720123836_3.1920146127599995.png,Bayelsa,40-50
6.552117002565977_3.2069865341619916_6.50720123836_3.1920146127599995.png,Bayelsa,40-50
6.552117002565977_3.2219584555639833_6.50720123836_3.1920146127599995.png,Bayelsa,40-50
6.552117002565977_3.2369303769659754_6.50720123836_3.1920146127599995.png,Bayelsa,40-50
6.553862450814022_3.2554523538940243_6.5987782150199985_3.3003681181.png,Bayelsa,40-50
6.553862450814022_3.2704242752960164_6.5987782150199985_3.3003681181.png,Bayelsa,40-50
6.553862450814022_3.285396196698008_6.5987782150199985_3.3003681181.png,Bayelsa,40-50
6.553862450814022_3.3003681181_6.5987782150199985_3.3003681181.png,Bayelsa,40-50
6.553862450814022_3.3153400395019923_6.5987782150199985_3.3003681181.png,Bayelsa,40-50
6.553862450814022_3.330311960903984_6.5987782150199985_3.3003681181.png,Bayelsa,40-50
6.554027420784024_3.2833837804240242_6.59894318499_3.32829954463.png,Bayelsa,40-50
6.554027420784024_3.2983557018260163_6.59894318499_3.32829954463.png,Bayelsa,40-50
6.554027420784024_3.313327623228008_6.59894318499_3.32829954463.png,Bayelsa,40-50
6.554027420784024_3.32829954463_6.59894318499_3.32829954463.png,Bayelsa,40-50
6.554609489053984_3.023160337734024_6.52466564625_3.06807610194.png,Bayelsa,40-50
6.554609489053984_3.0381322591360163_6.52466564625_3.06807610194.png,Bayelsa,40-50
6.554609489053984_3.053104180538008_6.52466564625_3.06807610194.png,Bayelsa,40-50
6.554609489053984_3.06807610194_6.52466564625_3.06807610194.png,Bayelsa,40-50
6.554609489053984_3.083048023341992_6.52466564625_3.06807610194.png,Bayelsa,40-50
6.554609489053984_3.098019944743984_6.52466564625_3.06807610194.png,Bayelsa,40-50
6.554609489053984_3.112991866145976_6.52466564625_3.06807610194.png,Bayelsa,40-50
6.556147980314024_3.263013961824024_6.60106374452_3.30792972603.png,Bayelsa,40-50
6.556147980314024_3.277985883226016_6.60106374452_3.30792972603.png,Bayelsa,40-50
6.556147980314024_3.2929578046280077_6.60106374452_3.30792972603.png,Bayelsa,40-50
6.556147980314024_3.30792972603_6.60106374452_3.30792972603.png,Bayelsa,40-50
6.556147980314024_3.322901647431992_6.60106374452_3.30792972603.png,Bayelsa,40-50
6.556147980314024_3.3378735688339836_6.60106374452_3.30792972603.png,Bayelsa,40-50
6.556261599726016_3.183609751324024_6.58620544253_3.22852551553.png,Bayelsa,40-50
6.556261599726016_3.198581672726016_6.58620544253_3.22852551553.png,Bayelsa,40-50
6.556261599726016_3.213553594128008_6.58620544253_3.22852551553.png,Bayelsa,40-50
6.556261599726016_3.22852551553_6.58620544253_3.22852551553.png,Bayelsa,40-50
6.556261599726016_3.243497436931992_6.58620544253_3.22852551553.png,Bayelsa,40-50
6.556261599726016_3.2584693583339837_6.58620544253_3.22852551553.png,Bayelsa,40-50
6.556261599726016_3.2734412797359758_6.58620544253_3.22852551553.png,Bayelsa,40-50
6.558935200544024_3.4511065118040243_6.60385096475_3.49602227601.png,Bayelsa,40-50
6.558935200544024_3.4660784332060164_6.60385096475_3.49602227601.png,Bayelsa,40-50
6.558935200544024_3.481050354608008_6.60385096475_3.49602227601.png,Bayelsa,40-50
6.558935200544024_3.49602227601_6.60385096475_3.49602227601.png,Bayelsa,40-50
6.558935200544024_3.5109941974119923_6.60385096475_3.49602227601.png,Bayelsa,40-50
6.558935200544024_3.525966118813984_6.60385096475_3.49602227601.png,Bayelsa,40-50
6.558935200544024_3.540938040215976_6.60385096475_3.49602227601.png,Bayelsa,40-50
6.558965694116015_3.333786314074024_6.588909536919999_3.37870207828.png,Bayelsa,40-50
6.559308338421992_3.2970355889740244_6.54433641702_3.3419513531800003.png,Bayelsa,40-50
6.559308338421992_3.3120075103760165_6.54433641702_3.3419513531800003.png,Bayelsa,40-50
6.559308338421992_3.326979431778008_6.54433641702_3.3419513531800003.png,Bayelsa,40-50
6.5603832054359765_3.288079612774024_6.51546744123_3.33299537698.png,Bayelsa,40-50
6.5603832054359765_3.3030515341760163_6.51546744123_3.33299537698.png,Bayelsa,40-50
6.5603832054359765_3.318023455578008_6.51546744123_3.33299537698.png,Bayelsa,40-50
6.5603832054359765_3.33299537698_6.51546744123_3.33299537698.png,Bayelsa,40-50
6.568834372216014_3.2554523538940243_6.5987782150199985_3.3003681181.png,Bayelsa,40-50
6.568834372216014_3.2704242752960164_6.5987782150199985_3.3003681181.png,Bayelsa,40-50
6.568834372216014_3.285396196698008_6.5987782150199985_3.3003681181.png,Bayelsa,40-50
6.568834372216014_3.3003681181_6.5987782150199985_3.3003681181.png,Bayelsa,40-50
6.568834372216014_3.3153400395019923_6.5987782150199985_3.3003681181.png,Bayelsa,40-50
6.568834372216014_3.330311960903984_6.5987782150199985_3.3003681181.png,Bayelsa,40-50
6.568999342186016_3.2833837804240242_6.59894318499_3.32829954463.png,Bayelsa,40-50
6.568999342186016_3.2983557018260163_6.59894318499_3.32829954463.png,Bayelsa,40-50
6.568999342186016_3.313327623228008_6.59894318499_3.32829954463.png,Bayelsa,40-50
6.568999342186016_3.32829954463_6.59894318499_3.32829954463.png,Bayelsa,40-50
6.5691230092339845_3.52933696875_6.53917916643_3.52933696875.png,Bayelsa,40-50
6.569581410455976_3.023160337734024_6.52466564625_3.06807610194.png,Bayelsa,40-50
6.569581410455976_3.0381322591360163_6.52466564625_3.06807610194.png,Bayelsa,40-50
6.569581410455976_3.053104180538008_6.52466564625_3.06807610194.png,Bayelsa,40-50
6.569581410455976_3.06807610194_6.52466564625_3.06807610194.png,Bayelsa,40-50
6.569581410455976_3.083048023341992_6.52466564625_3.06807610194.png,Bayelsa,40-50
6.569581410455976_3.098019944743984_6.52466564625_3.06807610194.png,Bayelsa,40-50
6.569581410455976_3.112991866145976_6.52466564625_3.06807610194.png,Bayelsa,40-50
6.571119901716016_3.263013961824024_6.60106374452_3.30792972603.png,Bayelsa,40-50
6.571119901716016_3.277985883226016_6.60106374452_3.30792972603.png,Bayelsa,40-50
6.571119901716016_3.2929578046280077_6.60106374452_3.30792972603.png,Bayelsa,40-50
6.571119901716016_3.30792972603_6.60106374452_3.30792972603.png,Bayelsa,40-50
6.571119901716016_3.322901647431992_6.60106374452_3.30792972603.png,Bayelsa,40-50
6.571119901716016_3.3378735688339836_6.60106374452_3.30792972603.png,Bayelsa,40-50
6.571233521128008_3.183609751324024_6.58620544253_3.22852551553.png,Bayelsa,40-50
6.571233521128008_3.198581672726016_6.58620544253_3.22852551553.png,Bayelsa,40-50
6.571233521128008_3.213553594128008_6.58620544253_3.22852551553.png,Bayelsa,40-50
6.571233521128008_3.22852551553_6.58620544253_3.22852551553.png,Bayelsa,40-50
6.571233521128008_3.243497436931992_6.58620544253_3.22852551553.png,Bayelsa,40-50
6.571233521128008_3.2584693583339837_6.58620544253_3.22852551553.png,Bayelsa,40-50
6.571233521128008_3.2734412797359758_6.58620544253_3.22852551553.png,Bayelsa,40-50
6.573907121946016_3.4511065118040243_6.60385096475_3.49602227601.png,Bayelsa,40-50
6.573907121946016_3.4660784332060164_6.60385096475_3.49602227601.png,Bayelsa,40-50
6.573907121946016_3.481050354608008_6.60385096475_3.49602227601.png,Bayelsa,40-50
6.573907121946016_3.49602227601_6.60385096475_3.49602227601.png,Bayelsa,40-50
6.573907121946016_3.5109941974119923_6.60385096475_3.49602227601.png,Bayelsa,40-50
6.573907121946016_3.525966118813984_6.60385096475_3.49602227601.png,Bayelsa,40-50
6.573907121946016_3.540938040215976_6.60385096475_3.49602227601.png,Bayelsa,40-50
6.573937615518007_3.333786314074024_6.588909536919999_3.37870207828.png,Bayelsa,40-50
6.5742802598239845_3.2970355889740244_6.54433641702_3.3419513531800003.png,Bayelsa,40-50
6.5742802598239845_3.3120075103760165_6.54433641702_3.3419513531800003.png,Bayelsa,40-50
6.5742802598239845_3.326979431778008_6.54433641702_3.3419513531800003.png,Bayelsa,40-50
6.574625026999395_3.288151398968537_6.5987782150199985_3.3003681181.png,Bayelsa,40-50
6.5782727516992905_3.212238419440151_6.58620544253_3.22852551553.png,Bayelsa,40-50
6.579250154865976_3.3426545327740245_6.53433439066_3.3875702969800003.png,Bayelsa,40-50
6.579250154865976_3.3576264541760166_6.53433439066_3.3875702969800003.png,Bayelsa,40-50
6.579250154865976_3.432486061185976_6.53433439066_3.3875702969800003.png,Bayelsa,40-50
6.5836659467640235_3.212207491394024_6.62858171097_3.2571232556.png,Bayelsa,40-50
6.5836659467640235_3.227179412796016_6.62858171097_3.2571232556.png,Bayelsa,40-50
6.5836659467640235_3.2421513341980077_6.62858171097_3.2571232556.png,Bayelsa,40-50
6.5836659467640235_3.2571232556_6.62858171097_3.2571232556.png,Bayelsa,40-50
6.5836659467640235_3.272095177001992_6.62858171097_3.2571232556.png,Bayelsa,40-50
6.5836659467640235_3.2870670984039836_6.62858171097_3.2571232556.png,Bayelsa,40-50
6.5836659467640235_3.3020390198059757_6.62858171097_3.2571232556.png,Bayelsa,40-50
6.583806293618006_3.2554523538940243_6.5987782150199985_3.3003681181.png,Bayelsa,40-50
6.583806293618006_3.2704242752960164_6.5987782150199985_3.3003681181.png,Bayelsa,40-50
6.583806293618006_3.285396196698008_6.5987782150199985_3.3003681181.png,Bayelsa,40-50
6.583806293618006_3.3003681181_6.5987782150199985_3.3003681181.png,Bayelsa,40-50
6.583806293618006_3.3153400395019923_6.5987782150199985_3.3003681181.png,Bayelsa,40-50
6.583806293618006_3.330311960903984_6.5987782150199985_3.3003681181.png,Bayelsa,40-50
6.583806293618006_3.345283882305976_6.5987782150199985_3.3003681181.png,Bayelsa,40-50
6.583971263588008_3.2833837804240242_6.59894318499_3.32829954463.png,Bayelsa,40-50
6.583971263588008_3.2983557018260163_6.59894318499_3.32829954463.png,Bayelsa,40-50
6.583971263588008_3.313327623228008_6.59894318499_3.32829954463.png,Bayelsa,40-50
6.583971263588008_3.32829954463_6.59894318499_3.32829954463.png,Bayelsa,40-50
6.583971263588008_3.343271466031992_6.59894318499_3.32829954463.png,Bayelsa,40-50
6.583971263588008_3.358243387433984_6.59894318499_3.32829954463.png,Bayelsa,40-50
6.584094930635977_3.52933696875_6.53917916643_3.52933696875.png,Bayelsa,40-50
6.585449447434024_3.2732475601640245_6.63036521164_3.3181633243700004.png,Bayelsa,40-50
6.585449447434024_3.2882194815660166_6.63036521164_3.3181633243700004.png,Bayelsa,40-50
6.585449447434024_3.3031914029680083_6.63036521164_3.3181633243700004.png,Bayelsa,40-50
6.585449447434024_3.3181633243700004_6.63036521164_3.3181633243700004.png,Bayelsa,40-50
6.585449447434024_3.3331352457719925_6.63036521164_3.3181633243700004.png,Bayelsa,40-50
6.585449447434024_3.348107167173984_6.63036521164_3.3181633243700004.png,Bayelsa,40-50
6.585490008238251_3.257872496361995_6.5987782150199985_3.3003681181.png,Bayelsa,40-50
6.586091823118008_3.263013961824024_6.60106374452_3.30792972603.png,Bayelsa,40-50
6.586091823118008_3.277985883226016_6.60106374452_3.30792972603.png,Bayelsa,40-50
6.586091823118008_3.2929578046280077_6.60106374452_3.30792972603.png,Bayelsa,40-50
6.586091823118008_3.30792972603_6.60106374452_3.30792972603.png,Bayelsa,40-50
6.586091823118008_3.322901647431992_6.60106374452_3.30792972603.png,Bayelsa,40-50
6.586091823118008_3.3378735688339836_6.60106374452_3.30792972603.png,Bayelsa,40-50
6.586091823118008_3.3528454902359757_6.60106374452_3.30792972603.png,Bayelsa,40-50
6.58620544253_3.183609751324024_6.58620544253_3.22852551553.png,Bayelsa,40-50
6.58620544253_3.198581672726016_6.58620544253_3.22852551553.png,Bayelsa,40-50
6.58620544253_3.213553594128008_6.58620544253_3.22852551553.png,Bayelsa,40-50
6.58620544253_3.22852551553_6.58620544253_3.22852551553.png,Bayelsa,40-50
6.58620544253_3.243497436931992_6.58620544253_3.22852551553.png,Bayelsa,40-50
6.58620544253_3.2584693583339837_6.58620544253_3.22852551553.png,Bayelsa,40-50
6.58620544253_3.2734412797359758_6.58620544253_3.22852551553.png,Bayelsa,40-50
6.588879043348008_3.4511065118040243_6.60385096475_3.49602227601.png,Bayelsa,40-50
6.588879043348008_3.4660784332060164_6.60385096475_3.49602227601.png,Bayelsa,40-50
6.588879043348008_3.481050354608008_6.60385096475_3.49602227601.png,Bayelsa,40-50
6.588879043348008_3.49602227601_6.60385096475_3.49602227601.png,Bayelsa,40-50
6.588879043348008_3.5109941974119923_6.60385096475_3.49602227601.png,Bayelsa,40-50
6.588909536919999_3.333786314074024_6.588909536919999_3.37870207828.png,Bayelsa,40-50
6.588909536919999_3.348758235476016_6.588909536919999_3.37870207828.png,Bayelsa,40-50
6.589252181225977_3.2970355889740244_6.54433641702_3.3419513531800003.png,Bayelsa,40-50
6.589252181225977_3.3120075103760165_6.54433641702_3.3419513531800003.png,Bayelsa,40-50
6.589252181225977_3.326979431778008_6.54433641702_3.3419513531800003.png,Bayelsa,40-50
6.589252181225977_3.3419513531800003_6.54433641702_3.3419513531800003.png,Bayelsa,40-50
6.589252181225977_3.3569232745819924_6.54433641702_3.3419513531800003.png,Bayelsa,40-50
6.598637868166016_3.212207491394024_6.62858171097_3.2571232556.png,Bayelsa,40-50
6.598637868166016_3.227179412796016_6.62858171097_3.2571232556.png,Bayelsa,40-50
6.598637868166016_3.2421513341980077_6.62858171097_3.2571232556.png,Bayelsa,40-50
6.598637868166016_3.2571232556_6.62858171097_3.2571232556.png,Bayelsa,40-50
6.598637868166016_3.272095177001992_6.62858171097_3.2571232556.png,Bayelsa,40-50
6.598637868166016_3.2870670984039836_6.62858171097_3.2571232556.png,Bayelsa,40-50
6.598637868166016_3.3020390198059757_6.62858171097_3.2571232556.png,Bayelsa,40-50
6.5987782150199985_3.2554523538940243_6.5987782150199985_3.3003681181.png,Bayelsa,40-50
6.5987782150199985_3.2704242752960164_6.5987782150199985_3.3003681181.png,Bayelsa,40-50
6.5987782150199985_3.285396196698008_6.5987782150199985_3.3003681181.png,Bayelsa,40-50
6.5987782150199985_3.3003681181_6.5987782150199985_3.3003681181.png,Bayelsa,40-50
6.5987782150199985_3.3153400395019923_6.5987782150199985_3.3003681181.png,Bayelsa,40-50
6.5987782150199985_3.330311960903984_6.5987782150199985_3.3003681181.png,Bayelsa,40-50
6.59894318499_3.2833837804240242_6.59894318499_3.32829954463.png,Bayelsa,40-50
6.59894318499_3.2983557018260163_6.59894318499_3.32829954463.png,Bayelsa,40-50
6.59894318499_3.313327623228008_6.59894318499_3.32829954463.png,Bayelsa,40-50
6.59894318499_3.32829954463_6.59894318499_3.32829954463.png,Bayelsa,40-50
6.600390684084024_3.260692803574024_6.64530644829_3.30560856778.png,Bayelsa,40-50
6.600390684084024_3.275664724976016_6.64530644829_3.30560856778.png,Bayelsa,40-50
6.600390684084024_3.2906366463780077_6.64530644829_3.30560856778.png,Bayelsa,40-50
6.600390684084024_3.30560856778_6.64530644829_3.30560856778.png,Bayelsa,40-50
6.600421368836016_3.2732475601640245_6.63036521164_3.3181633243700004.png,Bayelsa,40-50
6.600421368836016_3.2882194815660166_6.63036521164_3.3181633243700004.png,Bayelsa,40-50
6.600421368836016_3.3031914029680083_6.63036521164_3.3181633243700004.png,Bayelsa,40-50
6.60106374452_3.263013961824024_6.60106374452_3.30792972603.png,Bayelsa,40-50
6.60106374452_3.277985883226016_6.60106374452_3.30792972603.png,Bayelsa,40-50
6.60106374452_3.2929578046280077_6.60106374452_3.30792972603.png,Bayelsa,40-50
6.601177363931992_3.183609751324024_6.58620544253_3.22852551553.png,Bayelsa,40-50
6.601177363931992_3.198581672726016_6.58620544253_3.22852551553.png,Bayelsa,40-50
6.601177363931992_3.213553594128008_6.58620544253_3.22852551553.png,Bayelsa,40-50
6.601177363931992_3.22852551553_6.58620544253_3.22852551553.png,Bayelsa,40-50
6.601177363931992_3.243497436931992_6.58620544253_3.22852551553.png,Bayelsa,40-50
6.601177363931992_3.2584693583339837_6.58620544253_3.22852551553.png,Bayelsa,40-50
6.601177363931992_3.2734412797359758_6.58620544253_3.22852551553.png,Bayelsa,40-50
5.903521916164023_8.927065795211993_5.94843768037_8.91209387381.png,Niger,20-30
5.918493837566015_8.882150031006017_5.94843768037_8.91209387381.png,Niger,20-30
5.94843768037_8.91209387381_5.94843768037_8.91209387381.png,Niger,20-30
5.963409601771992_8.957009638015977_5.94843768037_8.91209387381.png,Niger,20-30
5.9704971994399605_8.942081053324875_5.94843768037_8.91209387381.png,Niger,20-30
5.972667019839013_8.896124553397597_5.94843768037_8.91209387381.png,Niger,20-30
5.978381523173984_8.882150031006017_5.94843768037_8.91209387381.png,Niger,20-30
5.978381523173984_8.91209387381_5.94843768037_8.91209387381.png,Niger,20-30
5.978381523173984_8.927065795211993_5.94843768037_8.91209387381.png,Niger,20-30
5.978381523173984_8.942037716613985_5.94843768037_8.91209387381.png,Niger,20-30
5.993353444575976_8.867178109604025_5.94843768037_8.91209387381.png,Niger,20-30
5.993353444575976_8.91209387381_5.94843768037_8.91209387381.png,Niger,20-30
5.993353444575976_8.942037716613985_5.94843768037_8.91209387381.png,Niger,20-30
6.2503237103562075_9.080569246008475_6.28894706194_9.09030237592.png,Niger,20-30
6.259003219136016_9.045386611714024_6.28894706194_9.09030237592.png,Niger,20-30
6.259003219136016_9.09030237592_6.28894706194_9.09030237592.png,Niger,20-30
6.259003219136016_9.105274297321992_6.28894706194_9.09030237592.png,Niger,20-30
6.273975140538008_9.045386611714024_6.28894706194_9.09030237592.png,Niger,20-30
6.273975140538008_9.075330454518008_6.28894706194_9.09030237592.png,Niger,20-30
6.273975140538008_9.105274297321992_6.28894706194_9.09030237592.png,Niger,20-30
6.2814433476496845_9.058813968231288_6.28894706194_9.09030237592.png,Niger,20-30
6.318890904743984_9.045386611714024_6.28894706194_9.09030237592.png,Niger,20-30
6.318890904743984_9.120246218723985_6.28894706194_9.09030237592.png,Niger,20-30
6.333862826145976_9.045386611714024_6.28894706194_9.09030237592.png,Niger,20-30
6.333862826145976_9.09030237592_6.28894706194_9.09030237592.png,Niger,20-30
6.333862826145976_9.135218140125977_6.28894706194_9.09030237592.png,Niger,20-30
6.441843401304023_9.127973284346016_6.48675916551_9.15791712715.png,Niger,20-30
6.455469577654024_9.191386821405976_6.50038534186_9.1464710572.png,Niger,20-30
6.456815322706015_9.127973284346016_6.48675916551_9.15791712715.png,Niger,20-30
6.456815322706015_9.142945205748008_6.48675916551_9.15791712715.png,Niger,20-30
6.456815322706015_9.187860969953984_6.48675916551_9.15791712715.png,Niger,20-30
6.460882643744024_8.87016201696_6.50579840795_8.87016201696.png,Niger,20-30
6.470441499056016_9.101555292994023_6.50038534186_9.1464710572.png,Niger,20-30
6.470441499056016_9.131499135798007_6.50038534186_9.1464710572.png,Niger,20-30
6.470441499056016_9.161442978601992_6.50038534186_9.1464710572.png,Niger,20-30
6.4717872441080075_9.15791712715_6.48675916551_9.15791712715.png,Niger,20-30
6.4717872441080075_9.187860969953984_6.48675916551_9.15791712715.png,Niger,20-30
6.475854565146016_8.87016201696_6.50579840795_8.87016201696.png,Niger,20-30
6.485413420458008_9.101555292994023_6.50038534186_9.1464710572.png,Niger,20-30
6.485413420458008_9.116527214396015_6.50038534186_9.1464710572.png,Niger,20-30
6.485413420458008_9.131499135798007_6.50038534186_9.1464710572.png,Niger,20-30
6.485413420458008_9.1464710572_6.50038534186_9.1464710572.png,Niger,20-30
6.48675916551_9.15791712715_6.48675916551_9.15791712715.png,Niger,20-30
6.48675916551_9.172889048551992_6.48675916551_9.15791712715.png,Niger,20-30
6.48675916551_9.202832891355976_6.48675916551_9.15791712715.png,Niger,20-30
6.490826486548008_8.855190095558008_6.50579840795_8.87016201696.png,Niger,20-30
6.490826486548008_8.900105859763984_6.50579840795_8.87016201696.png,Niger,20-30
6.50038534186_9.191386821405976_6.50038534186_9.1464710572.png,Niger,20-30
6.501731086911992_9.15791712715_6.48675916551_9.15791712715.png,Niger,20-30
6.504856962258332_8.914639141277322_6.50579840795_8.87016201696.png,Niger,20-30
6.50579840795_8.825246252754024_6.50579840795_8.87016201696.png,Niger,20-30
6.506374616814024_8.929281412471992_6.55129038102_8.91430949107.png,Niger,20-30
6.506374616814024_8.959225255275976_6.55129038102_8.91430949107.png,Niger,20-30
6.5153572632619925_9.131499135798007_6.50038534186_9.1464710572.png,Niger,20-30
6.515654555056381_8.826977997950104_6.50579840795_8.87016201696.png,Niger,20-30
6.521346538216016_8.91430949107_6.55129038102_8.91430949107.png,Niger,20-30
6.527232606216015_9.230438310118007_6.557176449019999_9.24541023152.png,Niger,20-30
6.527232606216015_9.260382152921991_6.557176449019999_9.24541023152.png,Niger,20-30
6.530329184663985_9.161442978601992_6.50038534186_9.1464710572.png,Niger,20-30
6.531674929715976_9.113001362944024_6.48675916551_9.15791712715.png,Niger,20-30
6.531674929715976_9.15791712715_6.48675916551_9.15791712715.png,Niger,20-30
6.531674929715976_9.172889048551992_6.48675916551_9.15791712715.png,Niger,20-30
6.535742250753985_8.840218174156016_6.50579840795_8.87016201696.png,Niger,20-30
6.536318459618008_8.884365648266016_6.55129038102_8.91430949107.png,Niger,20-30
6.536318459618008_8.899337569668008_6.55129038102_8.91430949107.png,Niger,20-30
6.536318459618008_8.91430949107_6.55129038102_8.91430949107.png,Niger,20-30
6.542204527618007_9.230438310118007_6.557176449019999_9.24541023152.png,Niger,20-30
6.545301106065977_9.101555292994023_6.50038534186_9.1464710572.png,Niger,20-30
6.545301106065977_9.176414900003984_6.50038534186_9.1464710572.png,Niger,20-30
6.550714172155977_8.900105859763984_6.50579840795_8.87016201696.png,Niger,20-30
6.550714172155977_8.915077781165976_6.50579840795_8.87016201696.png,Niger,20-30
6.55129038102_8.884365648266016_6.55129038102_8.91430949107.png,Niger,20-30
6.55129038102_8.944253333873984_6.55129038102_8.91430949107.png,Niger,20-30
6.557013594755843_9.2717097238245_6.557176449019999_9.24541023152.png,Niger,20-30
6.557176449019999_9.215466388716015_6.557176449019999_9.24541023152.png,Niger,20-30
6.557176449019999_9.260382152921991_6.557176449019999_9.24541023152.png,Niger,20-30
6.566262302421992_8.929281412471992_6.55129038102_8.91430949107.png,Niger,20-30
6.569027962014754_9.22963865629669_6.557176449019999_9.24541023152.png,Niger,20-30
6.572148370421991_9.290325995725976_6.557176449019999_9.24541023152.png,Niger,20-30
6.5812342238239845_8.869393726864024_6.55129038102_8.91430949107.png,Niger,20-30
6.5812342238239845_8.944253333873984_6.55129038102_8.91430949107.png,Niger,20-30
6.587120291823983_9.200494467314023_6.557176449019999_9.24541023152.png,Niger,20-30
6.587120291823983_9.230438310118007_6.557176449019999_9.24541023152.png,Niger,20-30
6.587120291823983_9.275354074323984_6.557176449019999_9.24541023152.png,Niger,20-30
6.602092213225975_9.200494467314023_6.557176449019999_9.24541023152.png,Niger,20-30
6.602092213225975_9.275354074323984_6.557176449019999_9.24541023152.png,Niger,20-30
6.646170493334024_9.131108288864024_6.69108625754_9.17602405307.png,Niger,20-30
6.646170493334024_9.17602405307_6.69108625754_9.17602405307.png,Niger,20-30
6.646170493334024_9.190995974471992_6.69108625754_9.17602405307.png,Niger,20-30
6.646170493334024_9.205967895873984_6.69108625754_9.17602405307.png,Niger,20-30
6.646170493334024_9.220939817275976_6.69108625754_9.17602405307.png,Niger,20-30
6.648321130314024_9.239572779611992_6.69323689452_9.22460085821.png,Niger,20-30
6.648321130314024_9.269516622415976_6.69323689452_9.22460085821.png,Niger,20-30
6.6566194036_8.244954550955976_6.6566194036_8.20003878675.png,Niger,20-30
6.663293051716016_9.179685094004023_6.69323689452_9.22460085821.png,Niger,20-30
6.663293051716016_9.209628936808008_6.69323689452_9.22460085821.png,Niger,20-30
6.671366585084024_8.947614882989997_6.71628234929_8.947614882989997.png,Niger,20-30
6.671366585084024_8.977558725793982_6.71628234929_8.947614882989997.png,Niger,20-30
6.671366585084024_8.992530647195974_6.71628234929_8.947614882989997.png,Niger,20-30
6.676114336138008_9.17602405307_6.69108625754_9.17602405307.png,Niger,20-30
6.676114336138008_9.220939817275976_6.69108625754_9.17602405307.png,Niger,20-30
6.686338506486016_8.932642961588005_6.71628234929_8.947614882989997.png,Niger,20-30
6.69108625754_9.131108288864024_6.69108625754_9.17602405307.png,Niger,20-30
6.69108625754_9.17602405307_6.69108625754_9.17602405307.png,Niger,20-30
6.69323689452_9.254544701013984_6.69323689452_9.22460085821.png,Niger,20-30
6.701310427888008_8.902699118784021_6.71628234929_8.947614882989997.png,Niger,20-30
6.701310427888008_8.977558725793982_6.71628234929_8.947614882989997.png,Niger,20-30
6.701535167805976_8.229982629553984_6.6566194036_8.20003878675.png,Niger,20-30
6.706058178941992_9.131108288864024_6.69108625754_9.17602405307.png,Niger,20-30
6.706058178941992_9.161052131668008_6.69108625754_9.17602405307.png,Niger,20-30
6.706058178941992_9.205967895873984_6.69108625754_9.17602405307.png,Niger,20-30
6.723180737323984_9.194657015406015_6.69323689452_9.22460085821.png,Niger,20-30
6.723180737323984_9.22460085821_6.69323689452_9.22460085821.png,Niger,20-30
6.723180737323984_9.239572779611992_6.69323689452_9.22460085821.png,Niger,20-30
6.723180737323984_9.254544701013984_6.69323689452_9.22460085821.png,Niger,20-30
6.723180737323984_9.269516622415976_6.69323689452_9.22460085821.png,Niger,20-30
6.738152658725976_9.209628936808008_6.69323689452_9.22460085821.png,Niger,20-30
6.738152658725976_9.22460085821_6.69323689452_9.22460085821.png,Niger,20-30
6.746226192093984_8.917671040186013_6.71628234929_8.947614882989997.png,Niger,20-30
6.746226192093984_8.932642961588005_6.71628234929_8.947614882989997.png,Niger,20-30
6.746226192093984_8.947614882989997_6.71628234929_8.947614882989997.png,Niger,20-30
6.746226192093984_8.977558725793982_6.71628234929_8.947614882989997.png,Niger,20-30
6.755474076014023_8.882114626634024_6.800389840219999_8.92703039084.png,Niger,20-30
6.755474076014023_8.956974233643985_6.800389840219999_8.92703039084.png,Niger,20-30
6.761198113495976_8.947614882989997_6.71628234929_8.947614882989997.png,Niger,20-30
6.761198113495976_8.96258680439199_6.71628234929_8.947614882989997.png,Niger,20-30
6.763188286988505_8.964518254348448_6.800389840219999_8.92703039084.png,Niger,20-30
6.770445997416015_8.897086548036016_6.800389840219999_8.92703039084.png,Niger,20-30
6.770445997416015_8.912058469438009_6.800389840219999_8.92703039084.png,Niger,20-30
6.770445997416015_8.92703039084_6.800389840219999_8.92703039084.png,Niger,20-30
6.770445997416015_8.971946155045977_6.800389840219999_8.92703039084.png,Niger,20-30
6.805606237354024_8.400251801844023_6.85052200156_8.44516756605.png,Niger,20-30
6.805606237354024_8.415223723246015_6.85052200156_8.44516756605.png,Niger,20-30
6.807667900093406_8.453195602767808_6.85052200156_8.44516756605.png,Niger,20-30
6.820578158756016_8.400251801844023_6.85052200156_8.44516756605.png,Niger,20-30
6.820578158756016_8.415223723246015_6.85052200156_8.44516756605.png,Niger,20-30
6.820578158756016_8.44516756605_6.85052200156_8.44516756605.png,Niger,20-30
7.219225159464022_9.889714792196015_7.2641409236699985_9.919658635.png,Niger,20-30
7.219225159464022_9.934630556401991_7.2641409236699985_9.919658635.png,Niger,20-30
7.219225159464022_9.964574399205976_7.2641409236699985_9.919658635.png,Niger,20-30
7.234197080866014_9.874742870794023_7.2641409236699985_9.919658635.png,Niger,20-30
7.234197080866014_9.889714792196015_7.2641409236699985_9.919658635.png,Niger,20-30
7.234197080866014_9.919658635_7.2641409236699985_9.919658635.png,Niger,20-30
7.2641409236699985_9.919658635_7.2641409236699985_9.919658635.png,Niger,20-30
7.2641409236699985_9.934630556401991_7.2641409236699985_9.919658635.png,Niger,20-30
7.265234583474023_9.792639132836015_7.31015034768_9.82258297564.png,Niger,20-30
7.265234583474023_9.867498739845976_7.31015034768_9.82258297564.png,Niger,20-30
7.280206504876015_9.867498739845976_7.31015034768_9.82258297564.png,Niger,20-30
6.425701717125976_4.817071156573984_6.380785952919999_4.78712731377.png,Rivers,20-30
6.425701717125976_4.832043077975976_6.380785952919999_4.78712731377.png,Rivers,20-30
6.449137751764024_4.74113115164_6.49405351597_4.74113115164.png,Rivers,20-30
6.456820426674025_4.785011157411992_6.501736190880001_4.77003923601.png,Rivers,20-30
6.479081594568008_4.726159230238008_6.49405351597_4.74113115164.png,Rivers,20-30
6.479081594568008_4.7710749944439845_6.49405351597_4.74113115164.png,Rivers,20-30
6.49405351597_4.756103073041992_6.49405351597_4.74113115164.png,Rivers,20-30
6.49405351597_4.786046915845977_6.49405351597_4.74113115164.png,Rivers,20-30
6.501736190880001_4.7400953932060155_6.501736190880001_4.77003923601.png,Rivers,20-30
6.501736190880001_4.785011157411992_6.501736190880001_4.77003923601.png,Rivers,20-30
6.516708112281993_4.785011157411992_6.501736190880001_4.77003923601.png,Rivers,20-30
6.531680033683985_4.755067314608008_6.501736190880001_4.77003923601.png,Rivers,20-30
6.531680033683985_4.814955000215976_6.501736190880001_4.77003923601.png,Rivers,20-30
6.546651955085977_4.814955000215976_6.501736190880001_4.77003923601.png,Rivers,20-30
6.588879043348008_3.525966118813984_6.60385096475_3.49602227601.png,Rivers,20-30
6.588879043348008_3.540938040215976_6.60385096475_3.49602227601.png,Rivers,20-30
6.5987782150199985_3.345283882305976_6.5987782150199985_3.3003681181.png,Rivers,20-30
6.59894318499_3.343271466031992_6.59894318499_3.32829954463.png,Rivers,20-30
6.59894318499_3.358243387433984_6.59894318499_3.32829954463.png,Rivers,20-30
6.600390684084024_3.320580489181992_6.64530644829_3.30560856778.png,Rivers,20-30
6.600390684084024_3.3355524105839836_6.64530644829_3.30560856778.png,Rivers,20-30
6.600390684084024_3.3505243319859757_6.64530644829_3.30560856778.png,Rivers,20-30
6.600421368836016_3.3181633243700004_6.63036521164_3.3181633243700004.png,Rivers,20-30
6.600421368836016_3.3331352457719925_6.63036521164_3.3181633243700004.png,Rivers,20-30
6.600421368836016_3.348107167173984_6.63036521164_3.3181633243700004.png,Rivers,20-30
6.600421368836016_3.3630790885759763_6.63036521164_3.3181633243700004.png,Rivers,20-30
6.60106374452_3.30792972603_6.60106374452_3.30792972603.png,Rivers,20-30
6.60106374452_3.322901647431992_6.60106374452_3.30792972603.png,Rivers,20-30
6.60106374452_3.3378735688339836_6.60106374452_3.30792972603.png,Rivers,20-30
6.60106374452_3.3528454902359757_6.60106374452_3.30792972603.png,Rivers,20-30
6.60385096475_3.4511065118040243_6.60385096475_3.49602227601.png,Rivers,20-30
6.60385096475_3.4660784332060164_6.60385096475_3.49602227601.png,Rivers,20-30
6.60385096475_3.481050354608008_6.60385096475_3.49602227601.png,Rivers,20-30
6.60385096475_3.49602227601_6.60385096475_3.49602227601.png,Rivers,20-30
6.60385096475_3.5109941974119923_6.60385096475_3.49602227601.png,Rivers,20-30
6.60385096475_3.525966118813984_6.60385096475_3.49602227601.png,Rivers,20-30
6.60385096475_3.540938040215976_6.60385096475_3.49602227601.png,Rivers,20-30
6.603881458321991_3.333786314074024_6.588909536919999_3.37870207828.png,Rivers,20-30
6.603881458321991_3.348758235476016_6.588909536919999_3.37870207828.png,Rivers,20-30
6.603881458321991_3.363730156878008_6.588909536919999_3.37870207828.png,Rivers,20-30
6.603881458321991_3.37870207828_6.588909536919999_3.37870207828.png,Rivers,20-30
6.603881458321991_3.4086459210839837_6.588909536919999_3.37870207828.png,Rivers,20-30
6.603881458321991_3.423617842485976_6.588909536919999_3.37870207828.png,Rivers,20-30
6.605353046359454_3.3316549178247206_6.64530644829_3.30560856778.png,Rivers,20-30
6.607596926057046_3.2616459644085842_6.62858171097_3.2571232556.png,Rivers,20-30
6.608386053134024_3.224019888874024_6.65330181734_3.26893565308.png,Rivers,20-30
6.608386053134024_3.238991810276016_6.65330181734_3.26893565308.png,Rivers,20-30
6.608386053134024_3.2539637316780077_6.65330181734_3.26893565308.png,Rivers,20-30
6.608386053134024_3.26893565308_6.65330181734_3.26893565308.png,Rivers,20-30
6.608386053134024_3.283907574481992_6.65330181734_3.26893565308.png,Rivers,20-30
6.608386053134024_3.2988794958839835_6.65330181734_3.26893565308.png,Rivers,20-30
6.608386053134024_3.3138514172859757_6.65330181734_3.26893565308.png,Rivers,20-30
6.609216619064024_3.822609587888008_6.65413238327_3.83758150929.png,Rivers,20-30
6.613609789568008_3.212207491394024_6.62858171097_3.2571232556.png,Rivers,20-30
6.613609789568008_3.227179412796016_6.62858171097_3.2571232556.png,Rivers,20-30
6.613609789568008_3.2421513341980077_6.62858171097_3.2571232556.png,Rivers,20-30
6.613609789568008_3.2571232556_6.62858171097_3.2571232556.png,Rivers,20-30
6.613609789568008_3.272095177001992_6.62858171097_3.2571232556.png,Rivers,20-30
6.613609789568008_3.2870670984039836_6.62858171097_3.2571232556.png,Rivers,20-30
6.613609789568008_3.3020390198059757_6.62858171097_3.2571232556.png,Rivers,20-30
6.613750136421991_3.2554523538940243_6.5987782150199985_3.3003681181.png,Rivers,20-30
6.613750136421991_3.2704242752960164_6.5987782150199985_3.3003681181.png,Rivers,20-30
6.613750136421991_3.285396196698008_6.5987782150199985_3.3003681181.png,Rivers,20-30
6.613750136421991_3.3003681181_6.5987782150199985_3.3003681181.png,Rivers,20-30
6.613750136421991_3.3153400395019923_6.5987782150199985_3.3003681181.png,Rivers,20-30
6.613750136421991_3.330311960903984_6.5987782150199985_3.3003681181.png,Rivers,20-30
6.613750136421991_3.345283882305976_6.5987782150199985_3.3003681181.png,Rivers,20-30
6.6139151063919925_3.2833837804240242_6.59894318499_3.32829954463.png,Rivers,20-30
6.6139151063919925_3.2983557018260163_6.59894318499_3.32829954463.png,Rivers,20-30
6.6139151063919925_3.313327623228008_6.59894318499_3.32829954463.png,Rivers,20-30
6.6139151063919925_3.32829954463_6.59894318499_3.32829954463.png,Rivers,20-30
6.6139151063919925_3.343271466031992_6.59894318499_3.32829954463.png,Rivers,20-30
6.6139151063919925_3.358243387433984_6.59894318499_3.32829954463.png,Rivers,20-30
6.6139151063919925_3.373215308835976_6.59894318499_3.32829954463.png,Rivers,20-30
6.614263724568574_3.3230773850261026_6.63036521164_3.3181633243700004.png,Rivers,20-30
6.614799574194272_3.289428156125637_6.60106374452_3.30792972603.png,Rivers,20-30
6.615362605486016_3.260692803574024_6.64530644829_3.30560856778.png,Rivers,20-30
6.615362605486016_3.275664724976016_6.64530644829_3.30560856778.png,Rivers,20-30
6.615362605486016_3.2906366463780077_6.64530644829_3.30560856778.png,Rivers,20-30
6.615362605486016_3.30560856778_6.64530644829_3.30560856778.png,Rivers,20-30
6.615362605486016_3.320580489181992_6.64530644829_3.30560856778.png,Rivers,20-30
6.615362605486016_3.3355524105839836_6.64530644829_3.30560856778.png,Rivers,20-30
6.615362605486016_3.3505243319859757_6.64530644829_3.30560856778.png,Rivers,20-30
6.615393290238008_3.2732475601640245_6.63036521164_3.3181633243700004.png,Rivers,20-30
6.615393290238008_3.2882194815660166_6.63036521164_3.3181633243700004.png,Rivers,20-30
6.615393290238008_3.3031914029680083_6.63036521164_3.3181633243700004.png,Rivers,20-30
6.615393290238008_3.3181633243700004_6.63036521164_3.3181633243700004.png,Rivers,20-30
6.615393290238008_3.3331352457719925_6.63036521164_3.3181633243700004.png,Rivers,20-30
6.615393290238008_3.348107167173984_6.63036521164_3.3181633243700004.png,Rivers,20-30
6.615393290238008_3.3630790885759763_6.63036521164_3.3181633243700004.png,Rivers,20-30
6.616035665921992_3.263013961824024_6.60106374452_3.30792972603.png,Rivers,20-30
6.616035665921992_3.277985883226016_6.60106374452_3.30792972603.png,Rivers,20-30
6.616035665921992_3.2929578046280077_6.60106374452_3.30792972603.png,Rivers,20-30
6.616035665921992_3.30792972603_6.60106374452_3.30792972603.png,Rivers,20-30
6.616035665921992_3.322901647431992_6.60106374452_3.30792972603.png,Rivers,20-30
6.616035665921992_3.3378735688339836_6.60106374452_3.30792972603.png,Rivers,20-30
6.616035665921992_3.3528454902359757_6.60106374452_3.30792972603.png,Rivers,20-30
6.616149285333984_3.183609751324024_6.58620544253_3.22852551553.png,Rivers,20-30
6.616149285333984_3.198581672726016_6.58620544253_3.22852551553.png,Rivers,20-30
6.616149285333984_3.213553594128008_6.58620544253_3.22852551553.png,Rivers,20-30
6.616149285333984_3.22852551553_6.58620544253_3.22852551553.png,Rivers,20-30
6.616149285333984_3.243497436931992_6.58620544253_3.22852551553.png,Rivers,20-30
6.616149285333984_3.2584693583339837_6.58620544253_3.22852551553.png,Rivers,20-30
6.616149285333984_3.2734412797359758_6.58620544253_3.22852551553.png,Rivers,20-30
6.616552326037199_3.29922781506854_6.65330181734_3.26893565308.png,Rivers,20-30
6.618822886151992_3.4511065118040243_6.60385096475_3.49602227601.png,Rivers,20-30
6.618822886151992_3.4660784332060164_6.60385096475_3.49602227601.png,Rivers,20-30
6.618822886151992_3.481050354608008_6.60385096475_3.49602227601.png,Rivers,20-30
6.618822886151992_3.49602227601_6.60385096475_3.49602227601.png,Rivers,20-30
6.618822886151992_3.5109941974119923_6.60385096475_3.49602227601.png,Rivers,20-30
6.618822886151992_3.525966118813984_6.60385096475_3.49602227601.png,Rivers,20-30
6.618822886151992_3.540938040215976_6.60385096475_3.49602227601.png,Rivers,20-30
6.6188533797239835_3.333786314074024_6.588909536919999_3.37870207828.png,Rivers,20-30
6.6188533797239835_3.348758235476016_6.588909536919999_3.37870207828.png,Rivers,20-30
6.6188533797239835_3.363730156878008_6.588909536919999_3.37870207828.png,Rivers,20-30
6.6188533797239835_3.37870207828_6.588909536919999_3.37870207828.png,Rivers,20-30
6.6188533797239835_3.4086459210839837_6.588909536919999_3.37870207828.png,Rivers,20-30
6.6188533797239835_3.423617842485976_6.588909536919999_3.37870207828.png,Rivers,20-30
6.623028175954025_3.277870537504024_6.667943940160002_3.32278630171.png,Rivers,20-30
6.623028175954025_3.292842458906016_6.667943940160002_3.32278630171.png,Rivers,20-30
6.623028175954025_3.307814380308008_6.667943940160002_3.32278630171.png,Rivers,20-30
6.623028175954025_3.32278630171_6.667943940160002_3.32278630171.png,Rivers,20-30
6.623028175954025_3.337758223111992_6.667943940160002_3.32278630171.png,Rivers,20-30
6.623028175954025_3.3527301445139837_6.667943940160002_3.32278630171.png,Rivers,20-30
6.623028175954025_3.3677020659159758_6.667943940160002_3.32278630171.png,Rivers,20-30
6.623126607000658_3.5021435725192473_6.60385096475_3.49602227601.png,Rivers,20-30
6.623197822804023_3.3058445036840243_6.66811358701_3.35076026789.png,Rivers,20-30
6.623197822804023_3.3208164250860164_6.66811358701_3.35076026789.png,Rivers,20-30
6.623197822804023_3.335788346488008_6.66811358701_3.35076026789.png,Rivers,20-30
6.623197822804023_3.35076026789_6.66811358701_3.35076026789.png,Rivers,20-30
6.623197822804023_3.3657321892919922_6.66811358701_3.35076026789.png,Rivers,20-30
6.623197822804023_3.380704110693984_6.66811358701_3.35076026789.png,Rivers,20-30
6.623197822804023_3.395676032095976_6.66811358701_3.35076026789.png,Rivers,20-30
6.623357974536016_3.224019888874024_6.65330181734_3.26893565308.png,Rivers,20-30
6.623357974536016_3.238991810276016_6.65330181734_3.26893565308.png,Rivers,20-30
6.623357974536016_3.2539637316780077_6.65330181734_3.26893565308.png,Rivers,20-30
6.623357974536016_3.26893565308_6.65330181734_3.26893565308.png,Rivers,20-30
6.623357974536016_3.283907574481992_6.65330181734_3.26893565308.png,Rivers,20-30
6.623357974536016_3.2988794958839835_6.65330181734_3.26893565308.png,Rivers,20-30
6.623357974536016_3.3138514172859757_6.65330181734_3.26893565308.png,Rivers,20-30
6.623886762768345_3.3905000457831544_6.66811358701_3.35076026789.png,Rivers,20-30
6.624188540466016_3.822609587888008_6.65413238327_3.83758150929.png,Rivers,20-30
6.624188540466016_3.83758150929_6.65413238327_3.83758150929.png,Rivers,20-30
6.62858171097_3.212207491394024_6.62858171097_3.2571232556.png,Rivers,20-30
6.62858171097_3.227179412796016_6.62858171097_3.2571232556.png,Rivers,20-30
6.62858171097_3.2421513341980077_6.62858171097_3.2571232556.png,Rivers,20-30
6.62858171097_3.2571232556_6.62858171097_3.2571232556.png,Rivers,20-30
6.62858171097_3.272095177001992_6.62858171097_3.2571232556.png,Rivers,20-30
6.62858171097_3.2870670984039836_6.62858171097_3.2571232556.png,Rivers,20-30
6.62858171097_3.3020390198059757_6.62858171097_3.2571232556.png,Rivers,20-30
6.628722057823983_3.2554523538940243_6.5987782150199985_3.3003681181.png,Rivers,20-30
6.628722057823983_3.2704242752960164_6.5987782150199985_3.3003681181.png,Rivers,20-30
6.628722057823983_3.285396196698008_6.5987782150199985_3.3003681181.png,Rivers,20-30
6.628722057823983_3.3003681181_6.5987782150199985_3.3003681181.png,Rivers,20-30
6.628722057823983_3.3153400395019923_6.5987782150199985_3.3003681181.png,Rivers,20-30
6.628722057823983_3.330311960903984_6.5987782150199985_3.3003681181.png,Rivers,20-30
6.628722057823983_3.345283882305976_6.5987782150199985_3.3003681181.png,Rivers,20-30
6.628887027793985_3.2833837804240242_6.59894318499_3.32829954463.png,Rivers,20-30
6.628887027793985_3.2983557018260163_6.59894318499_3.32829954463.png,Rivers,20-30
6.628887027793985_3.313327623228008_6.59894318499_3.32829954463.png,Rivers,20-30
6.628887027793985_3.32829954463_6.59894318499_3.32829954463.png,Rivers,20-30
6.628887027793985_3.343271466031992_6.59894318499_3.32829954463.png,Rivers,20-30
6.628887027793985_3.358243387433984_6.59894318499_3.32829954463.png,Rivers,20-30
6.628887027793985_3.373215308835976_6.59894318499_3.32829954463.png,Rivers,20-30
6.630334526888008_3.260692803574024_6.64530644829_3.30560856778.png,Rivers,20-30
6.630334526888008_3.275664724976016_6.64530644829_3.30560856778.png,Rivers,20-30
6.630334526888008_3.2906366463780077_6.64530644829_3.30560856778.png,Rivers,20-30
6.630334526888008_3.30560856778_6.64530644829_3.30560856778.png,Rivers,20-30
6.630334526888008_3.320580489181992_6.64530644829_3.30560856778.png,Rivers,20-30
6.630334526888008_3.3355524105839836_6.64530644829_3.30560856778.png,Rivers,20-30
6.630334526888008_3.3505243319859757_6.64530644829_3.30560856778.png,Rivers,20-30
6.63036521164_3.2732475601640245_6.63036521164_3.3181633243700004.png,Rivers,20-30
6.63036521164_3.2882194815660166_6.63036521164_3.3181633243700004.png,Rivers,20-30
6.63036521164_3.3031914029680083_6.63036521164_3.3181633243700004.png,Rivers,20-30
6.63036521164_3.3181633243700004_6.63036521164_3.3181633243700004.png,Rivers,20-30
6.63036521164_3.3331352457719925_6.63036521164_3.3181633243700004.png,Rivers,20-30
6.63036521164_3.348107167173984_6.63036521164_3.3181633243700004.png,Rivers,20-30
6.63036521164_3.3630790885759763_6.63036521164_3.3181633243700004.png,Rivers,20-30
6.631007587323984_3.263013961824024_6.60106374452_3.30792972603.png,Rivers,20-30
6.631007587323984_3.277985883226016_6.60106374452_3.30792972603.png,Rivers,20-30
6.631007587323984_3.2929578046280077_6.60106374452_3.30792972603.png,Rivers,20-30
6.631007587323984_3.30792972603_6.60106374452_3.30792972603.png,Rivers,20-30
6.631007587323984_3.322901647431992_6.60106374452_3.30792972603.png,Rivers,20-30
6.631007587323984_3.3378735688339836_6.60106374452_3.30792972603.png,Rivers,20-30
6.631007587323984_3.3528454902359757_6.60106374452_3.30792972603.png,Rivers,20-30
6.6310983483184245_3.3290552730455287_6.60106374452_3.30792972603.png,Rivers,20-30
6.631121206735976_3.183609751324024_6.58620544253_3.22852551553.png,Rivers,20-30
6.631121206735976_3.213553594128008_6.58620544253_3.22852551553.png,Rivers,20-30
6.631121206735976_3.22852551553_6.58620544253_3.22852551553.png,Rivers,20-30
6.631121206735976_3.243497436931992_6.58620544253_3.22852551553.png,Rivers,20-30
6.631121206735976_3.2584693583339837_6.58620544253_3.22852551553.png,Rivers,20-30
6.631121206735976_3.2734412797359758_6.58620544253_3.22852551553.png,Rivers,20-30
6.6337948075539845_3.4511065118040243_6.60385096475_3.49602227601.png,Rivers,20-30
6.6337948075539845_3.4660784332060164_6.60385096475_3.49602227601.png,Rivers,20-30
6.6337948075539845_3.481050354608008_6.60385096475_3.49602227601.png,Rivers,20-30
6.6337948075539845_3.49602227601_6.60385096475_3.49602227601.png,Rivers,20-30
6.6337948075539845_3.5109941974119923_6.60385096475_3.49602227601.png,Rivers,20-30
6.6337948075539845_3.525966118813984_6.60385096475_3.49602227601.png,Rivers,20-30
6.6337948075539845_3.540938040215976_6.60385096475_3.49602227601.png,Rivers,20-30
6.633825301125976_3.333786314074024_6.588909536919999_3.37870207828.png,Rivers,20-30
6.633825301125976_3.348758235476016_6.588909536919999_3.37870207828.png,Rivers,20-30
6.633825301125976_3.363730156878008_6.588909536919999_3.37870207828.png,Rivers,20-30
6.633825301125976_3.37870207828_6.588909536919999_3.37870207828.png,Rivers,20-30
6.633825301125976_3.393673999681992_6.588909536919999_3.37870207828.png,Rivers,20-30
6.633825301125976_3.4086459210839837_6.588909536919999_3.37870207828.png,Rivers,20-30
6.633825301125976_3.423617842485976_6.588909536919999_3.37870207828.png,Rivers,20-30
6.634868231726016_3.134377520948008_6.66481207453_3.14934944235.png,Rivers,20-30
6.634868231726016_3.14934944235_6.66481207453_3.14934944235.png,Rivers,20-30
6.6362375816134165_3.1662398718231484_6.66481207453_3.14934944235.png,Rivers,20-30
6.638000097356017_3.277870537504024_6.667943940160002_3.32278630171.png,Rivers,20-30
6.638000097356017_3.292842458906016_6.667943940160002_3.32278630171.png,Rivers,20-30
6.638000097356017_3.307814380308008_6.667943940160002_3.32278630171.png,Rivers,20-30
6.638000097356017_3.32278630171_6.667943940160002_3.32278630171.png,Rivers,20-30
6.638000097356017_3.337758223111992_6.667943940160002_3.32278630171.png,Rivers,20-30
6.638000097356017_3.3527301445139837_6.667943940160002_3.32278630171.png,Rivers,20-30
6.638000097356017_3.3677020659159758_6.667943940160002_3.32278630171.png,Rivers,20-30
6.6381697442060155_3.3058445036840243_6.66811358701_3.35076026789.png,Rivers,20-30
6.6381697442060155_3.3208164250860164_6.66811358701_3.35076026789.png,Rivers,20-30
6.6381697442060155_3.335788346488008_6.66811358701_3.35076026789.png,Rivers,20-30
6.6381697442060155_3.35076026789_6.66811358701_3.35076026789.png,Rivers,20-30
6.6381697442060155_3.3657321892919922_6.66811358701_3.35076026789.png,Rivers,20-30
6.6381697442060155_3.380704110693984_6.66811358701_3.35076026789.png,Rivers,20-30
6.6381697442060155_3.395676032095976_6.66811358701_3.35076026789.png,Rivers,20-30
6.638329895938008_3.224019888874024_6.65330181734_3.26893565308.png,Rivers,20-30
6.638329895938008_3.238991810276016_6.65330181734_3.26893565308.png,Rivers,20-30
6.638329895938008_3.2539637316780077_6.65330181734_3.26893565308.png,Rivers,20-30
6.638329895938008_3.26893565308_6.65330181734_3.26893565308.png,Rivers,20-30
6.638329895938008_3.283907574481992_6.65330181734_3.26893565308.png,Rivers,20-30
6.638329895938008_3.2988794958839835_6.65330181734_3.26893565308.png,Rivers,20-30
6.638329895938008_3.3138514172859757_6.65330181734_3.26893565308.png,Rivers,20-30
6.638532214803595_3.4678440374003174_6.60385096475_3.49602227601.png,Rivers,20-30
6.639160461868008_3.792665745084024_6.65413238327_3.83758150929.png,Rivers,20-30
6.639160461868008_3.8076376664860163_6.65413238327_3.83758150929.png,Rivers,20-30
6.639160461868008_3.822609587888008_6.65413238327_3.83758150929.png,Rivers,20-30
6.6426397093640235_3.155770875904024_6.68755547357_3.20068664011.png,Rivers,20-30
6.6426397093640235_3.170742797306016_6.68755547357_3.20068664011.png,Rivers,20-30
6.6426397093640235_3.1857147187080077_6.68755547357_3.20068664011.png,Rivers,20-30
6.6426397093640235_3.215658561511992_6.68755547357_3.20068664011.png,Rivers,20-30
6.6426397093640235_3.2306304829139836_6.68755547357_3.20068664011.png,Rivers,20-30
6.6426397093640235_3.2456024043159757_6.68755547357_3.20068664011.png,Rivers,20-30
6.643553632371992_3.212207491394024_6.62858171097_3.2571232556.png,Rivers,20-30
6.643553632371992_3.227179412796016_6.62858171097_3.2571232556.png,Rivers,20-30
6.643553632371992_3.2421513341980077_6.62858171097_3.2571232556.png,Rivers,20-30
6.643553632371992_3.2571232556_6.62858171097_3.2571232556.png,Rivers,20-30
6.643553632371992_3.272095177001992_6.62858171097_3.2571232556.png,Rivers,20-30
6.643553632371992_3.2870670984039836_6.62858171097_3.2571232556.png,Rivers,20-30
6.643553632371992_3.3020390198059757_6.62858171097_3.2571232556.png,Rivers,20-30
6.643693979225975_3.2554523538940243_6.5987782150199985_3.3003681181.png,Rivers,20-30
6.643693979225975_3.2704242752960164_6.5987782150199985_3.3003681181.png,Rivers,20-30
6.643693979225975_3.285396196698008_6.5987782150199985_3.3003681181.png,Rivers,20-30
6.643693979225975_3.3003681181_6.5987782150199985_3.3003681181.png,Rivers,20-30
6.643693979225975_3.3153400395019923_6.5987782150199985_3.3003681181.png,Rivers,20-30
6.643693979225975_3.330311960903984_6.5987782150199985_3.3003681181.png,Rivers,20-30
6.643693979225975_3.345283882305976_6.5987782150199985_3.3003681181.png,Rivers,20-30
6.643858949195977_3.2833837804240242_6.59894318499_3.32829954463.png,Rivers,20-30
6.643858949195977_3.2983557018260163_6.59894318499_3.32829954463.png,Rivers,20-30
6.643858949195977_3.313327623228008_6.59894318499_3.32829954463.png,Rivers,20-30
6.643858949195977_3.32829954463_6.59894318499_3.32829954463.png,Rivers,20-30
6.643858949195977_3.343271466031992_6.59894318499_3.32829954463.png,Rivers,20-30
6.643858949195977_3.358243387433984_6.59894318499_3.32829954463.png,Rivers,20-30
6.643858949195977_3.373215308835976_6.59894318499_3.32829954463.png,Rivers,20-30
6.645252298376766_3.1816594077209324_6.68755547357_3.20068664011.png,Rivers,20-30
6.64530644829_3.260692803574024_6.64530644829_3.30560856778.png,Rivers,20-30
6.64530644829_3.275664724976016_6.64530644829_3.30560856778.png,Rivers,20-30
6.64530644829_3.2906366463780077_6.64530644829_3.30560856778.png,Rivers,20-30
6.64530644829_3.30560856778_6.64530644829_3.30560856778.png,Rivers,20-30
6.64530644829_3.320580489181992_6.64530644829_3.30560856778.png,Rivers,20-30
6.64530644829_3.3355524105839836_6.64530644829_3.30560856778.png,Rivers,20-30
6.64530644829_3.3505243319859757_6.64530644829_3.30560856778.png,Rivers,20-30
6.645337133041992_3.2732475601640245_6.63036521164_3.3181633243700004.png,Rivers,20-30
6.645337133041992_3.2882194815660166_6.63036521164_3.3181633243700004.png,Rivers,20-30
6.645337133041992_3.3031914029680083_6.63036521164_3.3181633243700004.png,Rivers,20-30
6.645337133041992_3.3181633243700004_6.63036521164_3.3181633243700004.png,Rivers,20-30
6.645337133041992_3.3331352457719925_6.63036521164_3.3181633243700004.png,Rivers,20-30
6.645337133041992_3.348107167173984_6.63036521164_3.3181633243700004.png,Rivers,20-30
6.645337133041992_3.3630790885759763_6.63036521164_3.3181633243700004.png,Rivers,20-30
6.645569026274024_3.242713977744024_6.69048479048_3.28762974195.png,Rivers,20-30
6.645569026274024_3.2576858991460163_6.69048479048_3.28762974195.png,Rivers,20-30
6.645569026274024_3.272657820548008_6.69048479048_3.28762974195.png,Rivers,20-30
6.645569026274024_3.28762974195_6.69048479048_3.28762974195.png,Rivers,20-30
6.645569026274024_3.302601663351992_6.69048479048_3.28762974195.png,Rivers,20-30
6.645569026274024_3.317573584753984_6.69048479048_3.28762974195.png,Rivers,20-30
6.645569026274024_3.332545506155976_6.69048479048_3.28762974195.png,Rivers,20-30
6.645707020554024_3.248859085054024_6.69062278476_3.29377484926.png,Rivers,20-30
6.645707020554024_3.2638310064560163_6.69062278476_3.29377484926.png,Rivers,20-30
6.645707020554024_3.278802927858008_6.69062278476_3.29377484926.png,Rivers,20-30
6.645707020554024_3.29377484926_6.69062278476_3.29377484926.png,Rivers,20-30
6.645707020554024_3.308746770661992_6.69062278476_3.29377484926.png,Rivers,20-30
6.645707020554024_3.323718692063984_6.69062278476_3.29377484926.png,Rivers,20-30
6.645707020554024_3.338690613465976_6.69062278476_3.29377484926.png,Rivers,20-30
6.6459795087259765_3.263013961824024_6.60106374452_3.30792972603.png,Rivers,20-30
6.6459795087259765_3.277985883226016_6.60106374452_3.30792972603.png,Rivers,20-30
6.6459795087259765_3.2929578046280077_6.60106374452_3.30792972603.png,Rivers,20-30
6.6459795087259765_3.30792972603_6.60106374452_3.30792972603.png,Rivers,20-30
6.6459795087259765_3.322901647431992_6.60106374452_3.30792972603.png,Rivers,20-30
6.6459795087259765_3.3378735688339836_6.60106374452_3.30792972603.png,Rivers,20-30
6.6459795087259765_3.3528454902359757_6.60106374452_3.30792972603.png,Rivers,20-30
6.646616999843429_3.2670331813790465_6.69062278476_3.29377484926.png,Rivers,20-30
6.648766728955977_3.4511065118040243_6.60385096475_3.49602227601.png,Rivers,20-30
6.648766728955977_3.4660784332060164_6.60385096475_3.49602227601.png,Rivers,20-30
6.648766728955977_3.481050354608008_6.60385096475_3.49602227601.png,Rivers,20-30
6.648766728955977_3.49602227601_6.60385096475_3.49602227601.png,Rivers,20-30
6.648766728955977_3.5109941974119923_6.60385096475_3.49602227601.png,Rivers,20-30
6.648766728955977_3.525966118813984_6.60385096475_3.49602227601.png,Rivers,20-30
6.648766728955977_3.540938040215976_6.60385096475_3.49602227601.png,Rivers,20-30
6.649088633784025_3.116725447651992_6.6940043979900015_3.10175352625.png,Rivers,20-30
6.649088633784025_3.1316973690539838_6.6940043979900015_3.10175352625.png,Rivers,20-30
6.649840153128008_3.1194055995460164_6.66481207453_3.14934944235.png,Rivers,20-30
6.649840153128008_3.14934944235_6.66481207453_3.14934944235.png,Rivers,20-30
6.6529720187580095_3.277870537504024_6.667943940160002_3.32278630171.png,Rivers,20-30
6.6529720187580095_3.292842458906016_6.667943940160002_3.32278630171.png,Rivers,20-30
6.6529720187580095_3.307814380308008_6.667943940160002_3.32278630171.png,Rivers,20-30
6.6529720187580095_3.32278630171_6.667943940160002_3.32278630171.png,Rivers,20-30
6.6529720187580095_3.337758223111992_6.667943940160002_3.32278630171.png,Rivers,20-30
6.6529720187580095_3.3527301445139837_6.667943940160002_3.32278630171.png,Rivers,20-30
6.6529720187580095_3.3677020659159758_6.667943940160002_3.32278630171.png,Rivers,20-30
6.653141665608008_3.3058445036840243_6.66811358701_3.35076026789.png,Rivers,20-30
6.653141665608008_3.3208164250860164_6.66811358701_3.35076026789.png,Rivers,20-30
6.653141665608008_3.335788346488008_6.66811358701_3.35076026789.png,Rivers,20-30
6.653141665608008_3.35076026789_6.66811358701_3.35076026789.png,Rivers,20-30
6.653141665608008_3.3657321892919922_6.66811358701_3.35076026789.png,Rivers,20-30
6.653141665608008_3.380704110693984_6.66811358701_3.35076026789.png,Rivers,20-30
6.653141665608008_3.395676032095976_6.66811358701_3.35076026789.png,Rivers,20-30
6.65330181734_3.224019888874024_6.65330181734_3.26893565308.png,Rivers,20-30
6.65330181734_3.238991810276016_6.65330181734_3.26893565308.png,Rivers,20-30
6.65330181734_3.2539637316780077_6.65330181734_3.26893565308.png,Rivers,20-30
6.65330181734_3.26893565308_6.65330181734_3.26893565308.png,Rivers,20-30
6.65330181734_3.283907574481992_6.65330181734_3.26893565308.png,Rivers,20-30
6.65330181734_3.2988794958839835_6.65330181734_3.26893565308.png,Rivers,20-30
6.65330181734_3.3138514172859757_6.65330181734_3.26893565308.png,Rivers,20-30
6.657611630766016_3.155770875904024_6.68755547357_3.20068664011.png,Rivers,20-30
6.657611630766016_3.170742797306016_6.68755547357_3.20068664011.png,Rivers,20-30
6.657611630766016_3.1857147187080077_6.68755547357_3.20068664011.png,Rivers,20-30
6.657611630766016_3.20068664011_6.68755547357_3.20068664011.png,Rivers,20-30
6.657611630766016_3.215658561511992_6.68755547357_3.20068664011.png,Rivers,20-30
6.657611630766016_3.2306304829139836_6.68755547357_3.20068664011.png,Rivers,20-30
6.657611630766016_3.2456024043159757_6.68755547357_3.20068664011.png,Rivers,20-30
6.658525553773984_3.212207491394024_6.62858171097_3.2571232556.png,Rivers,20-30
6.658525553773984_3.227179412796016_6.62858171097_3.2571232556.png,Rivers,20-30
6.658525553773984_3.2421513341980077_6.62858171097_3.2571232556.png,Rivers,20-30
6.658525553773984_3.2571232556_6.62858171097_3.2571232556.png,Rivers,20-30
6.658525553773984_3.272095177001992_6.62858171097_3.2571232556.png,Rivers,20-30
6.658525553773984_3.2870670984039836_6.62858171097_3.2571232556.png,Rivers,20-30
6.658525553773984_3.3020390198059757_6.62858171097_3.2571232556.png,Rivers,20-30
6.6602783696919925_3.260692803574024_6.64530644829_3.30560856778.png,Rivers,20-30
6.6602783696919925_3.275664724976016_6.64530644829_3.30560856778.png,Rivers,20-30
6.6602783696919925_3.2906366463780077_6.64530644829_3.30560856778.png,Rivers,20-30
6.6602783696919925_3.30560856778_6.64530644829_3.30560856778.png,Rivers,20-30
6.6602783696919925_3.320580489181992_6.64530644829_3.30560856778.png,Rivers,20-30
6.6602783696919925_3.3355524105839836_6.64530644829_3.30560856778.png,Rivers,20-30
6.6602783696919925_3.3505243319859757_6.64530644829_3.30560856778.png,Rivers,20-30
6.660309054443984_3.2732475601640245_6.63036521164_3.3181633243700004.png,Rivers,20-30
6.660309054443984_3.2882194815660166_6.63036521164_3.3181633243700004.png,Rivers,20-30
6.660309054443984_3.3031914029680083_6.63036521164_3.3181633243700004.png,Rivers,20-30
6.660309054443984_3.3181633243700004_6.63036521164_3.3181633243700004.png,Rivers,20-30
6.660309054443984_3.3331352457719925_6.63036521164_3.3181633243700004.png,Rivers,20-30
6.660309054443984_3.348107167173984_6.63036521164_3.3181633243700004.png,Rivers,20-30
6.660309054443984_3.3630790885759763_6.63036521164_3.3181633243700004.png,Rivers,20-30
6.660540947676016_3.242713977744024_6.69048479048_3.28762974195.png,Rivers,20-30
6.660540947676016_3.2576858991460163_6.69048479048_3.28762974195.png,Rivers,20-30
6.660540947676016_3.272657820548008_6.69048479048_3.28762974195.png,Rivers,20-30
6.660540947676016_3.28762974195_6.69048479048_3.28762974195.png,Rivers,20-30
6.660540947676016_3.302601663351992_6.69048479048_3.28762974195.png,Rivers,20-30
6.660540947676016_3.317573584753984_6.69048479048_3.28762974195.png,Rivers,20-30
6.660540947676016_3.332545506155976_6.69048479048_3.28762974195.png,Rivers,20-30
6.660662915336297_3.2906351948362507_6.65330181734_3.26893565308.png,Rivers,20-30
6.660678941956016_3.248859085054024_6.69062278476_3.29377484926.png,Rivers,20-30
6.660678941956016_3.2638310064560163_6.69062278476_3.29377484926.png,Rivers,20-30
6.660678941956016_3.278802927858008_6.69062278476_3.29377484926.png,Rivers,20-30
6.660678941956016_3.29377484926_6.69062278476_3.29377484926.png,Rivers,20-30
6.660678941956016_3.308746770661992_6.69062278476_3.29377484926.png,Rivers,20-30
6.660678941956016_3.323718692063984_6.69062278476_3.29377484926.png,Rivers,20-30
6.660678941956016_3.338690613465976_6.69062278476_3.29377484926.png,Rivers,20-30
6.662010725925629_3.2339472177111177_6.62858171097_3.2571232556.png,Rivers,20-30
6.662533871774024_3.242765321124024_6.707449635980001_3.28768108533.png,Rivers,20-30
6.662533871774024_3.2577372425260163_6.707449635980001_3.28768108533.png,Rivers,20-30
6.662533871774024_3.272709163928008_6.707449635980001_3.28768108533.png,Rivers,20-30
6.662533871774024_3.28768108533_6.707449635980001_3.28768108533.png,Rivers,20-30
6.662533871774024_3.302653006731992_6.707449635980001_3.28768108533.png,Rivers,20-30
6.662533871774024_3.317624928133984_6.707449635980001_3.28768108533.png,Rivers,20-30
6.662533871774024_3.332596849535976_6.707449635980001_3.28768108533.png,Rivers,20-30
6.6628142377440245_3.1972867170640247_6.707730001950001_3.2422024812700005.png,Rivers,20-30
6.6628142377440245_3.212258638466017_6.707730001950001_3.2422024812700005.png,Rivers,20-30
6.6628142377440245_3.2272305598680084_6.707730001950001_3.2422024812700005.png,Rivers,20-30
6.6628142377440245_3.2422024812700005_6.707730001950001_3.2422024812700005.png,Rivers,20-30
6.6628142377440245_3.2571744026719927_6.707730001950001_3.2422024812700005.png,Rivers,20-30
6.6628142377440245_3.2721463240739843_6.707730001950001_3.2422024812700005.png,Rivers,20-30
6.6628142377440245_3.2871182454759764_6.707730001950001_3.2422024812700005.png,Rivers,20-30
6.663413695675461_3.3170101956805076_6.63036521164_3.3181633243700004.png,Rivers,20-30
6.6647511524923315_3.3191540781838205_6.707449635980001_3.28768108533.png,Rivers,20-30
6.66481207453_3.179293285153984_6.66481207453_3.14934944235.png,Rivers,20-30
6.66481207453_3.194265206555976_6.66481207453_3.14934944235.png,Rivers,20-30
6.667943940160002_3.277870537504024_6.667943940160002_3.32278630171.png,Rivers,20-30
6.667943940160002_3.292842458906016_6.667943940160002_3.32278630171.png,Rivers,20-30
6.667943940160002_3.307814380308008_6.667943940160002_3.32278630171.png,Rivers,20-30
6.667943940160002_3.32278630171_6.667943940160002_3.32278630171.png,Rivers,20-30
6.667943940160002_3.337758223111992_6.667943940160002_3.32278630171.png,Rivers,20-30
6.667943940160002_3.3527301445139837_6.667943940160002_3.32278630171.png,Rivers,20-30
6.667943940160002_3.3677020659159758_6.667943940160002_3.32278630171.png,Rivers,20-30
6.66811358701_3.3058445036840243_6.66811358701_3.35076026789.png,Rivers,20-30
6.66811358701_3.3208164250860164_6.66811358701_3.35076026789.png,Rivers,20-30
6.66811358701_3.335788346488008_6.66811358701_3.35076026789.png,Rivers,20-30
6.66811358701_3.35076026789_6.66811358701_3.35076026789.png,Rivers,20-30
6.66811358701_3.3657321892919922_6.66811358701_3.35076026789.png,Rivers,20-30
6.66811358701_3.380704110693984_6.66811358701_3.35076026789.png,Rivers,20-30
6.66811358701_3.395676032095976_6.66811358701_3.35076026789.png,Rivers,20-30
6.668273738741992_3.224019888874024_6.65330181734_3.26893565308.png,Rivers,20-30
6.668273738741992_3.238991810276016_6.65330181734_3.26893565308.png,Rivers,20-30
6.668273738741992_3.2539637316780077_6.65330181734_3.26893565308.png,Rivers,20-30
6.668273738741992_3.26893565308_6.65330181734_3.26893565308.png,Rivers,20-30
6.668273738741992_3.283907574481992_6.65330181734_3.26893565308.png,Rivers,20-30
6.668273738741992_3.2988794958839835_6.65330181734_3.26893565308.png,Rivers,20-30
6.668273738741992_3.3138514172859757_6.65330181734_3.26893565308.png,Rivers,20-30
6.669009879284297_3.3302386790666296_6.69048479048_3.28762974195.png,Rivers,20-30
6.6691043046719924_3.8076376664860163_6.65413238327_3.83758150929.png,Rivers,20-30
6.669331390845309_3.21227229249333_6.707730001950001_3.2422024812700005.png,Rivers,20-30
6.669651052237847_3.144966233022491_6.66481207453_3.14934944235.png,Rivers,20-30
6.672583552168008_3.155770875904024_6.68755547357_3.20068664011.png,Rivers,20-30
6.672583552168008_3.170742797306016_6.68755547357_3.20068664011.png,Rivers,20-30
6.672583552168008_3.1857147187080077_6.68755547357_3.20068664011.png,Rivers,20-30
6.672583552168008_3.20068664011_6.68755547357_3.20068664011.png,Rivers,20-30
6.672583552168008_3.215658561511992_6.68755547357_3.20068664011.png,Rivers,20-30
6.672583552168008_3.2306304829139836_6.68755547357_3.20068664011.png,Rivers,20-30
6.672583552168008_3.2456024043159757_6.68755547357_3.20068664011.png,Rivers,20-30
6.673497475175976_3.212207491394024_6.62858171097_3.2571232556.png,Rivers,20-30
6.673497475175976_3.227179412796016_6.62858171097_3.2571232556.png,Rivers,20-30
6.673497475175976_3.2421513341980077_6.62858171097_3.2571232556.png,Rivers,20-30
6.673497475175976_3.2571232556_6.62858171097_3.2571232556.png,Rivers,20-30
6.673497475175976_3.272095177001992_6.62858171097_3.2571232556.png,Rivers,20-30
6.673497475175976_3.2870670984039836_6.62858171097_3.2571232556.png,Rivers,20-30
6.673497475175976_3.3020390198059757_6.62858171097_3.2571232556.png,Rivers,20-30
6.673855142304024_3.478317695725976_6.7187709065100005_3.43340193152.png,Rivers,20-30
6.675250291093985_3.260692803574024_6.64530644829_3.30560856778.png,Rivers,20-30
6.675250291093985_3.275664724976016_6.64530644829_3.30560856778.png,Rivers,20-30
6.675250291093985_3.2906366463780077_6.64530644829_3.30560856778.png,Rivers,20-30
6.675250291093985_3.30560856778_6.64530644829_3.30560856778.png,Rivers,20-30
6.675250291093985_3.320580489181992_6.64530644829_3.30560856778.png,Rivers,20-30
6.675250291093985_3.3355524105839836_6.64530644829_3.30560856778.png,Rivers,20-30
6.675250291093985_3.3505243319859757_6.64530644829_3.30560856778.png,Rivers,20-30
6.675280975845976_3.2732475601640245_6.63036521164_3.3181633243700004.png,Rivers,20-30
6.675280975845976_3.2882194815660166_6.63036521164_3.3181633243700004.png,Rivers,20-30
6.675280975845976_3.3031914029680083_6.63036521164_3.3181633243700004.png,Rivers,20-30
6.675280975845976_3.3181633243700004_6.63036521164_3.3181633243700004.png,Rivers,20-30
6.675280975845976_3.3331352457719925_6.63036521164_3.3181633243700004.png,Rivers,20-30
6.675280975845976_3.348107167173984_6.63036521164_3.3181633243700004.png,Rivers,20-30
6.675280975845976_3.3630790885759763_6.63036521164_3.3181633243700004.png,Rivers,20-30
6.675512869078008_3.242713977744024_6.69048479048_3.28762974195.png,Rivers,20-30
6.675512869078008_3.2576858991460163_6.69048479048_3.28762974195.png,Rivers,20-30
6.675512869078008_3.272657820548008_6.69048479048_3.28762974195.png,Rivers,20-30
6.675512869078008_3.28762974195_6.69048479048_3.28762974195.png,Rivers,20-30
6.675512869078008_3.302601663351992_6.69048479048_3.28762974195.png,Rivers,20-30
6.675512869078008_3.317573584753984_6.69048479048_3.28762974195.png,Rivers,20-30
6.675512869078008_3.332545506155976_6.69048479048_3.28762974195.png,Rivers,20-30
6.675650863358008_3.248859085054024_6.69062278476_3.29377484926.png,Rivers,20-30
6.675650863358008_3.2638310064560163_6.69062278476_3.29377484926.png,Rivers,20-30
6.675650863358008_3.278802927858008_6.69062278476_3.29377484926.png,Rivers,20-30
6.675650863358008_3.29377484926_6.69062278476_3.29377484926.png,Rivers,20-30
6.675650863358008_3.308746770661992_6.69062278476_3.29377484926.png,Rivers,20-30
6.675650863358008_3.323718692063984_6.69062278476_3.29377484926.png,Rivers,20-30
6.675650863358008_3.338690613465976_6.69062278476_3.29377484926.png,Rivers,20-30
6.676338429028983_3.3100195724217296_6.667943940160002_3.32278630171.png,Rivers,20-30
6.6775057931760164_3.242765321124024_6.707449635980001_3.28768108533.png,Rivers,20-30
6.6775057931760164_3.2577372425260163_6.707449635980001_3.28768108533.png,Rivers,20-30
6.6775057931760164_3.272709163928008_6.707449635980001_3.28768108533.png,Rivers,20-30
6.6775057931760164_3.28768108533_6.707449635980001_3.28768108533.png,Rivers,20-30
6.6775057931760164_3.302653006731992_6.707449635980001_3.28768108533.png,Rivers,20-30
6.6775057931760164_3.317624928133984_6.707449635980001_3.28768108533.png,Rivers,20-30
6.6775057931760164_3.332596849535976_6.707449635980001_3.28768108533.png,Rivers,20-30
6.677786159146017_3.1972867170640247_6.707730001950001_3.2422024812700005.png,Rivers,20-30
6.677786159146017_3.212258638466017_6.707730001950001_3.2422024812700005.png,Rivers,20-30
6.677786159146017_3.2272305598680084_6.707730001950001_3.2422024812700005.png,Rivers,20-30
6.677786159146017_3.2422024812700005_6.707730001950001_3.2422024812700005.png,Rivers,20-30
6.677786159146017_3.2571744026719927_6.707730001950001_3.2422024812700005.png,Rivers,20-30
6.677786159146017_3.2721463240739843_6.707730001950001_3.2422024812700005.png,Rivers,20-30
6.677786159146017_3.2871182454759764_6.707730001950001_3.2422024812700005.png,Rivers,20-30
6.6782878053940244_3.204632141674024_6.723203569600001_3.24954790588.png,Rivers,20-30
6.6782878053940244_3.2196040630760163_6.723203569600001_3.24954790588.png,Rivers,20-30
6.6782878053940244_3.234575984478008_6.723203569600001_3.24954790588.png,Rivers,20-30
6.6782878053940244_3.24954790588_6.723203569600001_3.24954790588.png,Rivers,20-30
6.6782878053940244_3.264519827281992_6.723203569600001_3.24954790588.png,Rivers,20-30
6.6782878053940244_3.279491748683984_6.723203569600001_3.24954790588.png,Rivers,20-30
6.6782878053940244_3.294463670085976_6.723203569600001_3.24954790588.png,Rivers,20-30
6.679032476588009_3.10175352625_6.6940043979900015_3.10175352625.png,Rivers,20-30
6.679032476588009_3.146669290455976_6.6940043979900015_3.10175352625.png,Rivers,20-30
6.681901151754023_3.409414709786016_6.72681691596_3.43935855259.png,Rivers,20-30
6.682915861561994_3.277870537504024_6.667943940160002_3.32278630171.png,Rivers,20-30
6.682915861561994_3.292842458906016_6.667943940160002_3.32278630171.png,Rivers,20-30
6.682915861561994_3.307814380308008_6.667943940160002_3.32278630171.png,Rivers,20-30
6.682915861561994_3.32278630171_6.667943940160002_3.32278630171.png,Rivers,20-30
6.682915861561994_3.337758223111992_6.667943940160002_3.32278630171.png,Rivers,20-30
6.682915861561994_3.3527301445139837_6.667943940160002_3.32278630171.png,Rivers,20-30
6.682915861561994_3.3677020659159758_6.667943940160002_3.32278630171.png,Rivers,20-30
6.683085508411992_3.3058445036840243_6.66811358701_3.35076026789.png,Rivers,20-30
6.683085508411992_3.3208164250860164_6.66811358701_3.35076026789.png,Rivers,20-30
6.683085508411992_3.335788346488008_6.66811358701_3.35076026789.png,Rivers,20-30
6.683085508411992_3.35076026789_6.66811358701_3.35076026789.png,Rivers,20-30
6.683085508411992_3.3657321892919922_6.66811358701_3.35076026789.png,Rivers,20-30
6.683085508411992_3.380704110693984_6.66811358701_3.35076026789.png,Rivers,20-30
6.683085508411992_3.395676032095976_6.66811358701_3.35076026789.png,Rivers,20-30
6.683245660143984_3.224019888874024_6.65330181734_3.26893565308.png,Rivers,20-30
6.683245660143984_3.238991810276016_6.65330181734_3.26893565308.png,Rivers,20-30
6.683245660143984_3.2539637316780077_6.65330181734_3.26893565308.png,Rivers,20-30
6.683245660143984_3.26893565308_6.65330181734_3.26893565308.png,Rivers,20-30
6.683245660143984_3.283907574481992_6.65330181734_3.26893565308.png,Rivers,20-30
6.683245660143984_3.2988794958839835_6.65330181734_3.26893565308.png,Rivers,20-30
6.683245660143984_3.3138514172859757_6.65330181734_3.26893565308.png,Rivers,20-30
6.6840762260739846_3.792665745084024_6.65413238327_3.83758150929.png,Rivers,20-30
6.6840762260739846_3.852553430691992_6.65413238327_3.83758150929.png,Rivers,20-30
6.68755547357_3.155770875904024_6.68755547357_3.20068664011.png,Rivers,20-30
6.68755547357_3.170742797306016_6.68755547357_3.20068664011.png,Rivers,20-30
6.68755547357_3.1857147187080077_6.68755547357_3.20068664011.png,Rivers,20-30
6.68755547357_3.20068664011_6.68755547357_3.20068664011.png,Rivers,20-30
6.68755547357_3.215658561511992_6.68755547357_3.20068664011.png,Rivers,20-30
6.68755547357_3.2306304829139836_6.68755547357_3.20068664011.png,Rivers,20-30
6.68755547357_3.2456024043159757_6.68755547357_3.20068664011.png,Rivers,20-30
6.688827063706016_3.3884861673140243_6.7187709065100005_3.43340193152.png,Rivers,20-30
6.688827063706016_3.43340193152_6.7187709065100005_3.43340193152.png,Rivers,20-30
6.688827063706016_3.4483738529219923_6.7187709065100005_3.43340193152.png,Rivers,20-30
6.69010129155331_3.332238444810784_6.64530644829_3.30560856778.png,Rivers,20-30
6.690222212495977_3.260692803574024_6.64530644829_3.30560856778.png,Rivers,20-30
6.690222212495977_3.275664724976016_6.64530644829_3.30560856778.png,Rivers,20-30
6.690222212495977_3.2906366463780077_6.64530644829_3.30560856778.png,Rivers,20-30
6.690222212495977_3.30560856778_6.64530644829_3.30560856778.png,Rivers,20-30
6.690222212495977_3.320580489181992_6.64530644829_3.30560856778.png,Rivers,20-30
6.690222212495977_3.3355524105839836_6.64530644829_3.30560856778.png,Rivers,20-30
6.690222212495977_3.3505243319859757_6.64530644829_3.30560856778.png,Rivers,20-30
6.69048479048_3.242713977744024_6.69048479048_3.28762974195.png,Rivers,20-30
6.69048479048_3.2576858991460163_6.69048479048_3.28762974195.png,Rivers,20-30
6.69048479048_3.272657820548008_6.69048479048_3.28762974195.png,Rivers,20-30
6.69048479048_3.28762974195_6.69048479048_3.28762974195.png,Rivers,20-30
6.69048479048_3.302601663351992_6.69048479048_3.28762974195.png,Rivers,20-30
6.69048479048_3.317573584753984_6.69048479048_3.28762974195.png,Rivers,20-30
6.69048479048_3.332545506155976_6.69048479048_3.28762974195.png,Rivers,20-30
6.69062278476_3.248859085054024_6.69062278476_3.29377484926.png,Rivers,20-30
6.69062278476_3.2638310064560163_6.69062278476_3.29377484926.png,Rivers,20-30
6.69062278476_3.278802927858008_6.69062278476_3.29377484926.png,Rivers,20-30
6.69062278476_3.29377484926_6.69062278476_3.29377484926.png,Rivers,20-30
6.69062278476_3.308746770661992_6.69062278476_3.29377484926.png,Rivers,20-30
6.69062278476_3.323718692063984_6.69062278476_3.29377484926.png,Rivers,20-30
6.69062278476_3.338690613465976_6.69062278476_3.29377484926.png,Rivers,20-30
6.6924777145780086_3.242765321124024_6.707449635980001_3.28768108533.png,Rivers,20-30
6.6924777145780086_3.2577372425260163_6.707449635980001_3.28768108533.png,Rivers,20-30
6.6924777145780086_3.272709163928008_6.707449635980001_3.28768108533.png,Rivers,20-30
6.6924777145780086_3.28768108533_6.707449635980001_3.28768108533.png,Rivers,20-30
6.6924777145780086_3.302653006731992_6.707449635980001_3.28768108533.png,Rivers,20-30
6.6924777145780086_3.317624928133984_6.707449635980001_3.28768108533.png,Rivers,20-30
6.6924777145780086_3.332596849535976_6.707449635980001_3.28768108533.png,Rivers,20-30
6.692758080548009_3.1972867170640247_6.707730001950001_3.2422024812700005.png,Rivers,20-30
6.692758080548009_3.212258638466017_6.707730001950001_3.2422024812700005.png,Rivers,20-30
6.692758080548009_3.2272305598680084_6.707730001950001_3.2422024812700005.png,Rivers,20-30
6.692758080548009_3.2422024812700005_6.707730001950001_3.2422024812700005.png,Rivers,20-30
6.692758080548009_3.2571744026719927_6.707730001950001_3.2422024812700005.png,Rivers,20-30
6.692758080548009_3.2721463240739843_6.707730001950001_3.2422024812700005.png,Rivers,20-30
6.692758080548009_3.2871182454759764_6.707730001950001_3.2422024812700005.png,Rivers,20-30
6.6932597267960166_3.204632141674024_6.723203569600001_3.24954790588.png,Rivers,20-30
6.6932597267960166_3.2196040630760163_6.723203569600001_3.24954790588.png,Rivers,20-30
6.6932597267960166_3.234575984478008_6.723203569600001_3.24954790588.png,Rivers,20-30
6.6932597267960166_3.24954790588_6.723203569600001_3.24954790588.png,Rivers,20-30
6.6932597267960166_3.264519827281992_6.723203569600001_3.24954790588.png,Rivers,20-30
6.6932597267960166_3.279491748683984_6.723203569600001_3.24954790588.png,Rivers,20-30
6.6932597267960166_3.294463670085976_6.723203569600001_3.24954790588.png,Rivers,20-30
6.6940043979900015_3.146669290455976_6.6940043979900015_3.10175352625.png,Rivers,20-30
6.694326026399641_3.339979849871409_6.667943940160002_3.32278630171.png,Rivers,20-30
6.694550227774024_3.1149796183259757_6.73946599198_3.07006385412.png,Rivers,20-30
6.694562678704024_3.121281031624024_6.73947844291_3.16619679583.png,Rivers,20-30
6.694562678704024_3.16619679583_6.73947844291_3.16619679583.png,Rivers,20-30
6.694562678704024_3.181168717231992_6.73947844291_3.16619679583.png,Rivers,20-30
6.694755917333985_3.1044336781440243_6.66481207453_3.14934944235.png,Rivers,20-30
6.694755917333985_3.134377520948008_6.66481207453_3.14934944235.png,Rivers,20-30
6.694755917333985_3.1643213637519922_6.66481207453_3.14934944235.png,Rivers,20-30
6.6968730731560155_3.454330473991992_6.72681691596_3.43935855259.png,Rivers,20-30
6.697887782963986_3.277870537504024_6.667943940160002_3.32278630171.png,Rivers,20-30
6.697887782963986_3.292842458906016_6.667943940160002_3.32278630171.png,Rivers,20-30
6.697887782963986_3.307814380308008_6.667943940160002_3.32278630171.png,Rivers,20-30
6.697887782963986_3.32278630171_6.667943940160002_3.32278630171.png,Rivers,20-30
6.697887782963986_3.337758223111992_6.667943940160002_3.32278630171.png,Rivers,20-30
6.697887782963986_3.3527301445139837_6.667943940160002_3.32278630171.png,Rivers,20-30
6.697887782963986_3.3677020659159758_6.667943940160002_3.32278630171.png,Rivers,20-30
6.698057429813984_3.3058445036840243_6.66811358701_3.35076026789.png,Rivers,20-30
6.698057429813984_3.3208164250860164_6.66811358701_3.35076026789.png,Rivers,20-30
6.698057429813984_3.335788346488008_6.66811358701_3.35076026789.png,Rivers,20-30
6.698057429813984_3.35076026789_6.66811358701_3.35076026789.png,Rivers,20-30
6.698057429813984_3.3657321892919922_6.66811358701_3.35076026789.png,Rivers,20-30
6.698057429813984_3.380704110693984_6.66811358701_3.35076026789.png,Rivers,20-30
6.698057429813984_3.395676032095976_6.66811358701_3.35076026789.png,Rivers,20-30
6.698217581545976_3.224019888874024_6.65330181734_3.26893565308.png,Rivers,20-30
6.698217581545976_3.238991810276016_6.65330181734_3.26893565308.png,Rivers,20-30
6.698217581545976_3.2539637316780077_6.65330181734_3.26893565308.png,Rivers,20-30
6.698217581545976_3.26893565308_6.65330181734_3.26893565308.png,Rivers,20-30
6.698217581545976_3.283907574481992_6.65330181734_3.26893565308.png,Rivers,20-30
6.698217581545976_3.2988794958839835_6.65330181734_3.26893565308.png,Rivers,20-30
6.698217581545976_3.3138514172859757_6.65330181734_3.26893565308.png,Rivers,20-30
6.699048147475977_3.8076376664860163_6.65413238327_3.83758150929.png,Rivers,20-30
6.699048147475977_3.83758150929_6.65413238327_3.83758150929.png,Rivers,20-30
6.702527394971992_3.155770875904024_6.68755547357_3.20068664011.png,Rivers,20-30
6.702527394971992_3.170742797306016_6.68755547357_3.20068664011.png,Rivers,20-30
6.702527394971992_3.1857147187080077_6.68755547357_3.20068664011.png,Rivers,20-30
6.702527394971992_3.20068664011_6.68755547357_3.20068664011.png,Rivers,20-30
6.702527394971992_3.215658561511992_6.68755547357_3.20068664011.png,Rivers,20-30
6.702527394971992_3.2306304829139836_6.68755547357_3.20068664011.png,Rivers,20-30
6.702527394971992_3.2456024043159757_6.68755547357_3.20068664011.png,Rivers,20-30
6.703798985108008_3.43340193152_6.7187709065100005_3.43340193152.png,Rivers,20-30
6.704351835194907_3.2145570046616734_6.68755547357_3.20068664011.png,Rivers,20-30
6.705456711881992_3.242713977744024_6.69048479048_3.28762974195.png,Rivers,20-30
6.705456711881992_3.2576858991460163_6.69048479048_3.28762974195.png,Rivers,20-30
6.705456711881992_3.272657820548008_6.69048479048_3.28762974195.png,Rivers,20-30
6.705456711881992_3.28762974195_6.69048479048_3.28762974195.png,Rivers,20-30
6.705456711881992_3.302601663351992_6.69048479048_3.28762974195.png,Rivers,20-30
6.705456711881992_3.317573584753984_6.69048479048_3.28762974195.png,Rivers,20-30
6.705456711881992_3.332545506155976_6.69048479048_3.28762974195.png,Rivers,20-30
6.705565479108704_3.35894818659995_6.66811358701_3.35076026789.png,Rivers,20-30
6.7055947061619925_3.248859085054024_6.69062278476_3.29377484926.png,Rivers,20-30
6.7055947061619925_3.2638310064560163_6.69062278476_3.29377484926.png,Rivers,20-30
6.7055947061619925_3.278802927858008_6.69062278476_3.29377484926.png,Rivers,20-30
6.7055947061619925_3.29377484926_6.69062278476_3.29377484926.png,Rivers,20-30
6.7055947061619925_3.308746770661992_6.69062278476_3.29377484926.png,Rivers,20-30
6.7055947061619925_3.323718692063984_6.69062278476_3.29377484926.png,Rivers,20-30
6.7055947061619925_3.338690613465976_6.69062278476_3.29377484926.png,Rivers,20-30
6.707449635980001_3.242765321124024_6.707449635980001_3.28768108533.png,Rivers,20-30
6.707449635980001_3.2577372425260163_6.707449635980001_3.28768108533.png,Rivers,20-30
6.707449635980001_3.272709163928008_6.707449635980001_3.28768108533.png,Rivers,20-30
6.707449635980001_3.28768108533_6.707449635980001_3.28768108533.png,Rivers,20-30
6.707449635980001_3.302653006731992_6.707449635980001_3.28768108533.png,Rivers,20-30
6.707449635980001_3.317624928133984_6.707449635980001_3.28768108533.png,Rivers,20-30
6.707449635980001_3.332596849535976_6.707449635980001_3.28768108533.png,Rivers,20-30
6.707730001950001_3.1972867170640247_6.707730001950001_3.2422024812700005.png,Rivers,20-30
6.707730001950001_3.212258638466017_6.707730001950001_3.2422024812700005.png,Rivers,20-30
6.707730001950001_3.2272305598680084_6.707730001950001_3.2422024812700005.png,Rivers,20-30
6.707730001950001_3.2422024812700005_6.707730001950001_3.2422024812700005.png,Rivers,20-30
6.707730001950001_3.2571744026719927_6.707730001950001_3.2422024812700005.png,Rivers,20-30
6.707730001950001_3.2721463240739843_6.707730001950001_3.2422024812700005.png,Rivers,20-30
6.707730001950001_3.2871182454759764_6.707730001950001_3.2422024812700005.png,Rivers,20-30
6.708231648198009_3.204632141674024_6.723203569600001_3.24954790588.png,Rivers,20-30
6.708231648198009_3.2196040630760163_6.723203569600001_3.24954790588.png,Rivers,20-30
6.708231648198009_3.234575984478008_6.723203569600001_3.24954790588.png,Rivers,20-30
6.708231648198009_3.24954790588_6.723203569600001_3.24954790588.png,Rivers,20-30
6.708231648198009_3.264519827281992_6.723203569600001_3.24954790588.png,Rivers,20-30
6.708231648198009_3.279491748683984_6.723203569600001_3.24954790588.png,Rivers,20-30
6.708231648198009_3.294463670085976_6.723203569600001_3.24954790588.png,Rivers,20-30
6.708976319391994_3.1316973690539838_6.6940043979900015_3.10175352625.png,Rivers,20-30
6.708976319391994_3.146669290455976_6.6940043979900015_3.10175352625.png,Rivers,20-30
6.709522149176016_3.07006385412_6.73946599198_3.07006385412.png,Rivers,20-30
6.709534600106016_3.151224874428008_6.73947844291_3.16619679583.png,Rivers,20-30
6.709727838735977_3.1643213637519922_6.66481207453_3.14934944235.png,Rivers,20-30
6.709951359659219_3.2973726508583376_6.69062278476_3.29377484926.png,Rivers,20-30
6.711844994558008_3.409414709786016_6.72681691596_3.43935855259.png,Rivers,20-30
6.712859704365978_3.277870537504024_6.667943940160002_3.32278630171.png,Rivers,20-30
6.712859704365978_3.292842458906016_6.667943940160002_3.32278630171.png,Rivers,20-30
6.712859704365978_3.307814380308008_6.667943940160002_3.32278630171.png,Rivers,20-30
6.712859704365978_3.32278630171_6.667943940160002_3.32278630171.png,Rivers,20-30
6.712859704365978_3.337758223111992_6.667943940160002_3.32278630171.png,Rivers,20-30
6.712859704365978_3.3527301445139837_6.667943940160002_3.32278630171.png,Rivers,20-30
6.712859704365978_3.3677020659159758_6.667943940160002_3.32278630171.png,Rivers,20-30
6.713029351215976_3.3058445036840243_6.66811358701_3.35076026789.png,Rivers,20-30
6.713029351215976_3.3208164250860164_6.66811358701_3.35076026789.png,Rivers,20-30
6.713029351215976_3.335788346488008_6.66811358701_3.35076026789.png,Rivers,20-30
6.713029351215976_3.35076026789_6.66811358701_3.35076026789.png,Rivers,20-30
6.713029351215976_3.3657321892919922_6.66811358701_3.35076026789.png,Rivers,20-30
6.713029351215976_3.380704110693984_6.66811358701_3.35076026789.png,Rivers,20-30
6.713029351215976_3.395676032095976_6.66811358701_3.35076026789.png,Rivers,20-30
6.717499316373984_3.155770875904024_6.68755547357_3.20068664011.png,Rivers,20-30
6.717499316373984_3.170742797306016_6.68755547357_3.20068664011.png,Rivers,20-30
6.717499316373984_3.1857147187080077_6.68755547357_3.20068664011.png,Rivers,20-30
6.717499316373984_3.20068664011_6.68755547357_3.20068664011.png,Rivers,20-30
6.717499316373984_3.215658561511992_6.68755547357_3.20068664011.png,Rivers,20-30
6.717499316373984_3.2306304829139836_6.68755547357_3.20068664011.png,Rivers,20-30
6.717499316373984_3.2456024043159757_6.68755547357_3.20068664011.png,Rivers,20-30
6.7176163190470985_3.453589286312914_6.72681691596_3.43935855259.png,Rivers,20-30
6.717695796754024_3.271024135421992_6.76261156096_3.25605221402.png,Rivers,20-30
6.717695796754024_3.2859960568239837_6.76261156096_3.25605221402.png,Rivers,20-30
6.7187709065100005_3.3884861673140243_6.7187709065100005_3.43340193152.png,Rivers,20-30
6.7187709065100005_3.4483738529219923_6.7187709065100005_3.43340193152.png,Rivers,20-30
6.7187709065100005_3.478317695725976_6.7187709065100005_3.43340193152.png,Rivers,20-30
6.719367674792108_3.2600954196646326_6.69048479048_3.28762974195.png,Rivers,20-30
6.71990939055829_3.154427315248563_6.73947844291_3.16619679583.png,Rivers,20-30
6.720428633283984_3.242713977744024_6.69048479048_3.28762974195.png,Rivers,20-30
6.720428633283984_3.2576858991460163_6.69048479048_3.28762974195.png,Rivers,20-30
6.720428633283984_3.272657820548008_6.69048479048_3.28762974195.png,Rivers,20-30
6.720428633283984_3.28762974195_6.69048479048_3.28762974195.png,Rivers,20-30
6.720428633283984_3.302601663351992_6.69048479048_3.28762974195.png,Rivers,20-30
6.720428633283984_3.317573584753984_6.69048479048_3.28762974195.png,Rivers,20-30
6.720428633283984_3.332545506155976_6.69048479048_3.28762974195.png,Rivers,20-30
6.720566627563985_3.248859085054024_6.69062278476_3.29377484926.png,Rivers,20-30
6.720566627563985_3.2638310064560163_6.69062278476_3.29377484926.png,Rivers,20-30
6.720566627563985_3.278802927858008_6.69062278476_3.29377484926.png,Rivers,20-30
6.720566627563985_3.29377484926_6.69062278476_3.29377484926.png,Rivers,20-30
6.720566627563985_3.308746770661992_6.69062278476_3.29377484926.png,Rivers,20-30
6.720566627563985_3.323718692063984_6.69062278476_3.29377484926.png,Rivers,20-30
6.720566627563985_3.338690613465976_6.69062278476_3.29377484926.png,Rivers,20-30
6.722421557381993_3.242765321124024_6.707449635980001_3.28768108533.png,Rivers,20-30
6.722421557381993_3.2577372425260163_6.707449635980001_3.28768108533.png,Rivers,20-30
6.722421557381993_3.272709163928008_6.707449635980001_3.28768108533.png,Rivers,20-30
6.722421557381993_3.28768108533_6.707449635980001_3.28768108533.png,Rivers,20-30
6.722421557381993_3.302653006731992_6.707449635980001_3.28768108533.png,Rivers,20-30
6.722421557381993_3.317624928133984_6.707449635980001_3.28768108533.png,Rivers,20-30
6.722421557381993_3.332596849535976_6.707449635980001_3.28768108533.png,Rivers,20-30
6.722701923351993_3.1972867170640247_6.707730001950001_3.2422024812700005.png,Rivers,20-30
6.722701923351993_3.212258638466017_6.707730001950001_3.2422024812700005.png,Rivers,20-30
6.722701923351993_3.2272305598680084_6.707730001950001_3.2422024812700005.png,Rivers,20-30
6.722701923351993_3.2422024812700005_6.707730001950001_3.2422024812700005.png,Rivers,20-30
6.722701923351993_3.2571744026719927_6.707730001950001_3.2422024812700005.png,Rivers,20-30
6.722701923351993_3.2721463240739843_6.707730001950001_3.2422024812700005.png,Rivers,20-30
6.722701923351993_3.2871182454759764_6.707730001950001_3.2422024812700005.png,Rivers,20-30
6.723203569600001_3.204632141674024_6.723203569600001_3.24954790588.png,Rivers,20-30
6.723203569600001_3.2196040630760163_6.723203569600001_3.24954790588.png,Rivers,20-30
6.723203569600001_3.234575984478008_6.723203569600001_3.24954790588.png,Rivers,20-30
6.723203569600001_3.24954790588_6.723203569600001_3.24954790588.png,Rivers,20-30
6.723203569600001_3.264519827281992_6.723203569600001_3.24954790588.png,Rivers,20-30
6.723203569600001_3.279491748683984_6.723203569600001_3.24954790588.png,Rivers,20-30
6.723203569600001_3.294463670085976_6.723203569600001_3.24954790588.png,Rivers,20-30
6.72681691596_3.454330473991992_6.72681691596_3.43935855259.png,Rivers,20-30
6.72681691596_3.4693023953939837_6.72681691596_3.43935855259.png,Rivers,20-30
6.727691647959181_3.306305872077335_6.707449635980001_3.28768108533.png,Rivers,20-30
6.72794140215297_3.236396473700855_6.723203569600001_3.24954790588.png,Rivers,20-30
6.728875371034024_3.1673309467540243_6.773791135240001_3.21224671096.png,Rivers,20-30
6.728875371034024_3.1823028681560164_6.773791135240001_3.21224671096.png,Rivers,20-30
6.728875371034024_3.242190553763984_6.773791135240001_3.21224671096.png,Rivers,20-30
6.73245622815999_3.152239428561209_6.73947844291_3.16619679583.png,Rivers,20-30
6.732471237775976_3.155770875904024_6.68755547357_3.20068664011.png,Rivers,20-30
6.732471237775976_3.170742797306016_6.68755547357_3.20068664011.png,Rivers,20-30
6.732471237775976_3.1857147187080077_6.68755547357_3.20068664011.png,Rivers,20-30
6.732471237775976_3.20068664011_6.68755547357_3.20068664011.png,Rivers,20-30
6.732471237775976_3.215658561511992_6.68755547357_3.20068664011.png,Rivers,20-30
6.732471237775976_3.2306304829139836_6.68755547357_3.20068664011.png,Rivers,20-30
6.732471237775976_3.2456024043159757_6.68755547357_3.20068664011.png,Rivers,20-30
6.732667718156016_3.211136449814024_6.76261156096_3.25605221402.png,Rivers,20-30
6.735337170014023_3.2035536425840245_6.780252934219999_3.2484694067900004.png,Rivers,20-30
6.735337170014023_3.2634413281919925_6.780252934219999_3.2484694067900004.png,Rivers,20-30
6.735337170014023_3.278413249593984_6.780252934219999_3.2484694067900004.png,Rivers,20-30
6.7354005546859765_3.242713977744024_6.69048479048_3.28762974195.png,Rivers,20-30
6.7354005546859765_3.2576858991460163_6.69048479048_3.28762974195.png,Rivers,20-30
6.7354005546859765_3.272657820548008_6.69048479048_3.28762974195.png,Rivers,20-30
6.7354005546859765_3.28762974195_6.69048479048_3.28762974195.png,Rivers,20-30
6.7354005546859765_3.302601663351992_6.69048479048_3.28762974195.png,Rivers,20-30
6.7354005546859765_3.317573584753984_6.69048479048_3.28762974195.png,Rivers,20-30
6.7354005546859765_3.332545506155976_6.69048479048_3.28762974195.png,Rivers,20-30
6.735538548965977_3.248859085054024_6.69062278476_3.29377484926.png,Rivers,20-30
6.735538548965977_3.2638310064560163_6.69062278476_3.29377484926.png,Rivers,20-30
6.735538548965977_3.278802927858008_6.69062278476_3.29377484926.png,Rivers,20-30
6.735538548965977_3.29377484926_6.69062278476_3.29377484926.png,Rivers,20-30
6.735538548965977_3.308746770661992_6.69062278476_3.29377484926.png,Rivers,20-30
6.735538548965977_3.323718692063984_6.69062278476_3.29377484926.png,Rivers,20-30
6.735538548965977_3.338690613465976_6.69062278476_3.29377484926.png,Rivers,20-30
6.736547169134942_3.2690770489912873_6.707730001950001_3.2422024812700005.png,Rivers,20-30
6.737393478783985_3.242765321124024_6.707449635980001_3.28768108533.png,Rivers,20-30
6.737393478783985_3.2577372425260163_6.707449635980001_3.28768108533.png,Rivers,20-30
6.737393478783985_3.272709163928008_6.707449635980001_3.28768108533.png,Rivers,20-30
6.737393478783985_3.28768108533_6.707449635980001_3.28768108533.png,Rivers,20-30
6.737393478783985_3.302653006731992_6.707449635980001_3.28768108533.png,Rivers,20-30
6.737393478783985_3.317624928133984_6.707449635980001_3.28768108533.png,Rivers,20-30
6.737393478783985_3.332596849535976_6.707449635980001_3.28768108533.png,Rivers,20-30
6.737673844753985_3.1972867170640247_6.707730001950001_3.2422024812700005.png,Rivers,20-30
6.737673844753985_3.212258638466017_6.707730001950001_3.2422024812700005.png,Rivers,20-30
6.737673844753985_3.2272305598680084_6.707730001950001_3.2422024812700005.png,Rivers,20-30
6.737673844753985_3.2422024812700005_6.707730001950001_3.2422024812700005.png,Rivers,20-30
6.737673844753985_3.2571744026719927_6.707730001950001_3.2422024812700005.png,Rivers,20-30
6.737673844753985_3.2721463240739843_6.707730001950001_3.2422024812700005.png,Rivers,20-30
6.737673844753985_3.2871182454759764_6.707730001950001_3.2422024812700005.png,Rivers,20-30
6.738175491001993_3.204632141674024_6.723203569600001_3.24954790588.png,Rivers,20-30
6.738175491001993_3.2196040630760163_6.723203569600001_3.24954790588.png,Rivers,20-30
6.738175491001993_3.234575984478008_6.723203569600001_3.24954790588.png,Rivers,20-30
6.738175491001993_3.24954790588_6.723203569600001_3.24954790588.png,Rivers,20-30
6.738175491001993_3.264519827281992_6.723203569600001_3.24954790588.png,Rivers,20-30
6.738175491001993_3.279491748683984_6.723203569600001_3.24954790588.png,Rivers,20-30
6.738175491001993_3.294463670085976_6.723203569600001_3.24954790588.png,Rivers,20-30
6.738920162195978_3.116725447651992_6.6940043979900015_3.10175352625.png,Rivers,20-30
6.741788837361992_3.394442788384024_6.72681691596_3.43935855259.png,Rivers,20-30
6.741788837361992_3.4842743167959758_6.72681691596_3.43935855259.png,Rivers,20-30
6.743847292436016_3.197274789558008_6.773791135240001_3.21224671096.png,Rivers,20-30
6.745360146454024_4.458231623696016_6.79027591066_4.4881754665.png,Rivers,20-30
6.747639639558008_3.241080292618008_6.76261156096_3.25605221402.png,Rivers,20-30
6.747639639558008_3.3009679782259758_6.76261156096_3.25605221402.png,Rivers,20-30
6.748714749313985_3.4034580887160164_6.7187709065100005_3.43340193152.png,Rivers,20-30
6.748714749313985_3.4483738529219923_6.7187709065100005_3.43340193152.png,Rivers,20-30
6.750309091416015_3.2035536425840245_6.780252934219999_3.2484694067900004.png,Rivers,20-30
6.750309091416015_3.2334974853880083_6.780252934219999_3.2484694067900004.png,Rivers,20-30
6.750309091416015_3.2484694067900004_6.780252934219999_3.2484694067900004.png,Rivers,20-30
6.752365400185977_3.242765321124024_6.707449635980001_3.28768108533.png,Rivers,20-30
6.752365400185977_3.2577372425260163_6.707449635980001_3.28768108533.png,Rivers,20-30
6.752365400185977_3.272709163928008_6.707449635980001_3.28768108533.png,Rivers,20-30
6.752365400185977_3.28768108533_6.707449635980001_3.28768108533.png,Rivers,20-30
6.752365400185977_3.302653006731992_6.707449635980001_3.28768108533.png,Rivers,20-30
6.752365400185977_3.317624928133984_6.707449635980001_3.28768108533.png,Rivers,20-30
6.752365400185977_3.332596849535976_6.707449635980001_3.28768108533.png,Rivers,20-30
6.752645766155977_3.1972867170640247_6.707730001950001_3.2422024812700005.png,Rivers,20-30
6.752645766155977_3.212258638466017_6.707730001950001_3.2422024812700005.png,Rivers,20-30
6.752645766155977_3.2272305598680084_6.707730001950001_3.2422024812700005.png,Rivers,20-30
6.752645766155977_3.2422024812700005_6.707730001950001_3.2422024812700005.png,Rivers,20-30
6.752645766155977_3.2571744026719927_6.707730001950001_3.2422024812700005.png,Rivers,20-30
6.752645766155977_3.2721463240739843_6.707730001950001_3.2422024812700005.png,Rivers,20-30
6.752645766155977_3.2871182454759764_6.707730001950001_3.2422024812700005.png,Rivers,20-30
6.753147412403985_3.204632141674024_6.723203569600001_3.24954790588.png,Rivers,20-30
6.753147412403985_3.2196040630760163_6.723203569600001_3.24954790588.png,Rivers,20-30
6.753147412403985_3.234575984478008_6.723203569600001_3.24954790588.png,Rivers,20-30
6.753147412403985_3.24954790588_6.723203569600001_3.24954790588.png,Rivers,20-30
6.753147412403985_3.264519827281992_6.723203569600001_3.24954790588.png,Rivers,20-30
6.753147412403985_3.279491748683984_6.723203569600001_3.24954790588.png,Rivers,20-30
6.753147412403985_3.294463670085976_6.723203569600001_3.24954790588.png,Rivers,20-30
6.7544379133819925_3.1000076969239836_6.73946599198_3.07006385412.png,Rivers,20-30
6.754450364311992_3.121281031624024_6.73947844291_3.16619679583.png,Rivers,20-30
6.754450364311992_3.151224874428008_6.73947844291_3.16619679583.png,Rivers,20-30
6.7568946572783775_3.2446696576390957_6.723203569600001_3.24954790588.png,Rivers,20-30
6.7588192138380085_3.242190553763984_6.773791135240001_3.21224671096.png,Rivers,20-30
6.7588192138380085_3.257162475165976_6.773791135240001_3.21224671096.png,Rivers,20-30
6.759652336923904_3.4712730141516475_6.72681691596_3.43935855259.png,Rivers,20-30
6.760332067856016_4.5031473879019925_6.79027591066_4.4881754665.png,Rivers,20-30
6.76261156096_3.211136449814024_6.76261156096_3.25605221402.png,Rivers,20-30
6.76261156096_3.241080292618008_6.76261156096_3.25605221402.png,Rivers,20-30
6.763686670715977_3.4483738529219923_6.7187709065100005_3.43340193152.png,Rivers,20-30
6.763686670715977_3.478317695725976_6.7187709065100005_3.43340193152.png,Rivers,20-30
6.765281012818007_3.2035536425840245_6.780252934219999_3.2484694067900004.png,Rivers,20-30
6.768119333805977_3.204632141674024_6.723203569600001_3.24954790588.png,Rivers,20-30
6.768119333805977_3.2196040630760163_6.723203569600001_3.24954790588.png,Rivers,20-30
6.768119333805977_3.234575984478008_6.723203569600001_3.24954790588.png,Rivers,20-30
6.768119333805977_3.24954790588_6.723203569600001_3.24954790588.png,Rivers,20-30
6.768119333805977_3.264519827281992_6.723203569600001_3.24954790588.png,Rivers,20-30
6.768119333805977_3.279491748683984_6.723203569600001_3.24954790588.png,Rivers,20-30
6.768119333805977_3.294463670085976_6.723203569600001_3.24954790588.png,Rivers,20-30
6.769409834783985_3.040120011316016_6.73946599198_3.07006385412.png,Rivers,20-30
6.7694222857139845_3.151224874428008_6.73947844291_3.16619679583.png,Rivers,20-30
6.7694222857139845_3.181168717231992_6.73947844291_3.16619679583.png,Rivers,20-30
6.771732680165976_3.394442788384024_6.72681691596_3.43935855259.png,Rivers,20-30
6.771732680165976_3.424386631188008_6.72681691596_3.43935855259.png,Rivers,20-30
6.771732680165976_3.454330473991992_6.72681691596_3.43935855259.png,Rivers,20-30
6.771732680165976_3.4693023953939837_6.72681691596_3.43935855259.png,Rivers,20-30
6.773791135240001_3.2272186323619922_6.773791135240001_3.21224671096.png,Rivers,20-30
6.774886245254252_3.261817796845711_6.76261156096_3.25605221402.png,Rivers,20-30
6.775303989258008_4.518119309303985_6.79027591066_4.4881754665.png,Rivers,20-30
6.777583482361992_3.241080292618008_6.76261156096_3.25605221402.png,Rivers,20-30
6.777583482361992_3.25605221402_6.76261156096_3.25605221402.png,Rivers,20-30
6.777583482361992_3.2859960568239837_6.76261156096_3.25605221402.png,Rivers,20-30
6.779344970514024_3.189373765856016_6.82426073472_3.21931760866.png,Rivers,20-30
6.779344970514024_3.21931760866_6.82426073472_3.21931760866.png,Rivers,20-30
6.779344970514024_3.264233372865976_6.82426073472_3.21931760866.png,Rivers,20-30
6.780252934219999_3.2185255639860166_6.780252934219999_3.2484694067900004.png,Rivers,20-30
6.780252934219999_3.2334974853880083_6.780252934219999_3.2484694067900004.png,Rivers,20-30
6.780252934219999_3.2933851709959763_6.780252934219999_3.2484694067900004.png,Rivers,20-30
6.783907077466015_3.906706346798008_6.813850920269999_3.9216782682.png,Rivers,20-30
6.784394207115977_3.151224874428008_6.73947844291_3.16619679583.png,Rivers,20-30
6.784394207115977_3.181168717231992_6.73947844291_3.16619679583.png,Rivers,20-30
6.788763056641993_3.21224671096_6.773791135240001_3.21224671096.png,Rivers,20-30
6.788763056641993_3.257162475165976_6.773791135240001_3.21224671096.png,Rivers,20-30
6.79027591066_4.4881754665_6.79027591066_4.4881754665.png,Rivers,20-30
6.79027591066_4.5031473879019925_6.79027591066_4.4881754665.png,Rivers,20-30
6.79027591066_4.533091230705977_6.79027591066_4.4881754665.png,Rivers,20-30
6.794316891916016_3.189373765856016_6.82426073472_3.21931760866.png,Rivers,20-30
6.794316891916016_3.264233372865976_6.82426073472_3.21931760866.png,Rivers,20-30
6.795224855621991_3.2634413281919925_6.780252934219999_3.2484694067900004.png,Rivers,20-30
6.798878998868007_3.906706346798008_6.813850920269999_3.9216782682.png,Rivers,20-30
6.798878998868007_3.9216782682_6.813850920269999_3.9216782682.png,Rivers,20-30
6.798878998868007_3.966594032405976_6.813850920269999_3.9216782682.png,Rivers,20-30
6.799150522953543_3.2984606797322478_6.76261156096_3.25605221402.png,Rivers,20-30
6.803734978043985_3.21224671096_6.773791135240001_3.21224671096.png,Rivers,20-30
6.805247832061992_4.443259702294024_6.79027591066_4.4881754665.png,Rivers,20-30
6.805247832061992_4.458231623696016_6.79027591066_4.4881754665.png,Rivers,20-30
6.805247832061992_4.473203545098008_6.79027591066_4.4881754665.png,Rivers,20-30
6.807527325165976_3.226108371216016_6.76261156096_3.25605221402.png,Rivers,20-30
6.809288813318008_3.21931760866_6.82426073472_3.21931760866.png,Rivers,20-30
6.809288813318008_3.264233372865976_6.82426073472_3.21931760866.png,Rivers,20-30
6.810196777023983_3.2484694067900004_6.780252934219999_3.2484694067900004.png,Rivers,20-30
6.813850920269999_3.876762503994024_6.813850920269999_3.9216782682.png,Rivers,20-30
6.813850920269999_3.906706346798008_6.813850920269999_3.9216782682.png,Rivers,20-30
6.813850920269999_3.966594032405976_6.813850920269999_3.9216782682.png,Rivers,20-30
6.818706899445977_3.242190553763984_6.773791135240001_3.21224671096.png,Rivers,20-30
6.818706899445977_3.257162475165976_6.773791135240001_3.21224671096.png,Rivers,20-30
6.828822841671991_3.876762503994024_6.813850920269999_3.9216782682.png,Rivers,20-30
6.828822841671991_3.966594032405976_6.813850920269999_3.9216782682.png,Rivers,20-30
6.8351916748659765_4.458231623696016_6.79027591066_4.4881754665.png,Rivers,20-30
6.8437947630739835_3.9216782682_6.813850920269999_3.9216782682.png,Rivers,20-30
6.8437947630739835_3.966594032405976_6.813850920269999_3.9216782682.png,Rivers,20-30
6.883640979324024_4.779057023138008_6.928556743530001_4.79402894454.png,Rivers,20-30
6.883640979324024_4.79402894454_6.928556743530001_4.79402894454.png,Rivers,20-30
6.898612900726016_4.749113180334024_6.928556743530001_4.79402894454.png,Rivers,20-30
6.898612900726016_4.79402894454_6.928556743530001_4.79402894454.png,Rivers,20-30
6.901160786234023_3.9464334893339847_6.946076550439999_3.916489646530001.png,Rivers,20-30
6.9135848221280085_4.779057023138008_6.928556743530001_4.79402894454.png,Rivers,20-30
6.9135848221280085_4.809000865941992_6.928556743530001_4.79402894454.png,Rivers,20-30
6.915667292907396_4.75968587059423_6.928556743530001_4.79402894454.png,Rivers,20-30
6.916132707636015_3.871573882324025_6.946076550439999_3.916489646530001.png,Rivers,20-30
6.928556743530001_4.838944708745976_6.928556743530001_4.79402894454.png,Rivers,20-30
6.931104629038007_3.886545803726017_6.946076550439999_3.916489646530001.png,Rivers,20-30
6.943528664931993_4.779057023138008_6.928556743530001_4.79402894454.png,Rivers,20-30
6.943528664931993_4.809000865941992_6.928556743530001_4.79402894454.png,Rivers,20-30
6.946076550439999_3.886545803726017_6.946076550439999_3.916489646530001.png,Rivers,20-30
6.946076550439999_3.9464334893339847_6.946076550439999_3.916489646530001.png,Rivers,20-30
6.946076550439999_3.961405410735977_6.946076550439999_3.916489646530001.png,Rivers,20-30
6.947262913298008_3.699390633025976_6.9622348347_3.65447486882.png,Rivers,20-30
6.949682813974024_3.650173005834024_6.994598578180001_3.69508877004.png,Rivers,20-30
6.949682813974024_3.7250326128439837_6.994598578180001_3.69508877004.png,Rivers,20-30
6.958500586333985_4.749113180334024_6.928556743530001_4.79402894454.png,Rivers,20-30
6.958500586333985_4.809000865941992_6.928556743530001_4.79402894454.png,Rivers,20-30
6.961048471841991_3.901517725128009_6.946076550439999_3.916489646530001.png,Rivers,20-30
6.961048471841991_3.916489646530001_6.946076550439999_3.916489646530001.png,Rivers,20-30
6.9622348347_3.669446790221992_6.9622348347_3.65447486882.png,Rivers,20-30
6.963375848800629_4.770637061874349_6.928556743530001_4.79402894454.png,Rivers,20-30
6.963955902154024_3.7896445133280086_7.00887166636_3.8046164347300007.png,Rivers,20-30
6.963955902154024_3.8495321989359765_7.00887166636_3.8046164347300007.png,Rivers,20-30
6.968233634636015_3.6827124737759758_6.99817747744_3.63779670957.png,Rivers,20-30
6.968371756184023_3.543177614898008_7.01328752039_3.5581495363.png,Rivers,20-30
6.968371756184023_3.5581495363_7.01328752039_3.5581495363.png,Rivers,20-30
6.968371756184023_3.5731214577019923_7.01328752039_3.5581495363.png,Rivers,20-30
6.973472507735977_4.838944708745976_6.928556743530001_4.79402894454.png,Rivers,20-30
6.974846054225415_3.7290755360571843_6.994598578180001_3.69508877004.png,Rivers,20-30
6.976020393243983_3.916489646530001_6.946076550439999_3.916489646530001.png,Rivers,20-30
6.976020393243983_3.961405410735977_6.946076550439999_3.916489646530001.png,Rivers,20-30
6.978927823556016_3.7896445133280086_7.00887166636_3.8046164347300007.png,Rivers,20-30
6.978927823556016_3.8195883561319928_7.00887166636_3.8046164347300007.png,Rivers,20-30
6.978927823556016_3.8495321989359765_7.00887166636_3.8046164347300007.png,Rivers,20-30
6.9796266567780085_3.665144927236016_6.994598578180001_3.69508877004.png,Rivers,20-30
6.980446578714023_4.644204055588008_7.025362342919999_4.65917597699.png,Rivers,20-30
6.980446578714023_4.674147898391992_7.025362342919999_4.65917597699.png,Rivers,20-30
6.980446578714023_4.6891198197939845_7.025362342919999_4.65917597699.png,Rivers,20-30
6.9832055560380075_3.607852866766016_6.99817747744_3.63779670957.png,Rivers,20-30
6.9832055560380075_3.652768630971992_6.99817747744_3.63779670957.png,Rivers,20-30
6.983343677586015_3.5581495363_7.01328752039_3.5581495363.png,Rivers,20-30
6.986585472937354_3.661594480748966_6.994598578180001_3.69508877004.png,Rivers,20-30
6.990330473717906_3.6205087736591532_6.9622348347_3.65447486882.png,Rivers,20-30
6.990992314645975_3.901517725128009_6.946076550439999_3.916489646530001.png,Rivers,20-30
6.990992314645975_3.961405410735977_6.946076550439999_3.916489646530001.png,Rivers,20-30
6.9921786775039845_3.609559104614024_6.9622348347_3.65447486882.png,Rivers,20-30
6.993899744958008_3.8345602775339844_7.00887166636_3.8046164347300007.png,Rivers,20-30
6.993899744958008_3.8495321989359765_7.00887166636_3.8046164347300007.png,Rivers,20-30
6.995418500116015_4.6891198197939845_7.025362342919999_4.65917597699.png,Rivers,20-30
6.995418500116015_4.704091741195977_7.025362342919999_4.65917597699.png,Rivers,20-30
6.99817747744_3.622824788168008_6.99817747744_3.63779670957.png,Rivers,20-30
6.9983155989880075_3.5581495363_7.01328752039_3.5581495363.png,Rivers,20-30
6.9983155989880075_3.588093379103984_7.01328752039_3.5581495363.png,Rivers,20-30
6.9983155989880075_3.603065300505976_7.01328752039_3.5581495363.png,Rivers,20-30
7.007150598905977_3.609559104614024_6.9622348347_3.65447486882.png,Rivers,20-30
7.00887166636_3.8195883561319928_7.00887166636_3.8046164347300007.png,Rivers,20-30
7.010390421518007_4.629232134186016_7.025362342919999_4.65917597699.png,Rivers,20-30
7.010390421518007_4.65917597699_7.025362342919999_4.65917597699.png,Rivers,20-30
7.013149398841992_3.622824788168008_6.99817747744_3.63779670957.png,Rivers,20-30
7.01328752039_3.5132337720940243_7.01328752039_3.5581495363.png,Rivers,20-30
7.01328752039_3.5731214577019923_7.01328752039_3.5581495363.png,Rivers,20-30
7.023843587761992_3.8345602775339844_7.00887166636_3.8046164347300007.png,Rivers,20-30
7.024542420983985_3.650173005834024_6.994598578180001_3.69508877004.png,Rivers,20-30
7.024542420983985_3.665144927236016_6.994598578180001_3.69508877004.png,Rivers,20-30
7.024542420983985_3.680116848638008_6.994598578180001_3.69508877004.png,Rivers,20-30
7.025362342919999_4.629232134186016_7.025362342919999_4.65917597699.png,Rivers,20-30
7.025362342919999_4.644204055588008_7.025362342919999_4.65917597699.png,Rivers,20-30
7.028121320243984_3.607852866766016_6.99817747744_3.63779670957.png,Rivers,20-30
7.028121320243984_3.6677405523739837_6.99817747744_3.63779670957.png,Rivers,20-30
7.028121320243984_3.6827124737759758_6.99817747744_3.63779670957.png,Rivers,20-30
7.028259441791992_3.543177614898008_7.01328752039_3.5581495363.png,Rivers,20-30
7.039514342385977_3.69508877004_6.994598578180001_3.69508877004.png,Rivers,20-30
7.0403342643219915_4.65917597699_7.025362342919999_4.65917597699.png,Rivers,20-30
7.043093241645976_3.63779670957_6.99817747744_3.63779670957.png,Rivers,20-30
7.043231363193984_3.5731214577019923_7.01328752039_3.5581495363.png,Rivers,20-30
7.048916984724023_4.793479726416016_7.09383274893_4.82342356922.png,Rivers,20-30
7.048916984724023_4.808451647818008_7.09383274893_4.82342356922.png,Rivers,20-30
7.0537874305659765_3.8046164347300007_7.00887166636_3.8046164347300007.png,Rivers,20-30
7.0537874305659765_3.8195883561319928_7.00887166636_3.8046164347300007.png,Rivers,20-30
7.055306185723984_4.674147898391992_7.025362342919999_4.65917597699.png,Rivers,20-30
7.055306185723984_4.6891198197939845_7.025362342919999_4.65917597699.png,Rivers,20-30
7.058203284595976_3.5132337720940243_7.01328752039_3.5581495363.png,Rivers,20-30
7.0638889061260155_4.853367412023984_7.09383274893_4.82342356922.png,Rivers,20-30
7.070278107125976_4.6891198197939845_7.025362342919999_4.65917597699.png,Rivers,20-30
7.078860827528008_4.868339333425976_7.09383274893_4.82342356922.png,Rivers,20-30
7.09383274893_4.778507805014024_7.09383274893_4.82342356922.png,Rivers,20-30
7.09383274893_4.853367412023984_7.09383274893_4.82342356922.png,Rivers,20-30
7.123776591733984_4.793479726416016_7.09383274893_4.82342356922.png,Rivers,20-30
7.123776591733984_4.82342356922_7.09383274893_4.82342356922.png,Rivers,20-30
7.123776591733984_4.838395490621992_7.09383274893_4.82342356922.png,Rivers,20-30
7.123776591733984_4.853367412023984_7.09383274893_4.82342356922.png,Rivers,20-30
7.125574779664023_3.365200087313984_7.17049054387_3.33525624451.png,Rivers,20-30
7.125574779664023_3.380172008715976_7.17049054387_3.33525624451.png,Rivers,20-30
7.133862900096015_3.2466539307940243_7.163806742899999_3.291569695.png,Rivers,20-30
7.133862900096015_3.276597773598008_7.163806742899999_3.291569695.png,Rivers,20-30
7.138748513135976_4.838395490621992_7.09383274893_4.82342356922.png,Rivers,20-30
7.1405467010660155_3.320284323108008_7.17049054387_3.33525624451.png,Rivers,20-30
7.1405467010660155_3.33525624451_7.17049054387_3.33525624451.png,Rivers,20-30
7.148834821498007_3.291569695_7.163806742899999_3.291569695.png,Rivers,20-30
7.155518622468008_3.320284323108008_7.17049054387_3.33525624451.png,Rivers,20-30
7.163806742899999_3.2466539307940243_7.163806742899999_3.291569695.png,Rivers,20-30
7.163806742899999_3.276597773598008_7.163806742899999_3.291569695.png,Rivers,20-30
7.163806742899999_3.291569695_7.163806742899999_3.291569695.png,Rivers,20-30
7.164635966094022_3.0194825028500003_7.2095517302999985_3.0194825028500003.png,Rivers,20-30
7.1787786643019915_3.2466539307940243_7.163806742899999_3.291569695.png,Rivers,20-30
7.1787786643019915_3.2616258521960164_7.163806742899999_3.291569695.png,Rivers,20-30
7.1787786643019915_3.3065416164019923_7.163806742899999_3.291569695.png,Rivers,20-30
7.179607887496014_2.9745667386440244_7.2095517302999985_3.0194825028500003.png,Rivers,20-30
7.179607887496014_2.9895386600460165_7.2095517302999985_3.0194825028500003.png,Rivers,20-30
7.179607887496014_3.049426345653984_7.2095517302999985_3.0194825028500003.png,Rivers,20-30
7.185462465271992_3.33525624451_7.17049054387_3.33525624451.png,Rivers,20-30
7.185469752686015_4.962517079501992_7.215413595489999_4.9475451581.png,Rivers,20-30
7.193750585703984_3.321513537803984_7.163806742899999_3.291569695.png,Rivers,20-30
7.193750585703984_3.336485459205976_7.163806742899999_3.291569695.png,Rivers,20-30
7.194579808898006_2.9895386600460165_7.2095517302999985_3.0194825028500003.png,Rivers,20-30
7.194579808898006_3.004510581448008_7.2095517302999985_3.0194825028500003.png,Rivers,20-30
7.194579808898006_3.0194825028500003_7.2095517302999985_3.0194825028500003.png,Rivers,20-30
7.194579808898006_3.049426345653984_7.2095517302999985_3.0194825028500003.png,Rivers,20-30
7.198573159364024_4.838421663834024_7.24348892357_4.88333742804.png,Rivers,20-30
7.199980326484023_4.801724373606016_7.244896090689999_4.83166821641.png,Rivers,20-30
7.199980326484023_4.846640137811992_7.244896090689999_4.83166821641.png,Rivers,20-30
7.200434386673984_3.3053124017060163_7.17049054387_3.33525624451.png,Rivers,20-30
7.200434386673984_3.33525624451_7.17049054387_3.33525624451.png,Rivers,20-30
7.200434386673984_3.365200087313984_7.17049054387_3.33525624451.png,Rivers,20-30
7.200434386673984_3.380172008715976_7.17049054387_3.33525624451.png,Rivers,20-30
7.208722507105976_3.3065416164019923_7.163806742899999_3.291569695.png,Rivers,20-30
7.214952247886015_4.83166821641_7.244896090689999_4.83166821641.png,Rivers,20-30
7.215406308075976_3.350228165911992_7.17049054387_3.33525624451.png,Rivers,20-30
7.224523651701991_3.0344544242519924_7.2095517302999985_3.0194825028500003.png,Rivers,20-30
7.228517002168008_4.838421663834024_7.24348892357_4.88333742804.png,Rivers,20-30
7.228517002168008_4.853393585236016_7.24348892357_4.88333742804.png,Rivers,20-30
7.229924169288007_4.7867524522040235_7.244896090689999_4.83166821641.png,Rivers,20-30
7.229924169288007_4.801724373606016_7.244896090689999_4.83166821641.png,Rivers,20-30
7.229924169288007_4.816696295008008_7.244896090689999_4.83166821641.png,Rivers,20-30
7.239495573103983_3.0194825028500003_7.2095517302999985_3.0194825028500003.png,Rivers,20-30
7.24348892357_4.838421663834024_7.24348892357_4.88333742804.png,Rivers,20-30
7.243656155108008_5.1922469638480075_7.25862807651_5.20721888525.png,Rivers,20-30
7.244896090689999_4.816696295008008_7.244896090689999_4.83166821641.png,Rivers,20-30
7.254467494505975_2.9895386600460165_7.2095517302999985_3.0194825028500003.png,Rivers,20-30
7.254467494505975_3.064398267055976_7.2095517302999985_3.0194825028500003.png,Rivers,20-30
7.254767520494024_5.162718018736016_7.2996832847_5.19266186154.png,Rivers,20-30
7.254767520494024_5.19266186154_7.2996832847_5.19266186154.png,Rivers,20-30
7.254767520494024_5.2076337829419925_7.2996832847_5.19266186154.png,Rivers,20-30
7.254989485654025_5.140163299796016_7.299905249860001_5.1701071426.png,Rivers,20-30
7.255899543634023_3.8240675435640235_7.300815307839999_3.8689833077699993.png,Rivers,20-30
7.25862807651_5.162303121044023_7.25862807651_5.20721888525.png,Rivers,20-30
7.269739441896016_5.147746097334024_7.2996832847_5.19266186154.png,Rivers,20-30
7.269739441896016_5.177689940138008_7.2996832847_5.19266186154.png,Rivers,20-30
7.270871465036015_3.8240675435640235_7.300815307839999_3.8689833077699993.png,Rivers,20-30
7.270871465036015_3.913899071975975_7.300815307839999_3.8689833077699993.png,Rivers,20-30
7.273127677274024_3.850215270244024_7.31804344148_3.89513103445.png,Rivers,20-30
7.273127677274024_3.910102955851992_7.31804344148_3.89513103445.png,Rivers,20-30
7.2748399334939835_4.7867524522040235_7.244896090689999_4.83166821641.png,Rivers,20-30
7.278599031664024_3.9757346470880077_7.32351479587_3.99070656849.png,Rivers,20-30
7.278599031664024_4.035622332695976_7.32351479587_3.99070656849.png,Rivers,20-30
7.284711363298008_5.147746097334024_7.2996832847_5.19266186154.png,Rivers,20-30
7.284711363298008_5.19266186154_7.2996832847_5.19266186154.png,Rivers,20-30
7.284933328458009_5.1701071426_7.299905249860001_5.1701071426.png,Rivers,20-30
7.285843386438007_3.8240675435640235_7.300815307839999_3.8689833077699993.png,Rivers,20-30
7.285843386438007_3.854011386368007_7.300815307839999_3.8689833077699993.png,Rivers,20-30
7.285843386438007_3.8839552291719914_7.300815307839999_3.8689833077699993.png,Rivers,20-30
7.288099598676016_3.9400467986559757_7.31804344148_3.89513103445.png,Rivers,20-30
7.2884046877759765_4.838421663834024_7.24348892357_4.88333742804.png,Rivers,20-30
7.293570953066016_3.945790804284024_7.32351479587_3.99070656849.png,Rivers,20-30
7.293570953066016_4.0056784898919915_7.32351479587_3.99070656849.png,Rivers,20-30
7.293570953066016_4.020650411293984_7.32351479587_3.99070656849.png,Rivers,20-30
7.300815307839999_3.8390394649660156_7.300815307839999_3.8689833077699993.png,Rivers,20-30
7.300815307839999_3.898927150573983_7.300815307839999_3.8689833077699993.png,Rivers,20-30
7.303071520078008_3.8801591130480078_7.31804344148_3.89513103445.png,Rivers,20-30
7.303071520078008_3.89513103445_7.31804344148_3.89513103445.png,Rivers,20-30
7.303071520078008_3.9250748772539836_7.31804344148_3.89513103445.png,Rivers,20-30
7.313174184504025_3.901258564708008_7.358089948710001_3.91623048611.png,Rivers,20-30
7.313174184504025_3.91623048611_7.358089948710001_3.91623048611.png,Rivers,20-30
7.313174184504025_3.961146250315976_7.358089948710001_3.91623048611.png,Rivers,20-30
7.313372558874025_3.9598512318_7.358288323080001_3.9598512318.png,Rivers,20-30
7.313372558874025_3.974823153201992_7.358288323080001_3.9598512318.png,Rivers,20-30
7.313372558874025_3.9897950746039843_7.358288323080001_3.9598512318.png,Rivers,20-30
7.313372558874025_4.004766996005976_7.358288323080001_3.9598512318.png,Rivers,20-30
7.315787229241991_3.854011386368007_7.300815307839999_3.8689833077699993.png,Rivers,20-30
7.31804344148_3.8801591130480078_7.31804344148_3.89513103445.png,Rivers,20-30
7.31804344148_3.9400467986559757_7.31804344148_3.89513103445.png,Rivers,20-30
7.32138770808022_3.980955649389871_7.32351479587_3.99070656849.png,Rivers,20-30
7.32351479587_3.99070656849_7.32351479587_3.99070656849.png,Rivers,20-30
7.32351479587_4.035622332695976_7.32351479587_3.99070656849.png,Rivers,20-30
7.327089445234023_3.8727872923040243_7.372005209439999_3.91770305651.png,Rivers,20-30
7.327089445234023_3.8877592137060164_7.372005209439999_3.91770305651.png,Rivers,20-30
7.327089445234023_3.902731135108008_7.372005209439999_3.91770305651.png,Rivers,20-30
7.327089445234023_3.91770305651_7.372005209439999_3.91770305651.png,Rivers,20-30
7.327089445234023_3.9326749779119923_7.372005209439999_3.91770305651.png,Rivers,20-30
7.327089445234023_3.947646899313984_7.372005209439999_3.91770305651.png,Rivers,20-30
7.327089445234023_3.962618820715976_7.372005209439999_3.91770305651.png,Rivers,20-30
7.328344480276017_3.9448793103980084_7.358288323080001_3.9598512318.png,Rivers,20-30
7.328638150734023_3.944090092864024_7.37355391494_3.98900585707.png,Rivers,20-30
7.328987976516014_4.380050577718008_7.358931819319999_4.39502249912.png,Rivers,20-30
7.328987976516014_4.439938263325977_7.358931819319999_4.39502249912.png,Rivers,20-30
7.330759150643983_3.913899071975975_7.300815307839999_3.8689833077699993.png,Rivers,20-30
7.331253087714023_4.077094102383985_7.376168851919999_4.04715025958.png,Rivers,20-30
7.331253087714023_4.092066023785977_7.376168851919999_4.04715025958.png,Rivers,20-30
7.332952409344023_4.138139367234023_7.37786817355_4.18305513144.png,Rivers,20-30
7.332952409344023_4.227970895645976_7.37786817355_4.18305513144.png,Rivers,20-30
7.334545400524024_4.17270774675_7.37946116473_4.17270774675.png,Rivers,20-30
7.334545400524024_4.202651589553984_7.37946116473_4.17270774675.png,Rivers,20-30
7.334545400524024_4.217623510955976_7.37946116473_4.17270774675.png,Rivers,20-30
7.3384867172719925_3.9757346470880077_7.32351479587_3.99070656849.png,Rivers,20-30
7.3384867172719925_4.020650411293984_7.32351479587_3.99070656849.png,Rivers,20-30
7.341345806174024_3.843102910034024_7.38626157038_3.88801867424.png,Rivers,20-30
7.341345806174024_3.8580748314360163_7.38626157038_3.88801867424.png,Rivers,20-30
7.341345806174024_3.873046752838008_7.38626157038_3.88801867424.png,Rivers,20-30
7.341345806174024_3.88801867424_7.38626157038_3.88801867424.png,Rivers,20-30
7.341345806174024_3.902990595641992_7.38626157038_3.88801867424.png,Rivers,20-30
7.341345806174024_3.917962517043984_7.38626157038_3.88801867424.png,Rivers,20-30
7.341345806174024_3.932934438445976_7.38626157038_3.88801867424.png,Rivers,20-30
7.342061366636015_3.8727872923040243_7.372005209439999_3.91770305651.png,Rivers,20-30
7.342061366636015_3.8877592137060164_7.372005209439999_3.91770305651.png,Rivers,20-30
7.342061366636015_3.902731135108008_7.372005209439999_3.91770305651.png,Rivers,20-30
7.342061366636015_3.91770305651_7.372005209439999_3.91770305651.png,Rivers,20-30
7.342061366636015_3.9326749779119923_7.372005209439999_3.91770305651.png,Rivers,20-30
7.342061366636015_3.947646899313984_7.372005209439999_3.91770305651.png,Rivers,20-30
7.342061366636015_3.962618820715976_7.372005209439999_3.91770305651.png,Rivers,20-30
7.343118027308009_3.961146250315976_7.358089948710001_3.91623048611.png,Rivers,20-30
7.343610072136015_3.944090092864024_7.37355391494_3.98900585707.png,Rivers,20-30
7.343610072136015_4.033921621275976_7.37355391494_3.98900585707.png,Rivers,20-30
7.3439598979180065_4.380050577718008_7.358931819319999_4.39502249912.png,Rivers,20-30
7.3439598979180065_4.439938263325977_7.358931819319999_4.39502249912.png,Rivers,20-30
7.344012432314023_3.8499124147340242_7.388928196519999_3.89482817894.png,Rivers,20-30
7.344012432314023_3.8648843361360163_7.388928196519999_3.89482817894.png,Rivers,20-30
7.344012432314023_3.879856257538008_7.388928196519999_3.89482817894.png,Rivers,20-30
7.344012432314023_3.89482817894_7.388928196519999_3.89482817894.png,Rivers,20-30
7.344012432314023_3.909800100341992_7.388928196519999_3.89482817894.png,Rivers,20-30
7.344012432314023_3.924772021743984_7.388928196519999_3.89482817894.png,Rivers,20-30
7.344012432314023_3.939743943145976_7.388928196519999_3.89482817894.png,Rivers,20-30
7.345731072045975_3.8240675435640235_7.300815307839999_3.8689833077699993.png,Rivers,20-30
7.345731072045975_3.854011386368007_7.300815307839999_3.8689833077699993.png,Rivers,20-30
7.346225009116015_4.04715025958_7.376168851919999_4.04715025958.png,Rivers,20-30
7.347924330746015_4.138139367234023_7.37786817355_4.18305513144.png,Rivers,20-30
7.347924330746015_4.1531112886360155_7.37786817355_4.18305513144.png,Rivers,20-30
7.347924330746015_4.198027052841992_7.37786817355_4.18305513144.png,Rivers,20-30
7.347987284283985_3.865187191646016_7.31804344148_3.89513103445.png,Rivers,20-30
7.350119199209237_3.9127356795708828_7.38626157038_3.88801867424.png,Rivers,20-30
7.351573741124024_3.951878984406016_7.39648950533_3.98182282721.png,Rivers,20-30
7.351573741124024_4.011766670013984_7.39648950533_3.98182282721.png,Rivers,20-30
7.351573741124024_4.026738591415976_7.39648950533_3.98182282721.png,Rivers,20-30
7.354262946834022_3.874571655824024_7.3991787110399985_3.91948742003.png,Rivers,20-30
7.354262946834022_3.889543577226016_7.3991787110399985_3.91948742003.png,Rivers,20-30
7.354262946834022_3.9045154986280077_7.3991787110399985_3.91948742003.png,Rivers,20-30
7.354262946834022_3.91948742003_7.3991787110399985_3.91948742003.png,Rivers,20-30
7.354262946834022_3.934459341431992_7.3991787110399985_3.91948742003.png,Rivers,20-30
7.354262946834022_3.9494312628339836_7.3991787110399985_3.91948742003.png,Rivers,20-30
7.354262946834022_3.9644031842359757_7.3991787110399985_3.91948742003.png,Rivers,20-30
7.354344901628083_3.877162239342307_7.388928196519999_3.89482817894.png,Rivers,20-30
7.356317727576016_3.843102910034024_7.38626157038_3.88801867424.png,Rivers,20-30
7.356317727576016_3.8580748314360163_7.38626157038_3.88801867424.png,Rivers,20-30
7.356317727576016_3.873046752838008_7.38626157038_3.88801867424.png,Rivers,20-30
7.356317727576016_3.88801867424_7.38626157038_3.88801867424.png,Rivers,20-30
7.356317727576016_3.902990595641992_7.38626157038_3.88801867424.png,Rivers,20-30
7.356317727576016_3.917962517043984_7.38626157038_3.88801867424.png,Rivers,20-30
7.356317727576016_3.932934438445976_7.38626157038_3.88801867424.png,Rivers,20-30
7.357033288038007_3.8727872923040243_7.372005209439999_3.91770305651.png,Rivers,20-30
7.357033288038007_3.8877592137060164_7.372005209439999_3.91770305651.png,Rivers,20-30
7.357033288038007_3.902731135108008_7.372005209439999_3.91770305651.png,Rivers,20-30
7.357033288038007_3.91770305651_7.372005209439999_3.91770305651.png,Rivers,20-30
7.357033288038007_3.9326749779119923_7.372005209439999_3.91770305651.png,Rivers,20-30
7.357033288038007_3.947646899313984_7.372005209439999_3.91770305651.png,Rivers,20-30
7.357033288038007_3.962618820715976_7.372005209439999_3.91770305651.png,Rivers,20-30
7.358089948710001_3.886286643306016_7.358089948710001_3.91623048611.png,Rivers,20-30
7.358224557621094_3.963705319799055_7.32351479587_3.99070656849.png,Rivers,20-30
7.358288323080001_3.9897950746039843_7.358288323080001_3.9598512318.png,Rivers,20-30
7.3585819935380075_4.033921621275976_7.37355391494_3.98900585707.png,Rivers,20-30
7.358931819319999_4.380050577718008_7.358931819319999_4.39502249912.png,Rivers,20-30
7.358931819319999_4.424966341923985_7.358931819319999_4.39502249912.png,Rivers,20-30
7.358984353716015_3.8499124147340242_7.388928196519999_3.89482817894.png,Rivers,20-30
7.358984353716015_3.8648843361360163_7.388928196519999_3.89482817894.png,Rivers,20-30
7.358984353716015_3.879856257538008_7.388928196519999_3.89482817894.png,Rivers,20-30
7.358984353716015_3.89482817894_7.388928196519999_3.89482817894.png,Rivers,20-30
7.358984353716015_3.909800100341992_7.388928196519999_3.89482817894.png,Rivers,20-30
7.358984353716015_3.924772021743984_7.388928196519999_3.89482817894.png,Rivers,20-30
7.358984353716015_3.939743943145976_7.388928196519999_3.89482817894.png,Rivers,20-30
7.361196930518007_4.0621221809819925_7.376168851919999_4.04715025958.png,Rivers,20-30
7.3628962521480075_4.198027052841992_7.37786817355_4.18305513144.png,Rivers,20-30
7.362959205685977_3.8801591130480078_7.31804344148_3.89513103445.png,Rivers,20-30
7.362959205685977_3.910102955851992_7.31804344148_3.89513103445.png,Rivers,20-30
7.366545662526016_3.996794748611992_7.39648950533_3.98182282721.png,Rivers,20-30
7.366545662526016_4.026738591415976_7.39648950533_3.98182282721.png,Rivers,20-30
7.368430560075977_3.99070656849_7.32351479587_3.99070656849.png,Rivers,20-30
7.368430560075977_4.0056784898919915_7.32351479587_3.99070656849.png,Rivers,20-30
7.369234868236014_3.874571655824024_7.3991787110399985_3.91948742003.png,Rivers,20-30
7.369234868236014_3.889543577226016_7.3991787110399985_3.91948742003.png,Rivers,20-30
7.369234868236014_3.9045154986280077_7.3991787110399985_3.91948742003.png,Rivers,20-30
7.369234868236014_3.91948742003_7.3991787110399985_3.91948742003.png,Rivers,20-30
7.369234868236014_3.934459341431992_7.3991787110399985_3.91948742003.png,Rivers,20-30
7.369234868236014_3.9494312628339836_7.3991787110399985_3.91948742003.png,Rivers,20-30
7.369234868236014_3.9644031842359757_7.3991787110399985_3.91948742003.png,Rivers,20-30
7.371289648978008_3.843102910034024_7.38626157038_3.88801867424.png,Rivers,20-30
7.371289648978008_3.8580748314360163_7.38626157038_3.88801867424.png,Rivers,20-30
7.371289648978008_3.873046752838008_7.38626157038_3.88801867424.png,Rivers,20-30
7.371289648978008_3.88801867424_7.38626157038_3.88801867424.png,Rivers,20-30
7.371289648978008_3.902990595641992_7.38626157038_3.88801867424.png,Rivers,20-30
7.371289648978008_3.917962517043984_7.38626157038_3.88801867424.png,Rivers,20-30
7.371289648978008_3.932934438445976_7.38626157038_3.88801867424.png,Rivers,20-30
7.371403008301094_3.8728205181527176_7.372005209439999_3.91770305651.png,Rivers,20-30
7.372005209439999_3.8727872923040243_7.372005209439999_3.91770305651.png,Rivers,20-30
7.372005209439999_3.8877592137060164_7.372005209439999_3.91770305651.png,Rivers,20-30
7.372005209439999_3.902731135108008_7.372005209439999_3.91770305651.png,Rivers,20-30
7.372005209439999_3.91770305651_7.372005209439999_3.91770305651.png,Rivers,20-30
7.372005209439999_3.9326749779119923_7.372005209439999_3.91770305651.png,Rivers,20-30
7.372005209439999_3.947646899313984_7.372005209439999_3.91770305651.png,Rivers,20-30
7.372005209439999_3.962618820715976_7.372005209439999_3.91770305651.png,Rivers,20-30
7.372434416000745_3.958906131125186_7.3991787110399985_3.91948742003.png,Rivers,20-30
7.373061870111993_3.961146250315976_7.358089948710001_3.91623048611.png,Rivers,20-30
7.373260244481993_3.974823153201992_7.358288323080001_3.9598512318.png,Rivers,20-30
7.37355391494_3.944090092864024_7.37355391494_3.98900585707.png,Rivers,20-30
7.373903740721991_4.365078656316016_7.358931819319999_4.39502249912.png,Rivers,20-30
7.373903740721991_4.380050577718008_7.358931819319999_4.39502249912.png,Rivers,20-30
7.373903740721991_4.4099944205219925_7.358931819319999_4.39502249912.png,Rivers,20-30
7.373956275118007_3.8499124147340242_7.388928196519999_3.89482817894.png,Rivers,20-30
7.373956275118007_3.8648843361360163_7.388928196519999_3.89482817894.png,Rivers,20-30
7.373956275118007_3.879856257538008_7.388928196519999_3.89482817894.png,Rivers,20-30
7.373956275118007_3.89482817894_7.388928196519999_3.89482817894.png,Rivers,20-30
7.373956275118007_3.909800100341992_7.388928196519999_3.89482817894.png,Rivers,20-30
7.373956275118007_3.924772021743984_7.388928196519999_3.89482817894.png,Rivers,20-30
7.373956275118007_3.939743943145976_7.388928196519999_3.89482817894.png,Rivers,20-30
7.376034320057067_3.9088259323080243_7.38626157038_3.88801867424.png,Rivers,20-30
7.37786817355_4.168083210038008_7.37786817355_4.18305513144.png,Rivers,20-30
7.37786817355_4.18305513144_7.37786817355_4.18305513144.png,Rivers,20-30
7.37946116473_4.187679668151992_7.37946116473_4.17270774675.png,Rivers,20-30
7.37946116473_4.217623510955976_7.37946116473_4.17270774675.png,Rivers,20-30
7.380937025566942_3.9190286579258813_7.388928196519999_3.89482817894.png,Rivers,20-30
7.381517583928008_3.951878984406016_7.39648950533_3.98182282721.png,Rivers,20-30
7.381517583928008_3.996794748611992_7.39648950533_3.98182282721.png,Rivers,20-30
7.381517583928008_4.011766670013984_7.39648950533_3.98182282721.png,Rivers,20-30
7.384206789638006_3.874571655824024_7.3991787110399985_3.91948742003.png,Rivers,20-30
7.384206789638006_3.889543577226016_7.3991787110399985_3.91948742003.png,Rivers,20-30
7.384206789638006_3.9045154986280077_7.3991787110399985_3.91948742003.png,Rivers,20-30
7.384206789638006_3.91948742003_7.3991787110399985_3.91948742003.png,Rivers,20-30
7.384206789638006_3.934459341431992_7.3991787110399985_3.91948742003.png,Rivers,20-30
7.384206789638006_3.9494312628339836_7.3991787110399985_3.91948742003.png,Rivers,20-30
7.384206789638006_3.9644031842359757_7.3991787110399985_3.91948742003.png,Rivers,20-30
7.38626157038_3.843102910034024_7.38626157038_3.88801867424.png,Rivers,20-30
7.38626157038_3.8580748314360163_7.38626157038_3.88801867424.png,Rivers,20-30
7.38626157038_3.873046752838008_7.38626157038_3.88801867424.png,Rivers,20-30
7.38626157038_3.88801867424_7.38626157038_3.88801867424.png,Rivers,20-30
7.38626157038_3.902990595641992_7.38626157038_3.88801867424.png,Rivers,20-30
7.38626157038_3.917962517043984_7.38626157038_3.88801867424.png,Rivers,20-30
7.38626157038_3.932934438445976_7.38626157038_3.88801867424.png,Rivers,20-30
7.3867182032340235_3.906356363764024_7.43163396744_3.95127212797.png,Rivers,20-30
7.3867182032340235_3.9812159707739836_7.43163396744_3.95127212797.png,Rivers,20-30
7.3867182032340235_3.9961878921759757_7.43163396744_3.95127212797.png,Rivers,20-30
7.386977130841991_3.8727872923040243_7.372005209439999_3.91770305651.png,Rivers,20-30
7.386977130841991_3.8877592137060164_7.372005209439999_3.91770305651.png,Rivers,20-30
7.386977130841991_3.902731135108008_7.372005209439999_3.91770305651.png,Rivers,20-30
7.386977130841991_3.91770305651_7.372005209439999_3.91770305651.png,Rivers,20-30
7.386977130841991_3.9326749779119923_7.372005209439999_3.91770305651.png,Rivers,20-30
7.386977130841991_3.947646899313984_7.372005209439999_3.91770305651.png,Rivers,20-30
7.386977130841991_3.962618820715976_7.372005209439999_3.91770305651.png,Rivers,20-30
7.388033791513985_3.901258564708008_7.358089948710001_3.91623048611.png,Rivers,20-30
7.388033791513985_3.931202407511992_7.358089948710001_3.91623048611.png,Rivers,20-30
7.388232165883985_3.974823153201992_7.358288323080001_3.9598512318.png,Rivers,20-30
7.388525836341992_3.944090092864024_7.37355391494_3.98900585707.png,Rivers,20-30
7.388525836341992_3.9590620142660162_7.37355391494_3.98900585707.png,Rivers,20-30
7.388525836341992_3.98900585707_7.37355391494_3.98900585707.png,Rivers,20-30
7.388525836341992_4.018949699873984_7.37355391494_3.98900585707.png,Rivers,20-30
7.388875662123983_4.380050577718008_7.358931819319999_4.39502249912.png,Rivers,20-30
7.388875662123983_4.39502249912_7.358931819319999_4.39502249912.png,Rivers,20-30
7.388875662123983_4.424966341923985_7.358931819319999_4.39502249912.png,Rivers,20-30
7.388928196519999_3.8499124147340242_7.388928196519999_3.89482817894.png,Rivers,20-30
7.388928196519999_3.8648843361360163_7.388928196519999_3.89482817894.png,Rivers,20-30
7.388928196519999_3.879856257538008_7.388928196519999_3.89482817894.png,Rivers,20-30
7.388928196519999_3.89482817894_7.388928196519999_3.89482817894.png,Rivers,20-30
7.388928196519999_3.909800100341992_7.388928196519999_3.89482817894.png,Rivers,20-30
7.388928196519999_3.924772021743984_7.388928196519999_3.89482817894.png,Rivers,20-30
7.388928196519999_3.939743943145976_7.388928196519999_3.89482817894.png,Rivers,20-30
7.390852536987925_3.9585604025319183_7.372005209439999_3.91770305651.png,Rivers,20-30
7.391140773321991_4.032178338178008_7.376168851919999_4.04715025958.png,Rivers,20-30
7.391140773321991_4.04715025958_7.376168851919999_4.04715025958.png,Rivers,20-30
7.391140773321991_4.0621221809819925_7.376168851919999_4.04715025958.png,Rivers,20-30
7.392840094951992_4.198027052841992_7.37786817355_4.18305513144.png,Rivers,20-30
7.3944330861319925_4.127791982544023_7.37946116473_4.17270774675.png,Rivers,20-30
7.3944330861319925_4.142763903946015_7.37946116473_4.17270774675.png,Rivers,20-30
7.395479270326017_4.507218241694024_7.425423113130001_4.5521340059.png,Rivers,20-30
7.395479270326017_4.537162084498008_7.425423113130001_4.5521340059.png,Rivers,20-30
7.39648950533_4.011766670013984_7.39648950533_3.98182282721.png,Rivers,20-30
7.397477776744024_3.935349752088008_7.44239354095_3.95032167349.png,Rivers,20-30
7.3991787110399985_3.874571655824024_7.3991787110399985_3.91948742003.png,Rivers,20-30
7.3991787110399985_3.889543577226016_7.3991787110399985_3.91948742003.png,Rivers,20-30
7.3991787110399985_3.9045154986280077_7.3991787110399985_3.91948742003.png,Rivers,20-30
7.3991787110399985_3.91948742003_7.3991787110399985_3.91948742003.png,Rivers,20-30
7.3991787110399985_3.934459341431992_7.3991787110399985_3.91948742003.png,Rivers,20-30
7.3991787110399985_3.9494312628339836_7.3991787110399985_3.91948742003.png,Rivers,20-30
7.3991787110399985_3.9644031842359757_7.3991787110399985_3.91948742003.png,Rivers,20-30
7.401233491781992_3.843102910034024_7.38626157038_3.88801867424.png,Rivers,20-30
7.401233491781992_3.8580748314360163_7.38626157038_3.88801867424.png,Rivers,20-30
7.401233491781992_3.873046752838008_7.38626157038_3.88801867424.png,Rivers,20-30
7.401233491781992_3.88801867424_7.38626157038_3.88801867424.png,Rivers,20-30
7.401233491781992_3.902990595641992_7.38626157038_3.88801867424.png,Rivers,20-30
7.401233491781992_3.917962517043984_7.38626157038_3.88801867424.png,Rivers,20-30
7.401233491781992_3.932934438445976_7.38626157038_3.88801867424.png,Rivers,20-30
7.4019490522439835_3.8727872923040243_7.372005209439999_3.91770305651.png,Rivers,20-30
7.4019490522439835_3.8877592137060164_7.372005209439999_3.91770305651.png,Rivers,20-30
7.4019490522439835_3.902731135108008_7.372005209439999_3.91770305651.png,Rivers,20-30
7.4019490522439835_3.91770305651_7.372005209439999_3.91770305651.png,Rivers,20-30
7.4019490522439835_3.9326749779119923_7.372005209439999_3.91770305651.png,Rivers,20-30
7.4019490522439835_3.947646899313984_7.372005209439999_3.91770305651.png,Rivers,20-30
7.4019490522439835_3.962618820715976_7.372005209439999_3.91770305651.png,Rivers,20-30
7.403005712915977_3.886286643306016_7.358089948710001_3.91623048611.png,Rivers,20-30
7.403005712915977_3.91623048611_7.358089948710001_3.91623048611.png,Rivers,20-30
7.403005712915977_3.9461743289139837_7.358089948710001_3.91623048611.png,Rivers,20-30
7.403005712915977_3.961146250315976_7.358089948710001_3.91623048611.png,Rivers,20-30
7.403204087285977_3.914935467594024_7.358288323080001_3.9598512318.png,Rivers,20-30
7.403204087285977_3.9448793103980084_7.358288323080001_3.9598512318.png,Rivers,20-30
7.403204087285977_3.974823153201992_7.358288323080001_3.9598512318.png,Rivers,20-30
7.403204087285977_3.9897950746039843_7.358288323080001_3.9598512318.png,Rivers,20-30
7.403847583525975_4.39502249912_7.358931819319999_4.39502249912.png,Rivers,20-30
7.403900117921991_3.8499124147340242_7.388928196519999_3.89482817894.png,Rivers,20-30
7.403900117921991_3.8648843361360163_7.388928196519999_3.89482817894.png,Rivers,20-30
7.403900117921991_3.879856257538008_7.388928196519999_3.89482817894.png,Rivers,20-30
7.403900117921991_3.89482817894_7.388928196519999_3.89482817894.png,Rivers,20-30
7.403900117921991_3.909800100341992_7.388928196519999_3.89482817894.png,Rivers,20-30
7.403900117921991_3.924772021743984_7.388928196519999_3.89482817894.png,Rivers,20-30
7.403900117921991_3.939743943145976_7.388928196519999_3.89482817894.png,Rivers,20-30
7.4061126947239835_4.032178338178008_7.376168851919999_4.04715025958.png,Rivers,20-30
7.4061126947239835_4.04715025958_7.376168851919999_4.04715025958.png,Rivers,20-30
7.4061126947239835_4.0621221809819925_7.376168851919999_4.04715025958.png,Rivers,20-30
7.407812016353984_4.1531112886360155_7.37786817355_4.18305513144.png,Rivers,20-30
7.409405007533985_4.1577358253480075_7.37946116473_4.17270774675.png,Rivers,20-30
7.409405007533985_4.202651589553984_7.37946116473_4.17270774675.png,Rivers,20-30
7.410451191728009_4.582077848703984_7.425423113130001_4.5521340059.png,Rivers,20-30
7.412449698146016_3.905405909284024_7.44239354095_3.95032167349.png,Rivers,20-30
7.412449698146016_3.935349752088008_7.44239354095_3.95032167349.png,Rivers,20-30
7.413233856424024_3.8925752385319927_7.45814962063_3.8776033171300006.png,Rivers,20-30
7.413233856424024_3.9225190813359765_7.45814962063_3.8776033171300006.png,Rivers,20-30
7.414150632441991_3.874571655824024_7.3991787110399985_3.91948742003.png,Rivers,20-30
7.414150632441991_3.889543577226016_7.3991787110399985_3.91948742003.png,Rivers,20-30
7.414150632441991_3.9045154986280077_7.3991787110399985_3.91948742003.png,Rivers,20-30
7.414150632441991_3.91948742003_7.3991787110399985_3.91948742003.png,Rivers,20-30
7.414150632441991_3.934459341431992_7.3991787110399985_3.91948742003.png,Rivers,20-30
7.414150632441991_3.9494312628339836_7.3991787110399985_3.91948742003.png,Rivers,20-30
7.414150632441991_3.9644031842359757_7.3991787110399985_3.91948742003.png,Rivers,20-30
7.4162054131839845_3.8580748314360163_7.38626157038_3.88801867424.png,Rivers,20-30
7.4162054131839845_3.873046752838008_7.38626157038_3.88801867424.png,Rivers,20-30
7.4162054131839845_3.88801867424_7.38626157038_3.88801867424.png,Rivers,20-30
7.4162054131839845_3.902990595641992_7.38626157038_3.88801867424.png,Rivers,20-30
7.4162054131839845_3.917962517043984_7.38626157038_3.88801867424.png,Rivers,20-30
7.4162054131839845_3.932934438445976_7.38626157038_3.88801867424.png,Rivers,20-30
7.416662046038008_3.921328285166016_7.43163396744_3.95127212797.png,Rivers,20-30
7.416662046038008_3.966244049371992_7.43163396744_3.95127212797.png,Rivers,20-30
7.416662046038008_3.9812159707739836_7.43163396744_3.95127212797.png,Rivers,20-30
7.416920973645976_3.8727872923040243_7.372005209439999_3.91770305651.png,Rivers,20-30
7.416920973645976_3.8877592137060164_7.372005209439999_3.91770305651.png,Rivers,20-30
7.416920973645976_3.902731135108008_7.372005209439999_3.91770305651.png,Rivers,20-30
7.416920973645976_3.91770305651_7.372005209439999_3.91770305651.png,Rivers,20-30
7.416920973645976_3.9326749779119923_7.372005209439999_3.91770305651.png,Rivers,20-30
7.416920973645976_3.947646899313984_7.372005209439999_3.91770305651.png,Rivers,20-30
7.416920973645976_3.962618820715976_7.372005209439999_3.91770305651.png,Rivers,20-30
7.418469679145976_3.9590620142660162_7.37355391494_3.98900585707.png,Rivers,20-30
7.418469679145976_4.018949699873984_7.37355391494_3.98900585707.png,Rivers,20-30
7.418469679145976_4.033921621275976_7.37355391494_3.98900585707.png,Rivers,20-30
7.4188720393239835_3.8499124147340242_7.388928196519999_3.89482817894.png,Rivers,20-30
7.4188720393239835_3.8648843361360163_7.388928196519999_3.89482817894.png,Rivers,20-30
7.4188720393239835_3.879856257538008_7.388928196519999_3.89482817894.png,Rivers,20-30
7.4188720393239835_3.89482817894_7.388928196519999_3.89482817894.png,Rivers,20-30
7.4188720393239835_3.909800100341992_7.388928196519999_3.89482817894.png,Rivers,20-30
7.4188720393239835_3.924772021743984_7.388928196519999_3.89482817894.png,Rivers,20-30
7.4188720393239835_3.939743943145976_7.388928196519999_3.89482817894.png,Rivers,20-30
7.421084616125976_4.017206416776016_7.376168851919999_4.04715025958.png,Rivers,20-30
7.421084616125976_4.092066023785977_7.376168851919999_4.04715025958.png,Rivers,20-30
7.4211840961051045_3.9640661042476846_7.44239354095_3.95032167349.png,Rivers,20-30
7.422783937755976_4.168083210038008_7.37786817355_4.18305513144.png,Rivers,20-30
7.424376928935977_4.17270774675_7.37946116473_4.17270774675.png,Rivers,20-30
7.424376928935977_4.187679668151992_7.37946116473_4.17270774675.png,Rivers,20-30
7.424376928935977_4.202651589553984_7.37946116473_4.17270774675.png,Rivers,20-30
7.425061337684022_4.56649950107_7.469977101889999_4.56649950107.png,Rivers,20-30
7.425423113130001_4.582077848703984_7.425423113130001_4.5521340059.png,Rivers,20-30
7.426433348133984_3.996794748611992_7.39648950533_3.98182282721.png,Rivers,20-30
7.426433348133984_4.026738591415976_7.39648950533_3.98182282721.png,Rivers,20-30
7.427421619548008_3.95032167349_7.44239354095_3.95032167349.png,Rivers,20-30
7.429122553843983_3.874571655824024_7.3991787110399985_3.91948742003.png,Rivers,20-30
7.429122553843983_3.889543577226016_7.3991787110399985_3.91948742003.png,Rivers,20-30
7.429122553843983_3.9045154986280077_7.3991787110399985_3.91948742003.png,Rivers,20-30
7.429122553843983_3.91948742003_7.3991787110399985_3.91948742003.png,Rivers,20-30
7.429122553843983_3.934459341431992_7.3991787110399985_3.91948742003.png,Rivers,20-30
7.429122553843983_3.9494312628339836_7.3991787110399985_3.91948742003.png,Rivers,20-30
7.429122553843983_3.9644031842359757_7.3991787110399985_3.91948742003.png,Rivers,20-30
7.431177334585977_3.843102910034024_7.38626157038_3.88801867424.png,Rivers,20-30
7.431177334585977_3.8580748314360163_7.38626157038_3.88801867424.png,Rivers,20-30
7.431177334585977_3.873046752838008_7.38626157038_3.88801867424.png,Rivers,20-30
7.431177334585977_3.88801867424_7.38626157038_3.88801867424.png,Rivers,20-30
7.431177334585977_3.902990595641992_7.38626157038_3.88801867424.png,Rivers,20-30
7.431177334585977_3.917962517043984_7.38626157038_3.88801867424.png,Rivers,20-30
7.431177334585977_3.932934438445976_7.38626157038_3.88801867424.png,Rivers,20-30
7.43163396744_3.906356363764024_7.43163396744_3.95127212797.png,Rivers,20-30
7.433843960725976_3.8499124147340242_7.388928196519999_3.89482817894.png,Rivers,20-30
7.433843960725976_3.8648843361360163_7.388928196519999_3.89482817894.png,Rivers,20-30
7.433843960725976_3.879856257538008_7.388928196519999_3.89482817894.png,Rivers,20-30
7.433843960725976_3.89482817894_7.388928196519999_3.89482817894.png,Rivers,20-30
7.433843960725976_3.909800100341992_7.388928196519999_3.89482817894.png,Rivers,20-30
7.433843960725976_3.924772021743984_7.388928196519999_3.89482817894.png,Rivers,20-30
7.433843960725976_3.939743943145976_7.388928196519999_3.89482817894.png,Rivers,20-30
7.43625648905066_3.941532261205109_7.3991787110399985_3.91948742003.png,Rivers,20-30
7.437086175332491_4.513845919546396_7.425423113130001_4.5521340059.png,Rivers,20-30
7.4400332590860145_4.56649950107_7.469977101889999_4.56649950107.png,Rivers,20-30
7.4400332590860145_4.596443343873984_7.469977101889999_4.56649950107.png,Rivers,20-30
7.440395034531993_4.537162084498008_7.425423113130001_4.5521340059.png,Rivers,20-30
7.440395034531993_4.567105927301992_7.425423113130001_4.5521340059.png,Rivers,20-30
7.440395034531993_4.5970497701059765_7.425423113130001_4.5521340059.png,Rivers,20-30
7.441405269535976_4.026738591415976_7.39648950533_3.98182282721.png,Rivers,20-30
7.4421555136331765_4.514188052321065_7.425423113130001_4.5521340059.png,Rivers,20-30
7.44239354095_3.935349752088008_7.44239354095_3.95032167349.png,Rivers,20-30
7.44239354095_3.9802655162939837_7.44239354095_3.95032167349.png,Rivers,20-30
7.444094475245975_3.874571655824024_7.3991787110399985_3.91948742003.png,Rivers,20-30
7.444094475245975_3.889543577226016_7.3991787110399985_3.91948742003.png,Rivers,20-30
7.444094475245975_3.9045154986280077_7.3991787110399985_3.91948742003.png,Rivers,20-30
7.444094475245975_3.91948742003_7.3991787110399985_3.91948742003.png,Rivers,20-30
7.444094475245975_3.934459341431992_7.3991787110399985_3.91948742003.png,Rivers,20-30
7.444094475245975_3.9494312628339836_7.3991787110399985_3.91948742003.png,Rivers,20-30
7.444094475245975_3.9644031842359757_7.3991787110399985_3.91948742003.png,Rivers,20-30
7.446605888841992_3.9363002065680077_7.43163396744_3.95127212797.png,Rivers,20-30
7.446605888841992_3.9812159707739836_7.43163396744_3.95127212797.png,Rivers,20-30
7.452477962974024_4.552669270731992_7.49739372718_4.53769734933.png,Rivers,20-30
7.455366955933985_4.537162084498008_7.425423113130001_4.5521340059.png,Rivers,20-30
7.455366955933985_4.567105927301992_7.425423113130001_4.5521340059.png,Rivers,20-30
7.45814962063_3.8776033171300006_7.45814962063_3.8776033171300006.png,Rivers,20-30
7.45814962063_3.8925752385319927_7.45814962063_3.8776033171300006.png,Rivers,20-30
7.45814962063_3.9225190813359765_7.45814962063_3.8776033171300006.png,Rivers,20-30
7.461577810243984_3.9363002065680077_7.43163396744_3.95127212797.png,Rivers,20-30
7.470338877335977_4.537162084498008_7.425423113130001_4.5521340059.png,Rivers,20-30
7.470338877335977_4.5521340059_7.425423113130001_4.5521340059.png,Rivers,20-30
7.472337383753985_3.95032167349_7.44239354095_3.95032167349.png,Rivers,20-30
7.4731215420319925_3.8626313957280085_7.45814962063_3.8776033171300006.png,Rivers,20-30
7.4731215420319925_3.8776033171300006_7.45814962063_3.8776033171300006.png,Rivers,20-30
7.476549731645976_3.906356363764024_7.43163396744_3.95127212797.png,Rivers,20-30
7.476549731645976_3.9812159707739836_7.43163396744_3.95127212797.png,Rivers,20-30
7.478846490254025_3.89493785503_7.523762254460001_3.89493785503.png,Rivers,20-30
7.480848353772143_3.981526218246419_7.44239354095_3.95032167349.png,Rivers,20-30
7.482421805778008_4.507753506526016_7.49739372718_4.53769734933.png,Rivers,20-30
7.484949023291991_4.521583736864024_7.469977101889999_4.56649950107.png,Rivers,20-30
7.485993586634024_3.45899021583_7.53090935084_3.45899021583.png,Rivers,20-30
7.485993586634024_3.503905980035976_7.53090935084_3.45899021583.png,Rivers,20-30
7.487309305155977_3.905405909284024_7.44239354095_3.95032167349.png,Rivers,20-30
7.487309305155977_3.920377830686016_7.44239354095_3.95032167349.png,Rivers,20-30
7.487309305155977_3.95032167349_7.44239354095_3.95032167349.png,Rivers,20-30
7.487309305155977_3.9802655162939837_7.44239354095_3.95032167349.png,Rivers,20-30
7.488093463433985_3.847659474326017_7.45814962063_3.8776033171300006.png,Rivers,20-30
7.488093463433985_3.8925752385319927_7.45814962063_3.8776033171300006.png,Rivers,20-30
7.488093463433985_3.9225190813359765_7.45814962063_3.8776033171300006.png,Rivers,20-30
7.489452289704025_3.8820175973540243_7.5343680539100015_3.92693336156.png,Rivers,20-30
7.489452289704025_3.971849125765976_7.5343680539100015_3.92693336156.png,Rivers,20-30
7.493818411656017_3.8799659336280077_7.523762254460001_3.89493785503.png,Rivers,20-30
7.493818411656017_3.9398536192359757_7.523762254460001_3.89493785503.png,Rivers,20-30
7.499920944693983_4.536555658266016_7.469977101889999_4.56649950107.png,Rivers,20-30
7.499920944693983_4.596443343873984_7.469977101889999_4.56649950107.png,Rivers,20-30
7.500965508036016_3.4140744516240242_7.53090935084_3.45899021583.png,Rivers,20-30
7.5021358719268045_4.597441362323939_7.469977101889999_4.56649950107.png,Rivers,20-30
7.503065384835977_3.8326875529240247_7.45814962063_3.8776033171300006.png,Rivers,20-30
7.503065384835977_3.8776033171300006_7.45814962063_3.8776033171300006.png,Rivers,20-30
7.504424211106017_3.956877204363984_7.5343680539100015_3.92693336156.png,Rivers,20-30
7.5123656485819925_4.53769734933_7.49739372718_4.53769734933.png,Rivers,20-30
7.5123656485819925_4.552669270731992_7.49739372718_4.53769734933.png,Rivers,20-30
7.514892866095975_4.521583736864024_7.469977101889999_4.56649950107.png,Rivers,20-30
7.516912146266015_3.4942947386340246_7.546855989069999_3.5392105028400005.png,Rivers,20-30
7.516912146266015_3.5691543456439843_7.546855989069999_3.5392105028400005.png,Rivers,20-30
7.523762254460001_3.9248816978339836_7.523762254460001_3.89493785503.png,Rivers,20-30
7.523762254460001_3.9398536192359757_7.523762254460001_3.89493785503.png,Rivers,20-30
7.527337569983985_4.53769734933_7.49739372718_4.53769734933.png,Rivers,20-30
7.527337569983985_4.567641192133984_7.49739372718_4.53769734933.png,Rivers,20-30
7.53090935084_3.4140744516240242_7.53090935084_3.45899021583.png,Rivers,20-30
7.53090935084_3.4290463730260163_7.53090935084_3.45899021583.png,Rivers,20-30
7.53090935084_3.473962137231992_7.53090935084_3.45899021583.png,Rivers,20-30
7.53090935084_3.488934058633984_7.53090935084_3.45899021583.png,Rivers,20-30
7.531884067668007_3.5092666600360167_7.546855989069999_3.5392105028400005.png,Rivers,20-30
7.533683358656016_3.8559937954660164_7.56362720146_3.88593763827.png,Rivers,20-30
7.533683358656016_3.870965716868008_7.56362720146_3.88593763827.png,Rivers,20-30
7.533683358656016_3.88593763827_7.56362720146_3.88593763827.png,Rivers,20-30
7.533683358656016_3.9009095596719923_7.56362720146_3.88593763827.png,Rivers,20-30
7.5343680539100015_3.956877204363984_7.5343680539100015_3.92693336156.png,Rivers,20-30
7.5343680539100015_3.971849125765976_7.5343680539100015_3.92693336156.png,Rivers,20-30
7.538734175861993_3.9248816978339836_7.523762254460001_3.89493785503.png,Rivers,20-30
7.545881272241992_3.4290463730260163_7.53090935084_3.45899021583.png,Rivers,20-30
7.545881272241992_3.473962137231992_7.53090935084_3.45899021583.png,Rivers,20-30
7.546855989069999_3.4942947386340246_7.546855989069999_3.5392105028400005.png,Rivers,20-30
7.546855989069999_3.5092666600360167_7.546855989069999_3.5392105028400005.png,Rivers,20-30
7.546855989069999_3.5841262670459764_7.546855989069999_3.5392105028400005.png,Rivers,20-30
7.548655280058008_3.915881481073984_7.56362720146_3.88593763827.png,Rivers,20-30
7.548655280058008_3.930853402475976_7.56362720146_3.88593763827.png,Rivers,20-30
7.549339975311994_3.8820175973540243_7.5343680539100015_3.92693336156.png,Rivers,20-30
7.549339975311994_3.911961440158008_7.5343680539100015_3.92693336156.png,Rivers,20-30
7.549339975311994_3.9419052829619923_7.5343680539100015_3.92693336156.png,Rivers,20-30
7.553706097263985_3.864994012226016_7.523762254460001_3.89493785503.png,Rivers,20-30
7.553706097263985_3.9398536192359757_7.523762254460001_3.89493785503.png,Rivers,20-30
7.556453885206017_3.518908235614024_7.5863977280100015_3.56382399982.png,Rivers,20-30
7.556453885206017_3.6087397640259757_7.5863977280100015_3.56382399982.png,Rivers,20-30
7.560853193643984_3.4140744516240242_7.53090935084_3.45899021583.png,Rivers,20-30
7.561827910471991_3.5392105028400005_7.546855989069999_3.5392105028400005.png,Rivers,20-30
7.561827910471991_3.5691543456439843_7.546855989069999_3.5392105028400005.png,Rivers,20-30
7.56362720146_3.8559937954660164_7.56362720146_3.88593763827.png,Rivers,20-30
7.56362720146_3.870965716868008_7.56362720146_3.88593763827.png,Rivers,20-30
7.564311896713986_3.8820175973540243_7.5343680539100015_3.92693336156.png,Rivers,20-30
7.564311896713986_3.8969895187560164_7.5343680539100015_3.92693336156.png,Rivers,20-30
7.564311896713986_3.9419052829619923_7.5343680539100015_3.92693336156.png,Rivers,20-30
7.5686780186659774_3.864994012226016_7.523762254460001_3.89493785503.png,Rivers,20-30
7.5686780186659774_3.89493785503_7.523762254460001_3.89493785503.png,Rivers,20-30
7.5686780186659774_3.9248816978339836_7.523762254460001_3.89493785503.png,Rivers,20-30
7.5686780186659774_3.9398536192359757_7.523762254460001_3.89493785503.png,Rivers,20-30
7.571425806608009_3.56382399982_7.5863977280100015_3.56382399982.png,Rivers,20-30
7.571425806608009_3.5937678426239836_7.5863977280100015_3.56382399982.png,Rivers,20-30
7.575825115045976_3.4290463730260163_7.53090935084_3.45899021583.png,Rivers,20-30
7.575825115045976_3.473962137231992_7.53090935084_3.45899021583.png,Rivers,20-30
7.576799831873983_3.5841262670459764_7.546855989069999_3.5392105028400005.png,Rivers,20-30
7.579283818115978_3.956877204363984_7.5343680539100015_3.92693336156.png,Rivers,20-30
7.5863977280100015_3.533880157016016_7.5863977280100015_3.56382399982.png,Rivers,20-30
7.5863977280100015_3.5488520784180078_7.5863977280100015_3.56382399982.png,Rivers,20-30
7.5863977280100015_3.6087397640259757_7.5863977280100015_3.56382399982.png,Rivers,20-30
7.589333945684023_4.209531130834024_7.63424970989_4.25444689504.png,Rivers,20-30
7.6043058670860155_4.25444689504_7.63424970989_4.25444689504.png,Rivers,20-30
7.608542965665976_3.8410218740640243_7.56362720146_3.88593763827.png,Rivers,20-30
7.608542965665976_3.8559937954660164_7.56362720146_3.88593763827.png,Rivers,20-30
7.608542965665976_3.915881481073984_7.56362720146_3.88593763827.png,Rivers,20-30
7.608542965665976_3.930853402475976_7.56362720146_3.88593763827.png,Rivers,20-30
7.616341570813986_3.533880157016016_7.5863977280100015_3.56382399982.png,Rivers,20-30
7.616341570813986_3.5937678426239836_7.5863977280100015_3.56382399982.png,Rivers,20-30
7.616341570813986_3.6087397640259757_7.5863977280100015_3.56382399982.png,Rivers,20-30
7.619277788488008_4.284390737843984_7.63424970989_4.25444689504.png,Rivers,20-30
7.631313492215978_3.518908235614024_7.5863977280100015_3.56382399982.png,Rivers,20-30
7.631313492215978_3.5488520784180078_7.5863977280100015_3.56382399982.png,Rivers,20-30
7.63424970989_4.239474973638008_7.63424970989_4.25444689504.png,Rivers,20-30
7.63424970989_4.269418816441992_7.63424970989_4.25444689504.png,Rivers,20-30
7.63424970989_4.284390737843984_7.63424970989_4.25444689504.png,Rivers,20-30
7.649221631291992_4.239474973638008_7.63424970989_4.25444689504.png,Rivers,20-30
7.649221631291992_4.269418816441992_7.63424970989_4.25444689504.png,Rivers,20-30
7.649221631291992_4.284390737843984_7.63424970989_4.25444689504.png,Rivers,20-30
7.664193552693984_4.269418816441992_7.63424970989_4.25444689504.png,Rivers,20-30
7.664193552693984_4.299362659245976_7.63424970989_4.25444689504.png,Rivers,20-30
7.679165474095976_4.269418816441992_7.63424970989_4.25444689504.png,Rivers,20-30
7.818293824274024_3.8891933710860163_7.86320958848_3.91913721389.png,Rivers,20-30
7.825461533988962_3.8963351516751836_7.86320958848_3.91913721389.png,Rivers,20-30
7.833265745676016_3.874221449684024_7.86320958848_3.91913721389.png,Rivers,20-30
7.833265745676016_3.8891933710860163_7.86320958848_3.91913721389.png,Rivers,20-30
7.833265745676016_3.949081056693984_7.86320958848_3.91913721389.png,Rivers,20-30
7.86320958848_3.8891933710860163_7.86320958848_3.91913721389.png,Rivers,20-30
7.9277888400260155_3.1806744301139838_7.95773268283_3.15073058731.png,Rivers,20-30
7.936617107904024_3.5635333364260164_7.981532872110001_3.59347717923.png,Rivers,20-30
7.936617107904024_3.578505257828008_7.981532872110001_3.59347717923.png,Rivers,20-30
7.942760761428008_3.165702508711992_7.95773268283_3.15073058731.png,Rivers,20-30
7.942760761428008_3.1806744301139838_7.95773268283_3.15073058731.png,Rivers,20-30
7.942760761428008_3.195646351515976_7.95773268283_3.15073058731.png,Rivers,20-30
7.957732682829999_3.15073058731_7.95773268283_3.15073058731.png,Rivers,20-30
7.961137252044024_3.4148294302059763_8.00605301625_3.3699136660000004.png,Rivers,20-30
7.972704604231991_3.165702508711992_7.95773268283_3.15073058731.png,Rivers,20-30
7.972704604231991_3.195646351515976_7.95773268283_3.15073058731.png,Rivers,20-30
7.987676525633983_3.1207867445060162_7.95773268283_3.15073058731.png,Rivers,20-30
7.987676525633983_3.165702508711992_7.95773268283_3.15073058731.png,Rivers,20-30
7.987676525633983_3.1806744301139838_7.95773268283_3.15073058731.png,Rivers,20-30
7.987676525633983_3.195646351515976_7.95773268283_3.15073058731.png,Rivers,20-30
7.991081094848008_3.3249979017940245_8.00605301625_3.3699136660000004.png,Rivers,20-30
7.991081094848008_3.4148294302059763_8.00605301625_3.3699136660000004.png,Rivers,20-30
8.002648447035975_3.135758665908008_7.95773268283_3.15073058731.png,Rivers,20-30
8.00605301625_3.3399698231960167_8.00605301625_3.3699136660000004.png,Rivers,20-30
8.00605301625_3.3699136660000004_8.00605301625_3.3699136660000004.png,Rivers,20-30
8.021024937651992_3.3249979017940245_8.00605301625_3.3699136660000004.png,Rivers,20-30
6.979784240794023_7.9007984288459765_7.024700005_7.85588266464.png,Nasarawa,20-30
6.9947561621960155_7.9007984288459765_7.024700005_7.85588266464.png,Nasarawa,20-30
7.136619011744024_8.078967493554025_7.18153477595_8.123883257760001.png,Nasarawa,20-30
7.151590933146016_8.078967493554025_7.18153477595_8.123883257760001.png,Nasarawa,20-30
7.151590933146016_8.093939414956017_7.18153477595_8.123883257760001.png,Nasarawa,20-30
7.151590933146016_8.153827100563985_7.18153477595_8.123883257760001.png,Nasarawa,20-30
7.166562854548008_8.108911336358009_7.18153477595_8.123883257760001.png,Nasarawa,20-30
7.166562854548008_8.168799021965977_7.18153477595_8.123883257760001.png,Nasarawa,20-30
7.18153477595_8.108911336358009_7.18153477595_8.123883257760001.png,Nasarawa,20-30
7.18153477595_8.123883257760001_7.18153477595_8.123883257760001.png,Nasarawa,20-30
7.18153477595_8.153827100563985_7.18153477595_8.123883257760001.png,Nasarawa,20-30
7.2114786187539845_8.138855179161993_7.18153477595_8.123883257760001.png,Nasarawa,20-30
7.226450540155977_8.093939414956017_7.18153477595_8.123883257760001.png,Nasarawa,20-30
7.226450540155977_8.123883257760001_7.18153477595_8.123883257760001.png,Nasarawa,20-30
7.288750736504024_8.438747025134022_7.333666500710001_8.483662789339999.png,Nasarawa,20-30
7.303722657906016_8.453718946536014_7.333666500710001_8.483662789339999.png,Nasarawa,20-30
7.303722657906016_8.468690867938006_7.333666500710001_8.483662789339999.png,Nasarawa,20-30
7.333666500710001_8.468690867938006_7.333666500710001_8.483662789339999.png,Nasarawa,20-30
7.348638422111993_8.468690867938006_7.333666500710001_8.483662789339999.png,Nasarawa,20-30
7.363610343513985_8.453718946536014_7.333666500710001_8.483662789339999.png,Nasarawa,20-30
7.363610343513985_8.483662789339999_7.333666500710001_8.483662789339999.png,Nasarawa,20-30
7.363610343513985_8.513606632143983_7.333666500710001_8.483662789339999.png,Nasarawa,20-30
7.378582264915977_8.49863471074199_7.333666500710001_8.483662789339999.png,Nasarawa,20-30
7.378582264915977_8.513606632143983_7.333666500710001_8.483662789339999.png,Nasarawa,20-30
7.470230901944023_8.089588822648007_7.51514666615_8.10456074405.png,Nasarawa,20-30
7.4785919148840225_8.420762466484023_7.523507679089999_8.46567823069.png,Nasarawa,20-30
7.4785919148840225_8.495622073493983_7.523507679089999_8.46567823069.png,Nasarawa,20-30
7.4852028233460155_8.10456074405_7.51514666615_8.10456074405.png,Nasarawa,20-30
7.4852028233460155_8.134504586853984_7.51514666615_8.10456074405.png,Nasarawa,20-30
7.493563836286015_8.450706309288007_7.523507679089999_8.46567823069.png,Nasarawa,20-30
7.493563836286015_8.480650152091991_7.523507679089999_8.46567823069.png,Nasarawa,20-30
7.500174744748008_8.149476508255976_7.51514666615_8.10456074405.png,Nasarawa,20-30
7.508535757688007_8.450706309288007_7.523507679089999_8.46567823069.png,Nasarawa,20-30
7.51514666615_8.089588822648007_7.51514666615_8.10456074405.png,Nasarawa,20-30
7.51514666615_8.134504586853984_7.51514666615_8.10456074405.png,Nasarawa,20-30
7.515200685897419_8.059787969909907_7.51514666615_8.10456074405.png,Nasarawa,20-30
7.523507679089999_8.435734387886015_7.523507679089999_8.46567823069.png,Nasarawa,20-30
7.523507679089999_8.495622073493983_7.523507679089999_8.46567823069.png,Nasarawa,20-30
7.523507679089999_8.510593994895975_7.523507679089999_8.46567823069.png,Nasarawa,20-30
7.530118587551992_8.074616901246015_7.51514666615_8.10456074405.png,Nasarawa,20-30
7.530118587551992_8.089588822648007_7.51514666615_8.10456074405.png,Nasarawa,20-30
7.530118587551992_8.134504586853984_7.51514666615_8.10456074405.png,Nasarawa,20-30
7.532417200554025_8.557967595814024_7.577332964760001_8.60288336002.png,Nasarawa,20-30
7.532417200554025_8.60288336002_7.577332964760001_8.60288336002.png,Nasarawa,20-30
7.538479600491991_8.420762466484023_7.523507679089999_8.46567823069.png,Nasarawa,20-30
7.538479600491991_8.435734387886015_7.523507679089999_8.46567823069.png,Nasarawa,20-30
7.538479600491991_8.495622073493983_7.523507679089999_8.46567823069.png,Nasarawa,20-30
7.538479600491991_8.510593994895975_7.523507679089999_8.46567823069.png,Nasarawa,20-30
7.545090508953984_8.059644979844023_7.51514666615_8.10456074405.png,Nasarawa,20-30
7.545090508953984_8.119532665451992_7.51514666615_8.10456074405.png,Nasarawa,20-30
7.547389121956017_8.572939517216016_7.577332964760001_8.60288336002.png,Nasarawa,20-30
7.547389121956017_8.647799124225976_7.577332964760001_8.60288336002.png,Nasarawa,20-30
7.552752130585713_8.064118142747432_7.51514666615_8.10456074405.png,Nasarawa,20-30
7.554756843094023_8.250483581503984_7.5996726073_8.2205397387.png,Nasarawa,20-30
7.560062430355976_8.149476508255976_7.51514666615_8.10456074405.png,Nasarawa,20-30
7.569728764496015_8.190595895896015_7.5996726073_8.2205397387.png,Nasarawa,20-30
7.569728764496015_8.265455502905976_7.5996726073_8.2205397387.png,Nasarawa,20-30
7.577332964760001_8.557967595814024_7.577332964760001_8.60288336002.png,Nasarawa,20-30
7.577332964760001_8.632827202823984_7.577332964760001_8.60288336002.png,Nasarawa,20-30
7.5847006858980075_8.2205397387_7.5996726073_8.2205397387.png,Nasarawa,20-30
7.5847006858980075_8.235511660101992_7.5996726073_8.2205397387.png,Nasarawa,20-30
7.592304886161993_8.632827202823984_7.577332964760001_8.60288336002.png,Nasarawa,20-30
7.592304886161993_8.647799124225976_7.577332964760001_8.60288336002.png,Nasarawa,20-30
7.5996726073_8.175623974494023_7.5996726073_8.2205397387.png,Nasarawa,20-30
7.5996726073_8.190595895896015_7.5996726073_8.2205397387.png,Nasarawa,20-30
7.5996726073_8.235511660101992_7.5996726073_8.2205397387.png,Nasarawa,20-30
7.607276807563985_8.617855281421992_7.577332964760001_8.60288336002.png,Nasarawa,20-30
7.614644528701992_8.175623974494023_7.5996726073_8.2205397387.png,Nasarawa,20-30
7.614644528701992_8.190595895896015_7.5996726073_8.2205397387.png,Nasarawa,20-30
7.622248728965977_8.587911438618008_7.577332964760001_8.60288336002.png,Nasarawa,20-30
7.622248728965977_8.60288336002_7.577332964760001_8.60288336002.png,Nasarawa,20-30
7.622248728965977_8.632827202823984_7.577332964760001_8.60288336002.png,Nasarawa,20-30
7.629616450103984_8.250483581503984_7.5996726073_8.2205397387.png,Nasarawa,20-30
7.644588371505976_8.2205397387_7.5996726073_8.2205397387.png,Nasarawa,20-30
7.690289377694024_8.447591345346016_7.735205141900001_8.47753518815.png,Nasarawa,20-30
7.720233220498009_8.432619423944024_7.735205141900001_8.47753518815.png,Nasarawa,20-30
7.720233220498009_8.492507109551992_7.735205141900001_8.47753518815.png,Nasarawa,20-30
7.720233220498009_8.507479030953984_7.735205141900001_8.47753518815.png,Nasarawa,20-30
7.735205141900001_8.432619423944024_7.735205141900001_8.47753518815.png,Nasarawa,20-30
7.735205141900001_8.492507109551992_7.735205141900001_8.47753518815.png,Nasarawa,20-30
7.735205141900001_8.522450952355976_7.735205141900001_8.47753518815.png,Nasarawa,20-30
7.750177063301993_8.447591345346016_7.735205141900001_8.47753518815.png,Nasarawa,20-30
7.750177063301993_8.462563266748008_7.735205141900001_8.47753518815.png,Nasarawa,20-30
7.750177063301993_8.492507109551992_7.735205141900001_8.47753518815.png,Nasarawa,20-30
7.765148984703985_8.432619423944024_7.735205141900001_8.47753518815.png,Nasarawa,20-30
7.780120906105977_8.522450952355976_7.735205141900001_8.47753518815.png,Nasarawa,20-30
8.152956739066015_8.227944085658011_8.18290058187_8.242916007060003.png,Nasarawa,20-30
8.152956739066015_8.28783177126598_8.18290058187_8.242916007060003.png,Nasarawa,20-30
8.167928660468007_8.198000242854027_8.18290058187_8.242916007060003.png,Nasarawa,20-30
8.167928660468007_8.21297216425602_8.18290058187_8.242916007060003.png,Nasarawa,20-30
8.177269478495061_8.223151505907346_8.18290058187_8.242916007060003.png,Nasarawa,20-30
8.18290058187_8.272859849863988_8.18290058187_8.242916007060003.png,Nasarawa,20-30
8.197872503271991_8.198000242854027_8.18290058187_8.242916007060003.png,Nasarawa,20-30
8.212844424673984_8.257887928461995_8.18290058187_8.242916007060003.png,Nasarawa,20-30
8.212844424673984_8.272859849863988_8.18290058187_8.242916007060003.png,Nasarawa,20-30
8.212844424673984_8.28783177126598_8.18290058187_8.242916007060003.png,Nasarawa,20-30
8.220059215819955_8.243094757991082_8.18290058187_8.242916007060003.png,Nasarawa,20-30
8.227816346075976_8.198000242854027_8.18290058187_8.242916007060003.png,Nasarawa,20-30
8.227816346075976_8.21297216425602_8.18290058187_8.242916007060003.png,Nasarawa,20-30
8.227816346075976_8.272859849863988_8.18290058187_8.242916007060003.png,Nasarawa,20-30
8.263596777724027_8.963180509644024_8.308512541930003_9.00809627385.png,Nasarawa,20-30
8.263596777724027_8.993124352448008_8.308512541930003_9.00809627385.png,Nasarawa,20-30
8.263596777724027_9.00809627385_8.308512541930003_9.00809627385.png,Nasarawa,20-30
8.293540620528011_8.963180509644024_8.308512541930003_9.00809627385.png,Nasarawa,20-30
8.293540620528011_9.038040116653985_8.308512541930003_9.00809627385.png,Nasarawa,20-30
8.308512541930003_8.993124352448008_8.308512541930003_9.00809627385.png,Nasarawa,20-30
8.323484463331996_8.993124352448008_8.308512541930003_9.00809627385.png,Nasarawa,20-30
8.323484463331996_9.00809627385_8.308512541930003_9.00809627385.png,Nasarawa,20-30
8.323484463331996_9.023068195251993_8.308512541930003_9.00809627385.png,Nasarawa,20-30
8.323484463331996_9.053012038055977_8.308512541930003_9.00809627385.png,Nasarawa,20-30
8.338456384733988_8.963180509644024_8.308512541930003_9.00809627385.png,Nasarawa,20-30
8.35342830613598_9.00809627385_8.308512541930003_9.00809627385.png,Nasarawa,20-30
8.35342830613598_9.038040116653985_8.308512541930003_9.00809627385.png,Nasarawa,20-30
8.372056190024024_8.503962220554024_8.41697195423_8.54887798476.png,Nasarawa,20-30
8.372056190024024_8.563849906161993_8.41697195423_8.54887798476.png,Nasarawa,20-30
8.385734213134024_8.396421865984022_8.43064997734_8.441337630189999.png,Nasarawa,20-30
8.385734213134024_8.411393787386015_8.43064997734_8.441337630189999.png,Nasarawa,20-30
8.385734213134024_8.426365708788007_8.43064997734_8.441337630189999.png,Nasarawa,20-30
8.385734213134024_8.441337630189999_8.43064997734_8.441337630189999.png,Nasarawa,20-30
8.385734213134024_8.45630955159199_8.43064997734_8.441337630189999.png,Nasarawa,20-30
8.385734213134024_8.471281472993983_8.43064997734_8.441337630189999.png,Nasarawa,20-30
8.385734213134024_8.486253394395975_8.43064997734_8.441337630189999.png,Nasarawa,20-30
8.387028111426016_8.518934141956017_8.41697195423_8.54887798476.png,Nasarawa,20-30
8.400706134536016_8.396421865984022_8.43064997734_8.441337630189999.png,Nasarawa,20-30
8.400706134536016_8.411393787386015_8.43064997734_8.441337630189999.png,Nasarawa,20-30
8.400706134536016_8.426365708788007_8.43064997734_8.441337630189999.png,Nasarawa,20-30
8.400706134536016_8.441337630189999_8.43064997734_8.441337630189999.png,Nasarawa,20-30
8.400706134536016_8.45630955159199_8.43064997734_8.441337630189999.png,Nasarawa,20-30
8.400706134536016_8.471281472993983_8.43064997734_8.441337630189999.png,Nasarawa,20-30
8.400706134536016_8.486253394395975_8.43064997734_8.441337630189999.png,Nasarawa,20-30
8.402000032828008_8.503962220554024_8.41697195423_8.54887798476.png,Nasarawa,20-30
8.402000032828008_8.533906063358009_8.41697195423_8.54887798476.png,Nasarawa,20-30
8.40998449372729_8.446077060680363_8.43064997734_8.441337630189999.png,Nasarawa,20-30
8.415678055938008_8.396421865984022_8.43064997734_8.441337630189999.png,Nasarawa,20-30
8.415678055938008_8.411393787386015_8.43064997734_8.441337630189999.png,Nasarawa,20-30
8.415678055938008_8.426365708788007_8.43064997734_8.441337630189999.png,Nasarawa,20-30
8.415678055938008_8.441337630189999_8.43064997734_8.441337630189999.png,Nasarawa,20-30
8.415678055938008_8.45630955159199_8.43064997734_8.441337630189999.png,Nasarawa,20-30
8.415678055938008_8.471281472993983_8.43064997734_8.441337630189999.png,Nasarawa,20-30
8.415678055938008_8.486253394395975_8.43064997734_8.441337630189999.png,Nasarawa,20-30
8.41697195423_8.533906063358009_8.41697195423_8.54887798476.png,Nasarawa,20-30
8.43064997734_8.396421865984022_8.43064997734_8.441337630189999.png,Nasarawa,20-30
8.43064997734_8.411393787386015_8.43064997734_8.441337630189999.png,Nasarawa,20-30
8.43064997734_8.426365708788007_8.43064997734_8.441337630189999.png,Nasarawa,20-30
8.43064997734_8.441337630189999_8.43064997734_8.441337630189999.png,Nasarawa,20-30
8.43064997734_8.45630955159199_8.43064997734_8.441337630189999.png,Nasarawa,20-30
8.43064997734_8.471281472993983_8.43064997734_8.441337630189999.png,Nasarawa,20-30
8.43064997734_8.486253394395975_8.43064997734_8.441337630189999.png,Nasarawa,20-30
8.431943875631992_8.518934141956017_8.41697195423_8.54887798476.png,Nasarawa,20-30
8.431943875631992_8.578821827563985_8.41697195423_8.54887798476.png,Nasarawa,20-30
8.434407690824024_8.546280606923984_8.47932345503_8.51633676412.png,Nasarawa,20-30
8.434407690824024_8.561252528325976_8.47932345503_8.51633676412.png,Nasarawa,20-30
8.440157747027655_8.485647271062666_8.43064997734_8.441337630189999.png,Nasarawa,20-30
8.445621898741992_8.396421865984022_8.43064997734_8.441337630189999.png,Nasarawa,20-30
8.445621898741992_8.411393787386015_8.43064997734_8.441337630189999.png,Nasarawa,20-30
8.445621898741992_8.426365708788007_8.43064997734_8.441337630189999.png,Nasarawa,20-30
8.445621898741992_8.441337630189999_8.43064997734_8.441337630189999.png,Nasarawa,20-30
8.445621898741992_8.45630955159199_8.43064997734_8.441337630189999.png,Nasarawa,20-30
8.445621898741992_8.471281472993983_8.43064997734_8.441337630189999.png,Nasarawa,20-30
8.445621898741992_8.486253394395975_8.43064997734_8.441337630189999.png,Nasarawa,20-30
8.446915797033984_8.54887798476_8.41697195423_8.54887798476.png,Nasarawa,20-30
8.446915797033984_8.563849906161993_8.41697195423_8.54887798476.png,Nasarawa,20-30
8.449379612226016_8.501364842718008_8.47932345503_8.51633676412.png,Nasarawa,20-30
8.449379612226016_8.51633676412_8.47932345503_8.51633676412.png,Nasarawa,20-30
8.449379612226016_8.531308685521992_8.47932345503_8.51633676412.png,Nasarawa,20-30
8.449379612226016_8.561252528325976_8.47932345503_8.51633676412.png,Nasarawa,20-30
8.460593820143984_8.396421865984022_8.43064997734_8.441337630189999.png,Nasarawa,20-30
8.460593820143984_8.411393787386015_8.43064997734_8.441337630189999.png,Nasarawa,20-30
8.460593820143984_8.426365708788007_8.43064997734_8.441337630189999.png,Nasarawa,20-30
8.460593820143984_8.441337630189999_8.43064997734_8.441337630189999.png,Nasarawa,20-30
8.460593820143984_8.45630955159199_8.43064997734_8.441337630189999.png,Nasarawa,20-30
8.460593820143984_8.471281472993983_8.43064997734_8.441337630189999.png,Nasarawa,20-30
8.460593820143984_8.486253394395975_8.43064997734_8.441337630189999.png,Nasarawa,20-30
8.461887718435976_8.533906063358009_8.41697195423_8.54887798476.png,Nasarawa,20-30
8.461887718435976_8.54887798476_8.41697195423_8.54887798476.png,Nasarawa,20-30
8.475565741545976_8.396421865984022_8.43064997734_8.441337630189999.png,Nasarawa,20-30
8.475565741545976_8.411393787386015_8.43064997734_8.441337630189999.png,Nasarawa,20-30
8.475565741545976_8.426365708788007_8.43064997734_8.441337630189999.png,Nasarawa,20-30
8.475565741545976_8.441337630189999_8.43064997734_8.441337630189999.png,Nasarawa,20-30
8.475565741545976_8.45630955159199_8.43064997734_8.441337630189999.png,Nasarawa,20-30
8.475565741545976_8.471281472993983_8.43064997734_8.441337630189999.png,Nasarawa,20-30
8.475565741545976_8.486253394395975_8.43064997734_8.441337630189999.png,Nasarawa,20-30
8.47932345503_8.531308685521992_8.47932345503_8.51633676412.png,Nasarawa,20-30
8.509267297833985_8.486392921316016_8.47932345503_8.51633676412.png,Nasarawa,20-30
8.509267297833985_8.51633676412_8.47932345503_8.51633676412.png,Nasarawa,20-30
8.509267297833985_8.531308685521992_8.47932345503_8.51633676412.png,Nasarawa,20-30
8.524239219235977_8.471420999914024_8.47932345503_8.51633676412.png,Nasarawa,20-30
8.524239219235977_8.501364842718008_8.47932345503_8.51633676412.png,Nasarawa,20-30
8.583430857941423_8.131467207292703_8.6125691508_8.11639579557.png,Nasarawa,20-30
8.597597229398009_8.131367716971992_8.6125691508_8.11639579557.png,Nasarawa,20-30
8.6125691508_8.161311559775976_8.6125691508_8.11639579557.png,Nasarawa,20-30
8.627541072201993_8.131367716971992_8.6125691508_8.11639579557.png,Nasarawa,20-30
8.627541072201993_8.146339638373984_8.6125691508_8.11639579557.png,Nasarawa,20-30
8.627541072201993_8.161311559775976_8.6125691508_8.11639579557.png,Nasarawa,20-30
8.642512993603985_8.11639579557_8.6125691508_8.11639579557.png,Nasarawa,20-30
8.657484915005977_8.11639579557_8.6125691508_8.11639579557.png,Nasarawa,20-30
8.657484915005977_8.131367716971992_8.6125691508_8.11639579557.png,Nasarawa,20-30
9.164621487174024_8.458918495968009_9.20953725138_8.47389041737.png,Nasarawa,20-30
9.194565329978008_8.428974653164024_9.20953725138_8.47389041737.png,Nasarawa,20-30
9.224509172781993_8.443946574566016_9.20953725138_8.47389041737.png,Nasarawa,20-30
9.254453015585977_8.458918495968009_9.20953725138_8.47389041737.png,Nasarawa,20-30
6.993272116544024_6.050839721888008_7.038187880750001_6.06581164329.png,Anambra,10-20
6.993272116544024_6.080783564691992_7.038187880750001_6.06581164329.png,Anambra,10-20
7.0082440379460165_6.035867800486016_7.038187880750001_6.06581164329.png,Anambra,10-20
7.023215959348009_6.050839721888008_7.038187880750001_6.06581164329.png,Anambra,10-20
7.023215959348009_6.06581164329_7.038187880750001_6.06581164329.png,Anambra,10-20
7.038187880750001_6.020895879084024_7.038187880750001_6.06581164329.png,Anambra,10-20
7.038187880750001_6.035867800486016_7.038187880750001_6.06581164329.png,Anambra,10-20
7.038187880750001_6.095755486093984_7.038187880750001_6.06581164329.png,Anambra,10-20
7.038187880750001_6.110727407495976_7.038187880750001_6.06581164329.png,Anambra,10-20
7.053159802151993_6.020895879084024_7.038187880750001_6.06581164329.png,Anambra,10-20
7.068131723553985_6.050839721888008_7.038187880750001_6.06581164329.png,Anambra,10-20
7.083103644955977_6.080783564691992_7.038187880750001_6.06581164329.png,Anambra,10-20
7.198573159364024_4.88333742804_7.24348892357_4.88333742804.png,Abia,10-20
7.199980326484023_4.861612059213984_7.244896090689999_4.83166821641.png,Abia,10-20
7.200441674088007_4.902629393894023_7.215413595489999_4.9475451581.png,Abia,10-20
7.213545080766016_4.868365506638008_7.24348892357_4.88333742804.png,Abia,10-20
7.214952247886015_4.861612059213984_7.244896090689999_4.83166821641.png,Abia,10-20
7.215413595489999_4.902629393894023_7.215413595489999_4.9475451581.png,Abia,10-20
7.228517002168008_4.868365506638008_7.24348892357_4.88333742804.png,Abia,10-20
7.2303855168919915_4.902629393894023_7.215413595489999_4.9475451581.png,Abia,10-20
7.234627279026917_4.871305221019903_7.24348892357_4.88333742804.png,Abia,10-20
7.260329359695976_4.992460922305976_7.215413595489999_4.9475451581.png,Abia,10-20
7.273599997911992_5.237162728053984_7.25862807651_5.20721888525.png,Abia,10-20
7.2748399334939835_4.876583980615976_7.244896090689999_4.83166821641.png,Abia,10-20
7.284711363298008_5.237577625745977_7.2996832847_5.19266186154.png,Abia,10-20
7.284933328458009_5.200050985403984_7.299905249860001_5.1701071426.png,Abia,10-20
7.288571919313984_5.1922469638480075_7.25862807651_5.20721888525.png,Abia,10-20
7.288571919313984_5.252134649455976_7.25862807651_5.20721888525.png,Abia,10-20
7.2996832847_5.177689940138008_7.2996832847_5.19266186154.png,Abia,10-20
7.299905249860001_5.1701071426_7.299905249860001_5.1701071426.png,Abia,10-20
7.303543840715976_5.222190806651992_7.25862807651_5.20721888525.png,Abia,10-20
7.303543840715976_5.237162728053984_7.25862807651_5.20721888525.png,Abia,10-20
7.3146552061019925_5.147746097334024_7.2996832847_5.19266186154.png,Abia,10-20
7.314877171261993_5.140163299796016_7.299905249860001_5.1701071426.png,Abia,10-20
7.314877171261993_5.1701071426_7.299905249860001_5.1701071426.png,Abia,10-20
7.314877171261993_5.200050985403984_7.299905249860001_5.1701071426.png,Abia,10-20
7.329849092663985_5.155135221198008_7.299905249860001_5.1701071426.png,Abia,10-20
7.329849092663985_5.1701071426_7.299905249860001_5.1701071426.png,Abia,10-20
7.334059100741991_4.999170598811992_7.3190871793399985_4.98419867741.png,Abia,10-20
7.344821014065977_5.125191378394024_7.299905249860001_5.1701071426.png,Abia,10-20
7.344821014065977_5.200050985403984_7.299905249860001_5.1701071426.png,Abia,10-20
7.349031022143983_4.999170598811992_7.3190871793399985_4.98419867741.png,Abia,10-20
7.364002943545975_4.954254834606016_7.3190871793399985_4.98419867741.png,Abia,10-20
7.364002943545975_5.0291144416159765_7.3190871793399985_4.98419867741.png,Abia,10-20
7.419940563274025_5.444362661701992_7.4648563274800015_5.4293907403.png,Abia,10-20
7.433557807494022_5.7386355919000005_7.478473571699999_5.7386355919000005.png,Abia,10-20
7.433557807494022_5.753607513301993_7.478473571699999_5.7386355919000005.png,Abia,10-20
7.449884406078009_5.384474976094023_7.4648563274800015_5.4293907403.png,Abia,10-20
7.449884406078009_5.4293907403_7.4648563274800015_5.4293907403.png,Abia,10-20
7.451087228834023_5.22505704647_7.496002993039999_5.22505704647.png,Abia,10-20
7.451087228834023_5.255000889273984_7.496002993039999_5.22505704647.png,Abia,10-20
7.4635016502980065_5.783551356105977_7.478473571699999_5.7386355919000005.png,Abia,10-20
7.4648563274800015_5.384474976094023_7.4648563274800015_5.4293907403.png,Abia,10-20
7.466059150236015_5.195113203666016_7.496002993039999_5.22505704647.png,Abia,10-20
7.466059150236015_5.210085125068008_7.496002993039999_5.22505704647.png,Abia,10-20
7.466059150236015_5.269972810675976_7.496002993039999_5.22505704647.png,Abia,10-20
7.478473571699999_5.693719827694024_7.478473571699999_5.7386355919000005.png,Abia,10-20
7.478473571699999_5.7386355919000005_7.478473571699999_5.7386355919000005.png,Abia,10-20
7.479828248881994_5.4293907403_7.4648563274800015_5.4293907403.png,Abia,10-20
7.479828248881994_5.444362661701992_7.4648563274800015_5.4293907403.png,Abia,10-20
7.479828248881994_5.474306504505976_7.4648563274800015_5.4293907403.png,Abia,10-20
7.481031071638007_5.210085125068008_7.496002993039999_5.22505704647.png,Abia,10-20
7.481031071638007_5.240028967871992_7.496002993039999_5.22505704647.png,Abia,10-20
7.494800170283986_5.3994468974960155_7.4648563274800015_5.4293907403.png,Abia,10-20
7.494800170283986_5.414418818898008_7.4648563274800015_5.4293907403.png,Abia,10-20
7.494800170283986_5.444362661701992_7.4648563274800015_5.4293907403.png,Abia,10-20
7.496002993039999_5.255000889273984_7.496002993039999_5.22505704647.png,Abia,10-20
7.508417414503983_5.708691749096016_7.478473571699999_5.7386355919000005.png,Abia,10-20
7.508417414503983_5.768579434703985_7.478473571699999_5.7386355919000005.png,Abia,10-20
7.508417414503983_5.783551356105977_7.478473571699999_5.7386355919000005.png,Abia,10-20
7.509772091685978_5.474306504505976_7.4648563274800015_5.4293907403.png,Abia,10-20
7.5109749144419915_5.240028967871992_7.496002993039999_5.22505704647.png,Abia,10-20
7.523389335905975_5.693719827694024_7.478473571699999_5.7386355919000005.png,Abia,10-20
7.523389335905975_5.708691749096016_7.478473571699999_5.7386355919000005.png,Abia,10-20
7.523389335905975_5.723663670498008_7.478473571699999_5.7386355919000005.png,Abia,10-20
7.525946835843984_5.210085125068008_7.496002993039999_5.22505704647.png,Abia,10-20
7.525946835843984_5.240028967871992_7.496002993039999_5.22505704647.png,Abia,10-20
7.540918757245976_5.269972810675976_7.496002993039999_5.22505704647.png,Abia,10-20
7.576851427594023_5.699708515346017_7.621767191799999_5.729652358150001.png,Abia,10-20
7.576851427594023_5.744624279551993_7.621767191799999_5.729652358150001.png,Abia,10-20
7.5827262946820335_5.692207747360492_7.621767191799999_5.729652358150001.png,Abia,10-20
7.583511807554025_5.709990498936017_7.628427571760001_5.7399343417400015.png,Abia,10-20
7.583511807554025_5.7399343417400015_7.628427571760001_5.7399343417400015.png,Abia,10-20
7.583511807554025_5.754906263141994_7.628427571760001_5.7399343417400015.png,Abia,10-20
7.591823348996015_5.684736593944025_7.621767191799999_5.729652358150001.png,Abia,10-20
7.592119785076016_5.392611513871992_7.62206362788_5.37763959247.png,Abia,10-20
7.592119785076016_5.422555356675976_7.62206362788_5.37763959247.png,Abia,10-20
7.598483728956017_5.724962420338009_7.628427571760001_5.7399343417400015.png,Abia,10-20
7.606795270398007_5.699708515346017_7.621767191799999_5.729652358150001.png,Abia,10-20
7.606795270398007_5.714680436748009_7.621767191799999_5.729652358150001.png,Abia,10-20
7.606795270398007_5.774568122355977_7.621767191799999_5.729652358150001.png,Abia,10-20
7.607091706478008_5.37763959247_7.62206362788_5.37763959247.png,Abia,10-20
7.607091706478008_5.392611513871992_7.62206362788_5.37763959247.png,Abia,10-20
7.613455650358009_5.7399343417400015_7.628427571760001_5.7399343417400015.png,Abia,10-20
7.613455650358009_5.754906263141994_7.628427571760001_5.7399343417400015.png,Abia,10-20
7.621767191799999_5.699708515346017_7.621767191799999_5.729652358150001.png,Abia,10-20
7.621767191799999_5.744624279551993_7.621767191799999_5.729652358150001.png,Abia,10-20
7.621767191799999_5.759596200953985_7.621767191799999_5.729652358150001.png,Abia,10-20
7.62206362788_5.422555356675976_7.62206362788_5.37763959247.png,Abia,10-20
7.628427571760001_5.709990498936017_7.628427571760001_5.7399343417400015.png,Abia,10-20
7.628427571760001_5.754906263141994_7.628427571760001_5.7399343417400015.png,Abia,10-20
7.636739113201991_5.714680436748009_7.621767191799999_5.729652358150001.png,Abia,10-20
7.636739113201991_5.729652358150001_7.621767191799999_5.729652358150001.png,Abia,10-20
7.6433994931619935_5.754906263141994_7.628427571760001_5.7399343417400015.png,Abia,10-20
7.6433994931619935_5.784850105945978_7.628427571760001_5.7399343417400015.png,Abia,10-20
7.6520074706839845_5.3626676710680075_7.62206362788_5.37763959247.png,Abia,10-20
7.658371414563986_5.695018577534025_7.628427571760001_5.7399343417400015.png,Abia,10-20
7.658371414563986_5.754906263141994_7.628427571760001_5.7399343417400015.png,Abia,10-20
7.660034631024143_5.744284489970058_7.621767191799999_5.729652358150001.png,Abia,10-20
7.6666829560059755_5.759596200953985_7.621767191799999_5.729652358150001.png,Abia,10-20
7.668321018614023_5.469649411796016_7.713236782819999_5.499593254600001.png,Abia,10-20
7.673343335965978_5.709990498936017_7.628427571760001_5.7399343417400015.png,Abia,10-20
7.678083864614022_5.6781055972940235_7.7229996288199985_5.7230213615.png,Abia,10-20
7.678083864614022_5.693077518696016_7.7229996288199985_5.7230213615.png,Abia,10-20
7.678083864614022_5.708049440098008_7.7229996288199985_5.7230213615.png,Abia,10-20
7.678083864614022_5.7230213615_7.7229996288199985_5.7230213615.png,Abia,10-20
7.678083864614022_5.737993282901992_7.7229996288199985_5.7230213615.png,Abia,10-20
7.678083864614022_5.752965204303984_7.7229996288199985_5.7230213615.png,Abia,10-20
7.678083864614022_5.767937125705976_7.7229996288199985_5.7230213615.png,Abia,10-20
7.693055786016014_5.6781055972940235_7.7229996288199985_5.7230213615.png,Abia,10-20
7.693055786016014_5.693077518696016_7.7229996288199985_5.7230213615.png,Abia,10-20
7.693055786016014_5.708049440098008_7.7229996288199985_5.7230213615.png,Abia,10-20
7.693055786016014_5.7230213615_7.7229996288199985_5.7230213615.png,Abia,10-20
7.693055786016014_5.737993282901992_7.7229996288199985_5.7230213615.png,Abia,10-20
7.693055786016014_5.752965204303984_7.7229996288199985_5.7230213615.png,Abia,10-20
7.693055786016014_5.767937125705976_7.7229996288199985_5.7230213615.png,Abia,10-20
7.698264861418007_5.454677490394024_7.713236782819999_5.499593254600001.png,Abia,10-20
7.698264861418007_5.544509018805977_7.713236782819999_5.499593254600001.png,Abia,10-20
7.708027707418006_5.6781055972940235_7.7229996288199985_5.7230213615.png,Abia,10-20
7.708027707418006_5.693077518696016_7.7229996288199985_5.7230213615.png,Abia,10-20
7.708027707418006_5.708049440098008_7.7229996288199985_5.7230213615.png,Abia,10-20
7.708027707418006_5.7230213615_7.7229996288199985_5.7230213615.png,Abia,10-20
7.708027707418006_5.737993282901992_7.7229996288199985_5.7230213615.png,Abia,10-20
7.708027707418006_5.752965204303984_7.7229996288199985_5.7230213615.png,Abia,10-20
7.708027707418006_5.767937125705976_7.7229996288199985_5.7230213615.png,Abia,10-20
7.713236782819999_5.529537097403985_7.713236782819999_5.499593254600001.png,Abia,10-20
7.713236782819999_5.544509018805977_7.713236782819999_5.499593254600001.png,Abia,10-20
7.7229996288199985_5.6781055972940235_7.7229996288199985_5.7230213615.png,Abia,10-20
7.7229996288199985_5.693077518696016_7.7229996288199985_5.7230213615.png,Abia,10-20
7.7229996288199985_5.708049440098008_7.7229996288199985_5.7230213615.png,Abia,10-20
7.7229996288199985_5.7230213615_7.7229996288199985_5.7230213615.png,Abia,10-20
7.7229996288199985_5.737993282901992_7.7229996288199985_5.7230213615.png,Abia,10-20
7.7229996288199985_5.752965204303984_7.7229996288199985_5.7230213615.png,Abia,10-20
7.7229996288199985_5.767937125705976_7.7229996288199985_5.7230213615.png,Abia,10-20
7.736585402182717_5.748907705206986_7.7229996288199985_5.7230213615.png,Abia,10-20
7.737971550221991_5.6781055972940235_7.7229996288199985_5.7230213615.png,Abia,10-20
7.737971550221991_5.693077518696016_7.7229996288199985_5.7230213615.png,Abia,10-20
7.737971550221991_5.708049440098008_7.7229996288199985_5.7230213615.png,Abia,10-20
7.737971550221991_5.7230213615_7.7229996288199985_5.7230213615.png,Abia,10-20
7.737971550221991_5.737993282901992_7.7229996288199985_5.7230213615.png,Abia,10-20
7.737971550221991_5.752965204303984_7.7229996288199985_5.7230213615.png,Abia,10-20
7.737971550221991_5.767937125705976_7.7229996288199985_5.7230213615.png,Abia,10-20
7.7431806256239835_5.529537097403985_7.713236782819999_5.499593254600001.png,Abia,10-20
7.7431806256239835_5.544509018805977_7.713236782819999_5.499593254600001.png,Abia,10-20
7.7450752864697705_5.678112654206942_7.7229996288199985_5.7230213615.png,Abia,10-20
7.752943471623983_5.6781055972940235_7.7229996288199985_5.7230213615.png,Abia,10-20
7.752943471623983_5.693077518696016_7.7229996288199985_5.7230213615.png,Abia,10-20
7.752943471623983_5.708049440098008_7.7229996288199985_5.7230213615.png,Abia,10-20
7.752943471623983_5.7230213615_7.7229996288199985_5.7230213615.png,Abia,10-20
7.752943471623983_5.737993282901992_7.7229996288199985_5.7230213615.png,Abia,10-20
7.752943471623983_5.752965204303984_7.7229996288199985_5.7230213615.png,Abia,10-20
7.752943471623983_5.767937125705976_7.7229996288199985_5.7230213615.png,Abia,10-20
7.767915393025975_5.6781055972940235_7.7229996288199985_5.7230213615.png,Abia,10-20
7.767915393025975_5.693077518696016_7.7229996288199985_5.7230213615.png,Abia,10-20
7.767915393025975_5.708049440098008_7.7229996288199985_5.7230213615.png,Abia,10-20
7.767915393025975_5.7230213615_7.7229996288199985_5.7230213615.png,Abia,10-20
7.767915393025975_5.737993282901992_7.7229996288199985_5.7230213615.png,Abia,10-20
7.767915393025975_5.752965204303984_7.7229996288199985_5.7230213615.png,Abia,10-20
7.767915393025975_5.767937125705976_7.7229996288199985_5.7230213615.png,Abia,10-20
7.204623796114023_10.117210177894025_7.24953956032_10.162125942100001.png,Kaduna,20-30
7.204623796114023_10.147154020698009_7.24953956032_10.162125942100001.png,Kaduna,20-30
7.2195957175160155_10.147154020698009_7.24953956032_10.162125942100001.png,Kaduna,20-30
7.234567638918008_10.207041706305978_7.24953956032_10.162125942100001.png,Kaduna,20-30
7.24953956032_10.147154020698009_7.24953956032_10.162125942100001.png,Kaduna,20-30
7.24953956032_10.177097863501993_7.24953956032_10.162125942100001.png,Kaduna,20-30
7.24953956032_10.192069784903985_7.24953956032_10.162125942100001.png,Kaduna,20-30
7.24953956032_10.207041706305978_7.24953956032_10.162125942100001.png,Kaduna,20-30
7.264511481721992_10.117210177894025_7.24953956032_10.162125942100001.png,Kaduna,20-30
7.264511481721992_10.132182099296017_7.24953956032_10.162125942100001.png,Kaduna,20-30
7.264511481721992_10.162125942100001_7.24953956032_10.162125942100001.png,Kaduna,20-30
7.279483403123984_10.162125942100001_7.24953956032_10.162125942100001.png,Kaduna,20-30
7.294084766473983_9.904686713598007_7.2641409236699985_9.919658635.png,Kaduna,20-30
7.294084766473983_9.934630556401991_7.2641409236699985_9.919658635.png,Kaduna,20-30
7.294084766473983_9.949602477803984_7.2641409236699985_9.919658635.png,Kaduna,20-30
7.294455324525976_10.117210177894025_7.24953956032_10.162125942100001.png,Kaduna,20-30
7.2951784262780075_9.777667211434023_7.31015034768_9.82258297564.png,Kaduna,20-30
7.2951784262780075_9.792639132836015_7.31015034768_9.82258297564.png,Kaduna,20-30
7.2951784262780075_9.82258297564_7.31015034768_9.82258297564.png,Kaduna,20-30
7.309056687875975_9.904686713598007_7.2641409236699985_9.919658635.png,Kaduna,20-30
7.31015034768_9.867498739845976_7.31015034768_9.82258297564.png,Kaduna,20-30
7.325122269081992_9.777667211434023_7.31015034768_9.82258297564.png,Kaduna,20-30
7.325122269081992_9.792639132836015_7.31015034768_9.82258297564.png,Kaduna,20-30
7.340094190483984_9.807611054238007_7.31015034768_9.82258297564.png,Kaduna,20-30
7.340094190483984_9.867498739845976_7.31015034768_9.82258297564.png,Kaduna,20-30
7.355066111885976_9.777667211434023_7.31015034768_9.82258297564.png,Kaduna,20-30
7.355066111885976_9.837554897041992_7.31015034768_9.82258297564.png,Kaduna,20-30
7.698814533434023_10.037597150096015_7.743730297639999_10.0675409929.png,Kaduna,20-30
7.713786454836015_10.022625228694023_7.743730297639999_10.0675409929.png,Kaduna,20-30
7.728758376238007_10.082512914301992_7.743730297639999_10.0675409929.png,Kaduna,20-30
7.743730297639999_10.037597150096015_7.743730297639999_10.0675409929.png,Kaduna,20-30
7.743730297639999_10.052569071498008_7.743730297639999_10.0675409929.png,Kaduna,20-30
7.743730297639999_10.082512914301992_7.743730297639999_10.0675409929.png,Kaduna,20-30
7.758702219041991_10.082512914301992_7.743730297639999_10.0675409929.png,Kaduna,20-30
7.773674140443983_10.022625228694023_7.743730297639999_10.0675409929.png,Kaduna,20-30
7.773674140443983_10.082512914301992_7.743730297639999_10.0675409929.png,Kaduna,20-30
7.788646061845975_10.037597150096015_7.743730297639999_10.0675409929.png,Kaduna,20-30
7.788646061845975_10.052569071498008_7.743730297639999_10.0675409929.png,Kaduna,20-30
7.788646061845975_10.097484835703984_7.743730297639999_10.0675409929.png,Kaduna,20-30
8.123620247576016_9.20130225445_8.15356409038_9.20130225445.png,Kaduna,20-30
8.138592168978008_9.156386490244024_8.15356409038_9.20130225445.png,Kaduna,20-30
8.138592168978008_9.20130225445_8.15356409038_9.20130225445.png,Kaduna,20-30
8.13868700809657_9.157709118096058_8.15356409038_9.20130225445.png,Kaduna,20-30
8.16183924281093_9.181593695172163_8.15356409038_9.20130225445.png,Kaduna,20-30
8.168536011781992_9.171358411646017_8.15356409038_9.20130225445.png,Kaduna,20-30
8.168536011781992_9.186330333048009_8.15356409038_9.20130225445.png,Kaduna,20-30
8.168536011781992_9.20130225445_8.15356409038_9.20130225445.png,Kaduna,20-30
8.168536011781992_9.231246097253985_8.15356409038_9.20130225445.png,Kaduna,20-30
8.183507933183984_9.186330333048009_8.15356409038_9.20130225445.png,Kaduna,20-30
8.183507933183984_9.216274175851993_8.15356409038_9.20130225445.png,Kaduna,20-30
8.198479854585976_9.20130225445_8.15356409038_9.20130225445.png,Kaduna,20-30
8.198479854585976_9.216274175851993_8.15356409038_9.20130225445.png,Kaduna,20-30
8.198479854585976_9.231246097253985_8.15356409038_9.20130225445.png,Kaduna,20-30
8.243281208804024_10.522321533794024_8.28819697301_10.567237298.png,Kaduna,20-30
8.258253130206016_10.522321533794024_8.28819697301_10.567237298.png,Kaduna,20-30
8.273225051608009_10.552265376598008_8.28819697301_10.567237298.png,Kaduna,20-30
8.273225051608009_10.567237298_8.28819697301_10.567237298.png,Kaduna,20-30
8.28819697301_10.537293455196016_8.28819697301_10.567237298.png,Kaduna,20-30
8.28819697301_10.582209219401992_8.28819697301_10.567237298.png,Kaduna,20-30
8.28819697301_10.612153062205977_8.28819697301_10.567237298.png,Kaduna,20-30
8.303168894411993_10.537293455196016_8.28819697301_10.567237298.png,Kaduna,20-30
8.303168894411993_10.582209219401992_8.28819697301_10.567237298.png,Kaduna,20-30
8.303168894411993_10.612153062205977_8.28819697301_10.567237298.png,Kaduna,20-30
8.318140815813985_10.597181140803984_8.28819697301_10.567237298.png,Kaduna,20-30
8.318140815813985_10.612153062205977_8.28819697301_10.567237298.png,Kaduna,20-30
8.333112737215977_10.522321533794024_8.28819697301_10.567237298.png,Kaduna,20-30
8.378645231054024_10.552744868801993_8.42356099526_10.5377729474.png,Kaduna,20-30
8.393617152456017_10.522801025998008_8.42356099526_10.5377729474.png,Kaduna,20-30
8.393617152456017_10.5377729474_8.42356099526_10.5377729474.png,Kaduna,20-30
8.400206437614022_10.559923758096016_8.445122201819999_10.5898676009.png,Kaduna,20-30
8.400206437614022_10.574895679498008_8.445122201819999_10.5898676009.png,Kaduna,20-30
8.400206437614022_10.5898676009_8.445122201819999_10.5898676009.png,Kaduna,20-30
8.408589073858009_10.522801025998008_8.42356099526_10.5377729474.png,Kaduna,20-30
8.408589073858009_10.567716790203985_8.42356099526_10.5377729474.png,Kaduna,20-30
8.415178359016014_10.5898676009_8.445122201819999_10.5898676009.png,Kaduna,20-30
8.42356099526_10.567716790203985_8.42356099526_10.5377729474.png,Kaduna,20-30
8.430150280418006_10.5898676009_8.445122201819999_10.5898676009.png,Kaduna,20-30
8.438532916661993_10.507829104596016_8.42356099526_10.5377729474.png,Kaduna,20-30
8.438532916661993_10.5377729474_8.42356099526_10.5377729474.png,Kaduna,20-30
8.438532916661993_10.552744868801993_8.42356099526_10.5377729474.png,Kaduna,20-30
8.445122201819999_10.544951836694024_8.445122201819999_10.5898676009.png,Kaduna,20-30
8.445122201819999_10.559923758096016_8.445122201819999_10.5898676009.png,Kaduna,20-30
8.445122201819999_10.5898676009_8.445122201819999_10.5898676009.png,Kaduna,20-30
8.453504838063985_10.552744868801993_8.42356099526_10.5377729474.png,Kaduna,20-30
8.46009412322199_10.619811443703984_8.445122201819999_10.5898676009.png,Kaduna,20-30
8.468476759465977_10.552744868801993_8.42356099526_10.5377729474.png,Kaduna,20-30
8.468476759465977_10.582688711605977_8.42356099526_10.5377729474.png,Kaduna,20-30
8.475066044623983_10.544951836694024_8.445122201819999_10.5898676009.png,Kaduna,20-30
8.486460124364024_10.997682081698008_8.53137588857_11.0126540031.png,Kaduna,20-30
8.486460124364024_11.027625924501992_8.53137588857_11.0126540031.png,Kaduna,20-30
8.490037966025975_10.544951836694024_8.445122201819999_10.5898676009.png,Kaduna,20-30
8.490037966025975_10.574895679498008_8.445122201819999_10.5898676009.png,Kaduna,20-30
8.490037966025975_10.634783365105976_8.445122201819999_10.5898676009.png,Kaduna,20-30
8.501432045766016_10.967738238894023_8.53137588857_11.0126540031.png,Kaduna,20-30
8.501432045766016_10.982710160296016_8.53137588857_11.0126540031.png,Kaduna,20-30
8.516403967168008_10.997682081698008_8.53137588857_11.0126540031.png,Kaduna,20-30
8.516403967168008_11.042597845903984_8.53137588857_11.0126540031.png,Kaduna,20-30
8.516403967168008_11.057569767305976_8.53137588857_11.0126540031.png,Kaduna,20-30
8.53137588857_10.982710160296016_8.53137588857_11.0126540031.png,Kaduna,20-30
8.53137588857_10.997682081698008_8.53137588857_11.0126540031.png,Kaduna,20-30
8.53137588857_11.0126540031_8.53137588857_11.0126540031.png,Kaduna,20-30
8.546347809971993_11.0126540031_8.53137588857_11.0126540031.png,Kaduna,20-30
8.561319731373985_10.967738238894023_8.53137588857_11.0126540031.png,Kaduna,20-30
8.576291652775977_11.0126540031_8.53137588857_11.0126540031.png,Kaduna,20-30
8.576903026774024_10.859865860605977_8.62181879098_10.8149500964.png,Kaduna,20-30
7.213712312304024_5.222190806651992_7.25862807651_5.20721888525.png,Imo,10-20
7.213712312304024_5.237162728053984_7.25862807651_5.20721888525.png,Imo,10-20
7.228684233706016_5.20721888525_7.25862807651_5.20721888525.png,Imo,10-20
7.228684233706016_5.237162728053984_7.25862807651_5.20721888525.png,Imo,10-20
7.243656155108008_5.237162728053984_7.25862807651_5.20721888525.png,Imo,10-20
7.254767520494024_5.222605704343985_7.2996832847_5.19266186154.png,Imo,10-20
7.254767520494024_5.237577625745977_7.2996832847_5.19266186154.png,Imo,10-20
7.232589672494023_6.260321683848008_7.277505436699999_6.27529360525.png,Enugu,20-30
7.247561593896015_6.245349762446016_7.277505436699999_6.27529360525.png,Enugu,20-30
7.247561593896015_6.260321683848008_7.277505436699999_6.27529360525.png,Enugu,20-30
7.262533515298007_6.260321683848008_7.277505436699999_6.27529360525.png,Enugu,20-30
7.262533515298007_6.290265526651992_7.277505436699999_6.27529360525.png,Enugu,20-30
7.262533515298007_6.305237448053984_7.277505436699999_6.27529360525.png,Enugu,20-30
7.277505436699999_6.320209369455976_7.277505436699999_6.27529360525.png,Enugu,20-30
7.2924773581019915_6.320209369455976_7.277505436699999_6.27529360525.png,Enugu,20-30
7.307449279503984_6.27529360525_7.277505436699999_6.27529360525.png,Enugu,20-30
7.322421200905976_6.260321683848008_7.277505436699999_6.27529360525.png,Enugu,20-30
7.322421200905976_6.290265526651992_7.277505436699999_6.27529360525.png,Enugu,20-30
7.322421200905976_6.320209369455976_7.277505436699999_6.27529360525.png,Enugu,20-30
7.510097525314025_6.200394911784024_7.5550132895200015_6.24531067599.png,Enugu,20-30
7.510097525314025_6.215366833186016_7.5550132895200015_6.24531067599.png,Enugu,20-30
7.510097525314025_6.230338754588008_7.5550132895200015_6.24531067599.png,Enugu,20-30
7.510097525314025_6.24531067599_7.5550132895200015_6.24531067599.png,Enugu,20-30
7.510097525314025_6.260282597391992_7.5550132895200015_6.24531067599.png,Enugu,20-30
7.510097525314025_6.275254518793984_7.5550132895200015_6.24531067599.png,Enugu,20-30
7.510097525314025_6.290226440195976_7.5550132895200015_6.24531067599.png,Enugu,20-30
7.510187426351778_6.289285090994015_7.5550132895200015_6.24531067599.png,Enugu,20-30
7.525069446716017_6.200394911784024_7.5550132895200015_6.24531067599.png,Enugu,20-30
7.525069446716017_6.215366833186016_7.5550132895200015_6.24531067599.png,Enugu,20-30
7.525069446716017_6.230338754588008_7.5550132895200015_6.24531067599.png,Enugu,20-30
7.525069446716017_6.24531067599_7.5550132895200015_6.24531067599.png,Enugu,20-30
7.525069446716017_6.260282597391992_7.5550132895200015_6.24531067599.png,Enugu,20-30
7.525069446716017_6.275254518793984_7.5550132895200015_6.24531067599.png,Enugu,20-30
7.525069446716017_6.290226440195976_7.5550132895200015_6.24531067599.png,Enugu,20-30
7.538813291654025_6.1816072688100006_7.583729055860001_6.1816072688100006.png,Enugu,20-30
7.540041368118009_6.200394911784024_7.5550132895200015_6.24531067599.png,Enugu,20-30
7.540041368118009_6.215366833186016_7.5550132895200015_6.24531067599.png,Enugu,20-30
7.540041368118009_6.230338754588008_7.5550132895200015_6.24531067599.png,Enugu,20-30
7.540041368118009_6.24531067599_7.5550132895200015_6.24531067599.png,Enugu,20-30
7.540041368118009_6.260282597391992_7.5550132895200015_6.24531067599.png,Enugu,20-30
7.540041368118009_6.275254518793984_7.5550132895200015_6.24531067599.png,Enugu,20-30
7.540041368118009_6.290226440195976_7.5550132895200015_6.24531067599.png,Enugu,20-30
7.5414138810651155_6.191020618111454_7.583729055860001_6.1816072688100006.png,Enugu,20-30
7.546953077144024_6.188886228724024_7.59186884135_6.23380199293.png,Enugu,20-30
7.546953077144024_6.203858150126016_7.59186884135_6.23380199293.png,Enugu,20-30
7.546953077144024_6.218830071528008_7.59186884135_6.23380199293.png,Enugu,20-30
7.546953077144024_6.23380199293_7.59186884135_6.23380199293.png,Enugu,20-30
7.546953077144024_6.248773914331992_7.59186884135_6.23380199293.png,Enugu,20-30
7.546953077144024_6.263745835733984_7.59186884135_6.23380199293.png,Enugu,20-30
7.546953077144024_6.2787177571359765_7.59186884135_6.23380199293.png,Enugu,20-30
7.553785213056017_6.196579190211993_7.583729055860001_6.1816072688100006.png,Enugu,20-30
7.554339531527018_6.270749827200299_7.5550132895200015_6.24531067599.png,Enugu,20-30
7.5550132895200015_6.200394911784024_7.5550132895200015_6.24531067599.png,Enugu,20-30
7.5550132895200015_6.215366833186016_7.5550132895200015_6.24531067599.png,Enugu,20-30
7.5550132895200015_6.230338754588008_7.5550132895200015_6.24531067599.png,Enugu,20-30
7.5550132895200015_6.24531067599_7.5550132895200015_6.24531067599.png,Enugu,20-30
7.5550132895200015_6.260282597391992_7.5550132895200015_6.24531067599.png,Enugu,20-30
7.5550132895200015_6.275254518793984_7.5550132895200015_6.24531067599.png,Enugu,20-30
7.5550132895200015_6.290226440195976_7.5550132895200015_6.24531067599.png,Enugu,20-30
7.561924998546016_6.188886228724024_7.59186884135_6.23380199293.png,Enugu,20-30
7.561924998546016_6.203858150126016_7.59186884135_6.23380199293.png,Enugu,20-30
7.561924998546016_6.218830071528008_7.59186884135_6.23380199293.png,Enugu,20-30
7.561924998546016_6.23380199293_7.59186884135_6.23380199293.png,Enugu,20-30
7.561924998546016_6.248773914331992_7.59186884135_6.23380199293.png,Enugu,20-30
7.561924998546016_6.263745835733984_7.59186884135_6.23380199293.png,Enugu,20-30
7.561924998546016_6.2787177571359765_7.59186884135_6.23380199293.png,Enugu,20-30
7.568757134458009_6.151663426006016_7.583729055860001_6.1816072688100006.png,Enugu,20-30
7.568757134458009_6.196579190211993_7.583729055860001_6.1816072688100006.png,Enugu,20-30
7.56924441327245_6.198790974020339_7.59186884135_6.23380199293.png,Enugu,20-30
7.569985210921994_6.200394911784024_7.5550132895200015_6.24531067599.png,Enugu,20-30
7.569985210921994_6.215366833186016_7.5550132895200015_6.24531067599.png,Enugu,20-30
7.569985210921994_6.230338754588008_7.5550132895200015_6.24531067599.png,Enugu,20-30
7.569985210921994_6.24531067599_7.5550132895200015_6.24531067599.png,Enugu,20-30
7.569985210921994_6.260282597391992_7.5550132895200015_6.24531067599.png,Enugu,20-30
7.569985210921994_6.275254518793984_7.5550132895200015_6.24531067599.png,Enugu,20-30
7.569985210921994_6.290226440195976_7.5550132895200015_6.24531067599.png,Enugu,20-30
7.576896919948008_6.188886228724024_7.59186884135_6.23380199293.png,Enugu,20-30
7.576896919948008_6.203858150126016_7.59186884135_6.23380199293.png,Enugu,20-30
7.576896919948008_6.218830071528008_7.59186884135_6.23380199293.png,Enugu,20-30
7.576896919948008_6.23380199293_7.59186884135_6.23380199293.png,Enugu,20-30
7.576896919948008_6.248773914331992_7.59186884135_6.23380199293.png,Enugu,20-30
7.576896919948008_6.263745835733984_7.59186884135_6.23380199293.png,Enugu,20-30
7.576896919948008_6.2787177571359765_7.59186884135_6.23380199293.png,Enugu,20-30
7.583729055860001_6.1816072688100006_7.583729055860001_6.1816072688100006.png,Enugu,20-30
7.584957132323986_6.200394911784024_7.5550132895200015_6.24531067599.png,Enugu,20-30
7.584957132323986_6.215366833186016_7.5550132895200015_6.24531067599.png,Enugu,20-30
7.584957132323986_6.230338754588008_7.5550132895200015_6.24531067599.png,Enugu,20-30
7.584957132323986_6.24531067599_7.5550132895200015_6.24531067599.png,Enugu,20-30
7.584957132323986_6.260282597391992_7.5550132895200015_6.24531067599.png,Enugu,20-30
7.584957132323986_6.275254518793984_7.5550132895200015_6.24531067599.png,Enugu,20-30
7.584957132323986_6.290226440195976_7.5550132895200015_6.24531067599.png,Enugu,20-30
7.588119137064306_6.23076931495601_7.59186884135_6.23380199293.png,Enugu,20-30
7.59186884135_6.188886228724024_7.59186884135_6.23380199293.png,Enugu,20-30
7.59186884135_6.203858150126016_7.59186884135_6.23380199293.png,Enugu,20-30
7.59186884135_6.218830071528008_7.59186884135_6.23380199293.png,Enugu,20-30
7.59186884135_6.23380199293_7.59186884135_6.23380199293.png,Enugu,20-30
7.59186884135_6.248773914331992_7.59186884135_6.23380199293.png,Enugu,20-30
7.59186884135_6.263745835733984_7.59186884135_6.23380199293.png,Enugu,20-30
7.59186884135_6.2787177571359765_7.59186884135_6.23380199293.png,Enugu,20-30
7.598700977261993_6.196579190211993_7.583729055860001_6.1816072688100006.png,Enugu,20-30
7.599929053725978_6.200394911784024_7.5550132895200015_6.24531067599.png,Enugu,20-30
7.599929053725978_6.215366833186016_7.5550132895200015_6.24531067599.png,Enugu,20-30
7.599929053725978_6.230338754588008_7.5550132895200015_6.24531067599.png,Enugu,20-30
7.599929053725978_6.24531067599_7.5550132895200015_6.24531067599.png,Enugu,20-30
7.599929053725978_6.260282597391992_7.5550132895200015_6.24531067599.png,Enugu,20-30
7.599929053725978_6.275254518793984_7.5550132895200015_6.24531067599.png,Enugu,20-30
7.599929053725978_6.290226440195976_7.5550132895200015_6.24531067599.png,Enugu,20-30
7.606840762751992_6.188886228724024_7.59186884135_6.23380199293.png,Enugu,20-30
7.606840762751992_6.203858150126016_7.59186884135_6.23380199293.png,Enugu,20-30
7.606840762751992_6.218830071528008_7.59186884135_6.23380199293.png,Enugu,20-30
7.606840762751992_6.23380199293_7.59186884135_6.23380199293.png,Enugu,20-30
7.606840762751992_6.248773914331992_7.59186884135_6.23380199293.png,Enugu,20-30
7.606840762751992_6.263745835733984_7.59186884135_6.23380199293.png,Enugu,20-30
7.606840762751992_6.2787177571359765_7.59186884135_6.23380199293.png,Enugu,20-30
7.613672898663985_6.1816072688100006_7.583729055860001_6.1816072688100006.png,Enugu,20-30
7.613672898663985_6.211551111613985_7.583729055860001_6.1816072688100006.png,Enugu,20-30
7.621812684153984_6.188886228724024_7.59186884135_6.23380199293.png,Enugu,20-30
7.621812684153984_6.203858150126016_7.59186884135_6.23380199293.png,Enugu,20-30
7.621812684153984_6.218830071528008_7.59186884135_6.23380199293.png,Enugu,20-30
7.621812684153984_6.23380199293_7.59186884135_6.23380199293.png,Enugu,20-30
7.621812684153984_6.248773914331992_7.59186884135_6.23380199293.png,Enugu,20-30
7.621812684153984_6.263745835733984_7.59186884135_6.23380199293.png,Enugu,20-30
7.621812684153984_6.2787177571359765_7.59186884135_6.23380199293.png,Enugu,20-30
7.6263601661115175_6.171947797699997_7.583729055860001_6.1816072688100006.png,Enugu,20-30
7.628644820065977_6.1816072688100006_7.583729055860001_6.1816072688100006.png,Enugu,20-30
7.628644820065977_6.196579190211993_7.583729055860001_6.1816072688100006.png,Enugu,20-30
7.628644820065977_6.226523033015977_7.583729055860001_6.1816072688100006.png,Enugu,20-30
7.6367846055559765_6.188886228724024_7.59186884135_6.23380199293.png,Enugu,20-30
7.6367846055559765_6.203858150126016_7.59186884135_6.23380199293.png,Enugu,20-30
7.6367846055559765_6.218830071528008_7.59186884135_6.23380199293.png,Enugu,20-30
7.6367846055559765_6.23380199293_7.59186884135_6.23380199293.png,Enugu,20-30
7.6367846055559765_6.248773914331992_7.59186884135_6.23380199293.png,Enugu,20-30
7.6367846055559765_6.263745835733984_7.59186884135_6.23380199293.png,Enugu,20-30
7.6367846055559765_6.2787177571359765_7.59186884135_6.23380199293.png,Enugu,20-30
7.6720139564960155_6.450722326201992_7.7019577993_6.4357504048.png,Enugu,20-30
7.6720139564960155_6.480666169005977_7.7019577993_6.4357504048.png,Enugu,20-30
7.686985877898008_6.4656942476039845_7.7019577993_6.4357504048.png,Enugu,20-30
7.686985877898008_6.480666169005977_7.7019577993_6.4357504048.png,Enugu,20-30
7.7019577993_6.420778483398008_7.7019577993_6.4357504048.png,Enugu,20-30
7.7019577993_6.4656942476039845_7.7019577993_6.4357504048.png,Enugu,20-30
7.703779694584023_6.781853846195976_7.748695458789999_6.73693808199.png,Enugu,20-30
7.7056852691760165_6.709667270104024_7.735629111980001_6.75458303431.png,Enugu,20-30
7.7056852691760165_6.724639191506016_7.735629111980001_6.75458303431.png,Enugu,20-30
7.716929720701992_6.4357504048_7.7019577993_6.4357504048.png,Enugu,20-30
7.716929720701992_6.450722326201992_7.7019577993_6.4357504048.png,Enugu,20-30
7.716929720701992_6.4656942476039845_7.7019577993_6.4357504048.png,Enugu,20-30
7.718751615986015_6.706994239186016_7.748695458789999_6.73693808199.png,Enugu,20-30
7.718751615986015_6.721966160588008_7.748695458789999_6.73693808199.png,Enugu,20-30
7.720657190578009_6.724639191506016_7.735629111980001_6.75458303431.png,Enugu,20-30
7.720657190578009_6.75458303431_7.735629111980001_6.75458303431.png,Enugu,20-30
7.720657190578009_6.784526877113985_7.735629111980001_6.75458303431.png,Enugu,20-30
7.731901642103984_6.405806561996016_7.7019577993_6.4357504048.png,Enugu,20-30
7.731901642103984_6.480666169005977_7.7019577993_6.4357504048.png,Enugu,20-30
7.733723537388007_6.706994239186016_7.748695458789999_6.73693808199.png,Enugu,20-30
7.733723537388007_6.721966160588008_7.748695458789999_6.73693808199.png,Enugu,20-30
7.733723537388007_6.751910003391992_7.748695458789999_6.73693808199.png,Enugu,20-30
7.735629111980001_6.739611112908008_7.735629111980001_6.75458303431.png,Enugu,20-30
7.746873563505976_6.420778483398008_7.7019577993_6.4357504048.png,Enugu,20-30
7.748695458789999_6.751910003391992_7.748695458789999_6.73693808199.png,Enugu,20-30
7.750601033381993_6.7695549557119925_7.735629111980001_6.75458303431.png,Enugu,20-30
7.765572954783985_6.724639191506016_7.735629111980001_6.75458303431.png,Enugu,20-30
7.765572954783985_6.7695549557119925_7.735629111980001_6.75458303431.png,Enugu,20-30
7.767486442077847_6.728149476833079_7.735629111980001_6.75458303431.png,Enugu,20-30
7.778639301593984_6.751910003391992_7.748695458789999_6.73693808199.png,Enugu,20-30
7.778639301593984_6.781853846195976_7.748695458789999_6.73693808199.png,Enugu,20-30
7.7794649707430565_6.795128861350129_7.735629111980001_6.75458303431.png,Enugu,20-30
7.780544876185977_6.724639191506016_7.735629111980001_6.75458303431.png,Enugu,20-30
7.780544876185977_6.739611112908008_7.735629111980001_6.75458303431.png,Enugu,20-30
7.793611222995976_6.692022317784024_7.748695458789999_6.73693808199.png,Enugu,20-30
7.793611222995976_6.721966160588008_7.748695458789999_6.73693808199.png,Enugu,20-30
7.793611222995976_6.73693808199_7.748695458789999_6.73693808199.png,Enugu,20-30
7.801362347216014_6.640979888868008_7.8313061900199985_6.65595181027.png,Enugu,20-30
7.801362347216014_6.6709237316719925_7.8313061900199985_6.65595181027.png,Enugu,20-30
7.542309491385977_4.567641192133984_7.49739372718_4.53769734933.png,Akwa Ibom,20-30
7.556734784314024_4.985222923158007_7.60165054852_5.000194844559999.png,Akwa Ibom,20-30
7.556734784314024_5.015166765961991_7.60165054852_5.000194844559999.png,Akwa Ibom,20-30
7.571354085474025_5.175207364516016_7.616269849680001_5.20515120732.png,Akwa Ibom,20-30
7.571354085474025_5.20515120732_7.616269849680001_5.20515120732.png,Akwa Ibom,20-30
7.571706705716016_4.955279080354023_7.60165054852_5.000194844559999.png,Akwa Ibom,20-30
7.571706705716016_4.970251001756015_7.60165054852_5.000194844559999.png,Akwa Ibom,20-30
7.571706705716016_4.985222923158007_7.60165054852_5.000194844559999.png,Akwa Ibom,20-30
7.571706705716016_5.000194844559999_7.60165054852_5.000194844559999.png,Akwa Ibom,20-30
7.571706705716016_5.015166765961991_7.60165054852_5.000194844559999.png,Akwa Ibom,20-30
7.586326006876017_5.175207364516016_7.616269849680001_5.20515120732.png,Akwa Ibom,20-30
7.586326006876017_5.235095050123984_7.616269849680001_5.20515120732.png,Akwa Ibom,20-30
7.586678627118008_5.000194844559999_7.60165054852_5.000194844559999.png,Akwa Ibom,20-30
7.591417317114024_4.7885729038_7.63633308132_4.7885729038.png,Akwa Ibom,20-30
7.591417317114024_4.803544825201992_7.63633308132_4.7885729038.png,Akwa Ibom,20-30
7.601297928278009_5.175207364516016_7.616269849680001_5.20515120732.png,Akwa Ibom,20-30
7.601297928278009_5.190179285918008_7.616269849680001_5.20515120732.png,Akwa Ibom,20-30
7.609928345694024_4.731372298768007_7.6548441099_4.746344220169999.png,Akwa Ibom,20-30
7.609928345694024_4.761316141571991_7.6548441099_4.746344220169999.png,Akwa Ibom,20-30
7.616269849680001_5.2500669715259765_7.616269849680001_5.20515120732.png,Akwa Ibom,20-30
7.621361159918008_4.818516746603984_7.63633308132_4.7885729038.png,Akwa Ibom,20-30
7.624900267096016_4.731372298768007_7.6548441099_4.746344220169999.png,Akwa Ibom,20-30
7.624900267096016_4.761316141571991_7.6548441099_4.746344220169999.png,Akwa Ibom,20-30
7.624900267096016_4.7912599843759756_7.6548441099_4.746344220169999.png,Akwa Ibom,20-30
7.630880720410875_5.390615309239008_7.62206362788_5.37763959247.png,Akwa Ibom,20-30
7.631241771081993_5.235095050123984_7.616269849680001_5.20515120732.png,Akwa Ibom,20-30
7.631241771081993_5.2500669715259765_7.616269849680001_5.20515120732.png,Akwa Ibom,20-30
7.6315943913239845_4.955279080354023_7.60165054852_5.000194844559999.png,Akwa Ibom,20-30
7.6315943913239845_5.015166765961991_7.60165054852_5.000194844559999.png,Akwa Ibom,20-30
7.6315943913239845_5.0301386873639835_7.60165054852_5.000194844559999.png,Akwa Ibom,20-30
7.63633308132_4.743657139594023_7.63633308132_4.7885729038.png,Akwa Ibom,20-30
7.63633308132_4.758629060996015_7.63633308132_4.7885729038.png,Akwa Ibom,20-30
7.63633308132_4.7885729038_7.63633308132_4.7885729038.png,Akwa Ibom,20-30
7.637035549281992_5.407583435273984_7.62206362788_5.37763959247.png,Akwa Ibom,20-30
7.639872188498008_4.746344220169999_7.6548441099_4.746344220169999.png,Akwa Ibom,20-30
7.639872188498008_4.7912599843759756_7.6548441099_4.746344220169999.png,Akwa Ibom,20-30
7.646213692483985_5.190179285918008_7.616269849680001_5.20515120732.png,Akwa Ibom,20-30
7.646213692483985_5.20515120732_7.616269849680001_5.20515120732.png,Akwa Ibom,20-30
7.646362689434504_5.41040886908506_7.62206362788_5.37763959247.png,Akwa Ibom,20-30
7.646566312725977_5.000194844559999_7.60165054852_5.000194844559999.png,Akwa Ibom,20-30
7.651305002721992_4.743657139594023_7.63633308132_4.7885729038.png,Akwa Ibom,20-30
7.651305002721992_4.803544825201992_7.63633308132_4.7885729038.png,Akwa Ibom,20-30
7.6520074706839845_5.392611513871992_7.62206362788_5.37763959247.png,Akwa Ibom,20-30
7.6548441099_4.7912599843759756_7.6548441099_4.746344220169999.png,Akwa Ibom,20-30
7.661185613885977_5.160235443114024_7.616269849680001_5.20515120732.png,Akwa Ibom,20-30
7.666276924123984_4.7736009823980075_7.63633308132_4.7885729038.png,Akwa Ibom,20-30
7.666979392085977_5.347695749666015_7.62206362788_5.37763959247.png,Akwa Ibom,20-30
7.666979392085977_5.392611513871992_7.62206362788_5.37763959247.png,Akwa Ibom,20-30
7.666979392085977_5.422555356675976_7.62206362788_5.37763959247.png,Akwa Ibom,20-30
7.681248845525976_4.743657139594023_7.63633308132_4.7885729038.png,Akwa Ibom,20-30
7.681248845525976_4.803544825201992_7.63633308132_4.7885729038.png,Akwa Ibom,20-30
7.681248845525976_4.818516746603984_7.63633308132_4.7885729038.png,Akwa Ibom,20-30
7.6819731395040245_4.385978467394024_7.726888903710001_4.4308942316.png,Akwa Ibom,20-30
7.6819731395040245_4.4308942316_7.726888903710001_4.4308942316.png,Akwa Ibom,20-30
7.6819731395040245_4.475809995805976_7.726888903710001_4.4308942316.png,Akwa Ibom,20-30
7.684787952703984_4.731372298768007_7.6548441099_4.746344220169999.png,Akwa Ibom,20-30
7.684787952703984_4.7912599843759756_7.6548441099_4.746344220169999.png,Akwa Ibom,20-30
7.699759874105976_4.731372298768007_7.6548441099_4.746344220169999.png,Akwa Ibom,20-30
7.699759874105976_4.761316141571991_7.6548441099_4.746344220169999.png,Akwa Ibom,20-30
7.701337401695266_5.5082254365954695_7.713236782819999_5.499593254600001.png,Akwa Ibom,20-30
7.703737321851612_5.468019246876507_7.713236782819999_5.499593254600001.png,Akwa Ibom,20-30
7.707767585184023_4.509109411954023_7.752683349389999_4.55402517616.png,Akwa Ibom,20-30
7.707767585184023_4.5240813333560155_7.752683349389999_4.55402517616.png,Akwa Ibom,20-30
7.707767585184023_4.539053254758008_7.752683349389999_4.55402517616.png,Akwa Ibom,20-30
7.707767585184023_4.55402517616_7.752683349389999_4.55402517616.png,Akwa Ibom,20-30
7.707767585184023_4.568997097561992_7.752683349389999_4.55402517616.png,Akwa Ibom,20-30
7.711429930184023_4.5045659311740245_7.756345694389999_4.549481695380001.png,Akwa Ibom,20-30
7.711429930184023_4.519537852576017_7.756345694389999_4.549481695380001.png,Akwa Ibom,20-30
7.711429930184023_4.534509773978009_7.756345694389999_4.549481695380001.png,Akwa Ibom,20-30
7.711429930184023_4.549481695380001_7.756345694389999_4.549481695380001.png,Akwa Ibom,20-30
7.711429930184023_4.564453616781993_7.756345694389999_4.549481695380001.png,Akwa Ibom,20-30
7.711916982308009_4.385978467394024_7.726888903710001_4.4308942316.png,Akwa Ibom,20-30
7.711916982308009_4.460838074403984_7.726888903710001_4.4308942316.png,Akwa Ibom,20-30
7.713079722004023_4.516235278894023_7.75799548621_4.5611510431.png,Akwa Ibom,20-30
7.713079722004023_4.5312072002960155_7.75799548621_4.5611510431.png,Akwa Ibom,20-30
7.713079722004023_4.546179121698008_7.75799548621_4.5611510431.png,Akwa Ibom,20-30
7.713079722004023_4.5611510431_7.75799548621_4.5611510431.png,Akwa Ibom,20-30
7.713236782819999_5.454677490394024_7.713236782819999_5.499593254600001.png,Akwa Ibom,20-30
7.722739506586015_4.509109411954023_7.752683349389999_4.55402517616.png,Akwa Ibom,20-30
7.722739506586015_4.5240813333560155_7.752683349389999_4.55402517616.png,Akwa Ibom,20-30
7.722739506586015_4.539053254758008_7.752683349389999_4.55402517616.png,Akwa Ibom,20-30
7.722739506586015_4.55402517616_7.752683349389999_4.55402517616.png,Akwa Ibom,20-30
7.722739506586015_4.568997097561992_7.752683349389999_4.55402517616.png,Akwa Ibom,20-30
7.724900485984023_4.517601058644024_7.769816250189999_4.56251682285.png,Akwa Ibom,20-30
7.724900485984023_4.532572980046016_7.769816250189999_4.56251682285.png,Akwa Ibom,20-30
7.724900485984023_4.547544901448008_7.769816250189999_4.56251682285.png,Akwa Ibom,20-30
7.724900485984023_4.56251682285_7.769816250189999_4.56251682285.png,Akwa Ibom,20-30
7.726401851586015_4.5045659311740245_7.756345694389999_4.549481695380001.png,Akwa Ibom,20-30
7.726401851586015_4.519537852576017_7.756345694389999_4.549481695380001.png,Akwa Ibom,20-30
7.726401851586015_4.534509773978009_7.756345694389999_4.549481695380001.png,Akwa Ibom,20-30
7.726401851586015_4.549481695380001_7.756345694389999_4.549481695380001.png,Akwa Ibom,20-30
7.726401851586015_4.564453616781993_7.756345694389999_4.549481695380001.png,Akwa Ibom,20-30
7.726771386426641_4.548829952874774_7.769816250189999_4.56251682285.png,Akwa Ibom,20-30
7.728051643406015_4.516235278894023_7.75799548621_4.5611510431.png,Akwa Ibom,20-30
7.728051643406015_4.5312072002960155_7.75799548621_4.5611510431.png,Akwa Ibom,20-30
7.728051643406015_4.546179121698008_7.75799548621_4.5611510431.png,Akwa Ibom,20-30
7.728051643406015_4.5611510431_7.75799548621_4.5611510431.png,Akwa Ibom,20-30
7.728208704221991_5.514565176001993_7.713236782819999_5.499593254600001.png,Akwa Ibom,20-30
7.728213626144022_4.785982933130001_7.7731293903499985_4.785982933130001.png,Akwa Ibom,20-30
7.728213626144022_4.815926775933985_7.7731293903499985_4.785982933130001.png,Akwa Ibom,20-30
7.732843324313604_4.563025990598017_7.752683349389999_4.55402517616.png,Akwa Ibom,20-30
7.737711427988007_4.509109411954023_7.752683349389999_4.55402517616.png,Akwa Ibom,20-30
7.737711427988007_4.5240813333560155_7.752683349389999_4.55402517616.png,Akwa Ibom,20-30
7.737711427988007_4.539053254758008_7.752683349389999_4.55402517616.png,Akwa Ibom,20-30
7.737711427988007_4.55402517616_7.752683349389999_4.55402517616.png,Akwa Ibom,20-30
7.737711427988007_4.568997097561992_7.752683349389999_4.55402517616.png,Akwa Ibom,20-30
7.739872407386015_4.517601058644024_7.769816250189999_4.56251682285.png,Akwa Ibom,20-30
7.739872407386015_4.532572980046016_7.769816250189999_4.56251682285.png,Akwa Ibom,20-30
7.739872407386015_4.547544901448008_7.769816250189999_4.56251682285.png,Akwa Ibom,20-30
7.739872407386015_4.56251682285_7.769816250189999_4.56251682285.png,Akwa Ibom,20-30
7.741373772988007_4.5045659311740245_7.756345694389999_4.549481695380001.png,Akwa Ibom,20-30
7.741373772988007_4.519537852576017_7.756345694389999_4.549481695380001.png,Akwa Ibom,20-30
7.741373772988007_4.534509773978009_7.756345694389999_4.549481695380001.png,Akwa Ibom,20-30
7.741373772988007_4.549481695380001_7.756345694389999_4.549481695380001.png,Akwa Ibom,20-30
7.741373772988007_4.564453616781993_7.756345694389999_4.549481695380001.png,Akwa Ibom,20-30
7.741860825111993_4.415922310198008_7.726888903710001_4.4308942316.png,Akwa Ibom,20-30
7.741860825111993_4.4308942316_7.726888903710001_4.4308942316.png,Akwa Ibom,20-30
7.741860825111993_4.445866153001992_7.726888903710001_4.4308942316.png,Akwa Ibom,20-30
7.7430235648080075_4.516235278894023_7.75799548621_4.5611510431.png,Akwa Ibom,20-30
7.7430235648080075_4.5312072002960155_7.75799548621_4.5611510431.png,Akwa Ibom,20-30
7.7430235648080075_4.546179121698008_7.75799548621_4.5611510431.png,Akwa Ibom,20-30
7.7430235648080075_4.5611510431_7.75799548621_4.5611510431.png,Akwa Ibom,20-30
7.7431806256239835_5.454677490394024_7.713236782819999_5.499593254600001.png,Akwa Ibom,20-30
7.7431806256239835_5.499593254600001_7.713236782819999_5.499593254600001.png,Akwa Ibom,20-30
7.743185547546014_4.800954854531993_7.7731293903499985_4.785982933130001.png,Akwa Ibom,20-30
7.752464124674024_4.763830951368007_7.79737988888_4.778802872769999.png,Akwa Ibom,20-30
7.752683349389999_4.509109411954023_7.752683349389999_4.55402517616.png,Akwa Ibom,20-30
7.752683349389999_4.5240813333560155_7.752683349389999_4.55402517616.png,Akwa Ibom,20-30
7.752683349389999_4.539053254758008_7.752683349389999_4.55402517616.png,Akwa Ibom,20-30
7.752683349389999_4.55402517616_7.752683349389999_4.55402517616.png,Akwa Ibom,20-30
7.752683349389999_4.568997097561992_7.752683349389999_4.55402517616.png,Akwa Ibom,20-30
7.754844328788007_4.517601058644024_7.769816250189999_4.56251682285.png,Akwa Ibom,20-30
7.754844328788007_4.532572980046016_7.769816250189999_4.56251682285.png,Akwa Ibom,20-30
7.754844328788007_4.547544901448008_7.769816250189999_4.56251682285.png,Akwa Ibom,20-30
7.754844328788007_4.56251682285_7.769816250189999_4.56251682285.png,Akwa Ibom,20-30
7.754844328788007_4.577488744251992_7.769816250189999_4.56251682285.png,Akwa Ibom,20-30
7.756345694389999_4.5045659311740245_7.756345694389999_4.549481695380001.png,Akwa Ibom,20-30
7.756345694389999_4.519537852576017_7.756345694389999_4.549481695380001.png,Akwa Ibom,20-30
7.756345694389999_4.534509773978009_7.756345694389999_4.549481695380001.png,Akwa Ibom,20-30
7.756345694389999_4.549481695380001_7.756345694389999_4.549481695380001.png,Akwa Ibom,20-30
7.756345694389999_4.564453616781993_7.756345694389999_4.549481695380001.png,Akwa Ibom,20-30
7.756345694389999_4.579425538183985_7.756345694389999_4.549481695380001.png,Akwa Ibom,20-30
7.756832746513985_4.400950388796016_7.726888903710001_4.4308942316.png,Akwa Ibom,20-30
7.756832746513985_4.4308942316_7.726888903710001_4.4308942316.png,Akwa Ibom,20-30
7.756832746513985_4.445866153001992_7.726888903710001_4.4308942316.png,Akwa Ibom,20-30
7.75799548621_4.516235278894023_7.75799548621_4.5611510431.png,Akwa Ibom,20-30
7.75799548621_4.5312072002960155_7.75799548621_4.5611510431.png,Akwa Ibom,20-30
7.75799548621_4.546179121698008_7.75799548621_4.5611510431.png,Akwa Ibom,20-30
7.75799548621_4.5611510431_7.75799548621_4.5611510431.png,Akwa Ibom,20-30
7.75799548621_4.576122964501992_7.75799548621_4.5611510431.png,Akwa Ibom,20-30
7.75799548621_4.591094885903984_7.75799548621_4.5611510431.png,Akwa Ibom,20-30
7.758152547025976_5.499593254600001_7.713236782819999_5.499593254600001.png,Akwa Ibom,20-30
7.758157468948006_4.800954854531993_7.7731293903499985_4.785982933130001.png,Akwa Ibom,20-30
7.760080143278433_4.5479143595392255_7.752683349389999_4.55402517616.png,Akwa Ibom,20-30
7.761576818031044_4.51793581767941_7.75799548621_4.5611510431.png,Akwa Ibom,20-30
7.767436046076016_4.808746715573983_7.79737988888_4.778802872769999.png,Akwa Ibom,20-30
7.767436046076016_4.8237186369759755_7.79737988888_4.778802872769999.png,Akwa Ibom,20-30
7.767655270791991_4.509109411954023_7.752683349389999_4.55402517616.png,Akwa Ibom,20-30
7.767655270791991_4.5240813333560155_7.752683349389999_4.55402517616.png,Akwa Ibom,20-30
7.767655270791991_4.539053254758008_7.752683349389999_4.55402517616.png,Akwa Ibom,20-30
7.767655270791991_4.55402517616_7.752683349389999_4.55402517616.png,Akwa Ibom,20-30
7.767655270791991_4.568997097561992_7.752683349389999_4.55402517616.png,Akwa Ibom,20-30
7.767655270791991_4.583969018963984_7.752683349389999_4.55402517616.png,Akwa Ibom,20-30
7.769816250189999_4.517601058644024_7.769816250189999_4.56251682285.png,Akwa Ibom,20-30
7.769816250189999_4.532572980046016_7.769816250189999_4.56251682285.png,Akwa Ibom,20-30
7.769816250189999_4.547544901448008_7.769816250189999_4.56251682285.png,Akwa Ibom,20-30
7.769816250189999_4.56251682285_7.769816250189999_4.56251682285.png,Akwa Ibom,20-30
7.769816250189999_4.577488744251992_7.769816250189999_4.56251682285.png,Akwa Ibom,20-30
7.771317615791991_4.5045659311740245_7.756345694389999_4.549481695380001.png,Akwa Ibom,20-30
7.771317615791991_4.519537852576017_7.756345694389999_4.549481695380001.png,Akwa Ibom,20-30
7.771317615791991_4.534509773978009_7.756345694389999_4.549481695380001.png,Akwa Ibom,20-30
7.771317615791991_4.549481695380001_7.756345694389999_4.549481695380001.png,Akwa Ibom,20-30
7.771317615791991_4.564453616781993_7.756345694389999_4.549481695380001.png,Akwa Ibom,20-30
7.771317615791991_4.579425538183985_7.756345694389999_4.549481695380001.png,Akwa Ibom,20-30
7.771804667915977_4.400950388796016_7.726888903710001_4.4308942316.png,Akwa Ibom,20-30
7.772967407611992_4.516235278894023_7.75799548621_4.5611510431.png,Akwa Ibom,20-30
7.772967407611992_4.5312072002960155_7.75799548621_4.5611510431.png,Akwa Ibom,20-30
7.772967407611992_4.546179121698008_7.75799548621_4.5611510431.png,Akwa Ibom,20-30
7.772967407611992_4.5611510431_7.75799548621_4.5611510431.png,Akwa Ibom,20-30
7.772967407611992_4.576122964501992_7.75799548621_4.5611510431.png,Akwa Ibom,20-30
7.772967407611992_4.591094885903984_7.75799548621_4.5611510431.png,Akwa Ibom,20-30
7.7731293903499985_4.7710110117280085_7.7731293903499985_4.785982933130001.png,Akwa Ibom,20-30
7.7731293903499985_4.800954854531993_7.7731293903499985_4.785982933130001.png,Akwa Ibom,20-30
7.773978860634022_4.515249585424025_7.818894624839999_4.560165349630001.png,Akwa Ibom,20-30
7.773978860634022_4.575137271031993_7.818894624839999_4.560165349630001.png,Akwa Ibom,20-30
7.776824319908086_4.781532864558411_7.7731293903499985_4.785982933130001.png,Akwa Ibom,20-30
7.779114876830119_4.775363003893906_7.7731293903499985_4.785982933130001.png,Akwa Ibom,20-30
7.779941564439316_4.551858791265831_7.75799548621_4.5611510431.png,Akwa Ibom,20-30
7.782407967478008_4.763830951368007_7.79737988888_4.778802872769999.png,Akwa Ibom,20-30
7.782407967478008_4.778802872769999_7.79737988888_4.778802872769999.png,Akwa Ibom,20-30
7.782627192193983_4.509109411954023_7.752683349389999_4.55402517616.png,Akwa Ibom,20-30
7.782627192193983_4.5240813333560155_7.752683349389999_4.55402517616.png,Akwa Ibom,20-30
7.782627192193983_4.539053254758008_7.752683349389999_4.55402517616.png,Akwa Ibom,20-30
7.782627192193983_4.55402517616_7.752683349389999_4.55402517616.png,Akwa Ibom,20-30
7.782627192193983_4.568997097561992_7.752683349389999_4.55402517616.png,Akwa Ibom,20-30
7.782627192193983_4.583969018963984_7.752683349389999_4.55402517616.png,Akwa Ibom,20-30
7.782627192193983_4.598940940365976_7.752683349389999_4.55402517616.png,Akwa Ibom,20-30
7.7833650573648_4.539455053092552_7.756345694389999_4.549481695380001.png,Akwa Ibom,20-30
7.784788171591991_4.517601058644024_7.769816250189999_4.56251682285.png,Akwa Ibom,20-30
7.784788171591991_4.532572980046016_7.769816250189999_4.56251682285.png,Akwa Ibom,20-30
7.784788171591991_4.547544901448008_7.769816250189999_4.56251682285.png,Akwa Ibom,20-30
7.784788171591991_4.56251682285_7.769816250189999_4.56251682285.png,Akwa Ibom,20-30
7.784788171591991_4.577488744251992_7.769816250189999_4.56251682285.png,Akwa Ibom,20-30
7.784788171591991_4.592460665653984_7.769816250189999_4.56251682285.png,Akwa Ibom,20-30
7.784788171591991_4.6074325870559765_7.769816250189999_4.56251682285.png,Akwa Ibom,20-30
7.7850402292980085_5.194037916701991_7.800012150700001_5.179065995299999.png,Akwa Ibom,20-30
7.7850402292980085_5.223981759505976_7.800012150700001_5.179065995299999.png,Akwa Ibom,20-30
7.785797828412549_4.56081056915566_7.756345694389999_4.549481695380001.png,Akwa Ibom,20-30
7.7862895371939835_4.5045659311740245_7.756345694389999_4.549481695380001.png,Akwa Ibom,20-30
7.7862895371939835_4.519537852576017_7.756345694389999_4.549481695380001.png,Akwa Ibom,20-30
7.7862895371939835_4.534509773978009_7.756345694389999_4.549481695380001.png,Akwa Ibom,20-30
7.7862895371939835_4.549481695380001_7.756345694389999_4.549481695380001.png,Akwa Ibom,20-30
7.7862895371939835_4.564453616781993_7.756345694389999_4.549481695380001.png,Akwa Ibom,20-30
7.7862895371939835_4.579425538183985_7.756345694389999_4.549481695380001.png,Akwa Ibom,20-30
7.7862895371939835_4.594397459585977_7.756345694389999_4.549481695380001.png,Akwa Ibom,20-30
7.787939329013984_4.516235278894023_7.75799548621_4.5611510431.png,Akwa Ibom,20-30
7.787939329013984_4.5312072002960155_7.75799548621_4.5611510431.png,Akwa Ibom,20-30
7.787939329013984_4.546179121698008_7.75799548621_4.5611510431.png,Akwa Ibom,20-30
7.787939329013984_4.5611510431_7.75799548621_4.5611510431.png,Akwa Ibom,20-30
7.787939329013984_4.576122964501992_7.75799548621_4.5611510431.png,Akwa Ibom,20-30
7.787939329013984_4.591094885903984_7.75799548621_4.5611510431.png,Akwa Ibom,20-30
7.787939329013984_4.606066807305976_7.75799548621_4.5611510431.png,Akwa Ibom,20-30
7.788101311751991_4.756039090326016_7.7731293903499985_4.785982933130001.png,Akwa Ibom,20-30
7.788950782036014_4.530221506826017_7.818894624839999_4.560165349630001.png,Akwa Ibom,20-30
7.788950782036014_4.575137271031993_7.818894624839999_4.560165349630001.png,Akwa Ibom,20-30
7.794986111504024_4.9369722840819925_7.839901875710001_4.92200036268.png,Akwa Ibom,20-30
7.797599113595975_4.509109411954023_7.752683349389999_4.55402517616.png,Akwa Ibom,20-30
7.797599113595975_4.5240813333560155_7.752683349389999_4.55402517616.png,Akwa Ibom,20-30
7.797599113595975_4.539053254758008_7.752683349389999_4.55402517616.png,Akwa Ibom,20-30
7.797599113595975_4.55402517616_7.752683349389999_4.55402517616.png,Akwa Ibom,20-30
7.797599113595975_4.568997097561992_7.752683349389999_4.55402517616.png,Akwa Ibom,20-30
7.797599113595975_4.583969018963984_7.752683349389999_4.55402517616.png,Akwa Ibom,20-30
7.797599113595975_4.598940940365976_7.752683349389999_4.55402517616.png,Akwa Ibom,20-30
7.799760092993983_4.517601058644024_7.769816250189999_4.56251682285.png,Akwa Ibom,20-30
7.799760092993983_4.532572980046016_7.769816250189999_4.56251682285.png,Akwa Ibom,20-30
7.799760092993983_4.547544901448008_7.769816250189999_4.56251682285.png,Akwa Ibom,20-30
7.799760092993983_4.56251682285_7.769816250189999_4.56251682285.png,Akwa Ibom,20-30
7.799760092993983_4.577488744251992_7.769816250189999_4.56251682285.png,Akwa Ibom,20-30
7.799760092993983_4.592460665653984_7.769816250189999_4.56251682285.png,Akwa Ibom,20-30
7.799760092993983_4.6074325870559765_7.769816250189999_4.56251682285.png,Akwa Ibom,20-30
7.800012150700001_5.149122152496015_7.800012150700001_5.179065995299999.png,Akwa Ibom,20-30
7.800012150700001_5.164094073898007_7.800012150700001_5.179065995299999.png,Akwa Ibom,20-30
7.800012150700001_5.179065995299999_7.800012150700001_5.179065995299999.png,Akwa Ibom,20-30
7.800012150700001_5.194037916701991_7.800012150700001_5.179065995299999.png,Akwa Ibom,20-30
7.801261458595976_4.5045659311740245_7.756345694389999_4.549481695380001.png,Akwa Ibom,20-30
7.801261458595976_4.519537852576017_7.756345694389999_4.549481695380001.png,Akwa Ibom,20-30
7.801261458595976_4.534509773978009_7.756345694389999_4.549481695380001.png,Akwa Ibom,20-30
7.801261458595976_4.549481695380001_7.756345694389999_4.549481695380001.png,Akwa Ibom,20-30
7.801261458595976_4.564453616781993_7.756345694389999_4.549481695380001.png,Akwa Ibom,20-30
7.801261458595976_4.579425538183985_7.756345694389999_4.549481695380001.png,Akwa Ibom,20-30
7.801261458595976_4.594397459585977_7.756345694389999_4.549481695380001.png,Akwa Ibom,20-30
7.801387244324023_4.552210011063984_7.84630300853_4.52226616826.png,Akwa Ibom,20-30
7.802168601774024_5.293677638936016_7.847084365980001_5.32362148174.png,Akwa Ibom,20-30
7.802911250415976_4.516235278894023_7.75799548621_4.5611510431.png,Akwa Ibom,20-30
7.802911250415976_4.5312072002960155_7.75799548621_4.5611510431.png,Akwa Ibom,20-30
7.802911250415976_4.546179121698008_7.75799548621_4.5611510431.png,Akwa Ibom,20-30
7.802911250415976_4.5611510431_7.75799548621_4.5611510431.png,Akwa Ibom,20-30
7.802911250415976_4.576122964501992_7.75799548621_4.5611510431.png,Akwa Ibom,20-30
7.802911250415976_4.591094885903984_7.75799548621_4.5611510431.png,Akwa Ibom,20-30
7.802911250415976_4.606066807305976_7.75799548621_4.5611510431.png,Akwa Ibom,20-30
7.8029418776158765_4.545248719100845_7.769816250189999_4.56251682285.png,Akwa Ibom,20-30
7.803073233153983_4.756039090326016_7.7731293903499985_4.785982933130001.png,Akwa Ibom,20-30
7.803073233153983_4.785982933130001_7.7731293903499985_4.785982933130001.png,Akwa Ibom,20-30
7.8039227034380065_4.545193428228009_7.818894624839999_4.560165349630001.png,Akwa Ibom,20-30
7.8039227034380065_4.590109192433985_7.818894624839999_4.560165349630001.png,Akwa Ibom,20-30
7.804777675814989_5.331964107495015_7.847084365980001_5.32362148174.png,Akwa Ibom,20-30
7.8099580329060165_4.877084598474024_7.839901875710001_4.92200036268.png,Akwa Ibom,20-30
7.814732014395975_4.517601058644024_7.769816250189999_4.56251682285.png,Akwa Ibom,20-30
7.814732014395975_4.532572980046016_7.769816250189999_4.56251682285.png,Akwa Ibom,20-30
7.814732014395975_4.547544901448008_7.769816250189999_4.56251682285.png,Akwa Ibom,20-30
7.814732014395975_4.56251682285_7.769816250189999_4.56251682285.png,Akwa Ibom,20-30
7.814732014395975_4.577488744251992_7.769816250189999_4.56251682285.png,Akwa Ibom,20-30
7.814732014395975_4.592460665653984_7.769816250189999_4.56251682285.png,Akwa Ibom,20-30
7.814732014395975_4.6074325870559765_7.769816250189999_4.56251682285.png,Akwa Ibom,20-30
7.814984072101993_5.194037916701991_7.800012150700001_5.179065995299999.png,Akwa Ibom,20-30
7.816359165726015_4.4773504040540235_7.84630300853_4.52226616826.png,Akwa Ibom,20-30
7.8171405231760165_5.293677638936016_7.847084365980001_5.32362148174.png,Akwa Ibom,20-30
7.8171405231760165_5.308649560338008_7.847084365980001_5.32362148174.png,Akwa Ibom,20-30
7.8171405231760165_5.368537245945976_7.847084365980001_5.32362148174.png,Akwa Ibom,20-30
7.817277597961869_5.347153087679265_7.847084365980001_5.32362148174.png,Akwa Ibom,20-30
7.818894624839999_4.545193428228009_7.818894624839999_4.560165349630001.png,Akwa Ibom,20-30
7.824929954308009_4.877084598474024_7.839901875710001_4.92200036268.png,Akwa Ibom,20-30
7.824929954308009_4.9369722840819925_7.839901875710001_4.92200036268.png,Akwa Ibom,20-30
7.824929954308009_4.951944205483985_7.839901875710001_4.92200036268.png,Akwa Ibom,20-30
7.829955993503985_5.149122152496015_7.800012150700001_5.179065995299999.png,Akwa Ibom,20-30
7.829955993503985_5.179065995299999_7.800012150700001_5.179065995299999.png,Akwa Ibom,20-30
7.829955993503985_5.223981759505976_7.800012150700001_5.179065995299999.png,Akwa Ibom,20-30
7.831317900824024_4.118620421538008_7.87623366503_4.13359234294.png,Akwa Ibom,20-30
7.832112444578009_5.278705717534024_7.847084365980001_5.32362148174.png,Akwa Ibom,20-30
7.833866546241991_4.575137271031993_7.818894624839999_4.560165349630001.png,Akwa Ibom,20-30
7.833866546241991_4.590109192433985_7.818894624839999_4.560165349630001.png,Akwa Ibom,20-30
7.839273291254024_4.979001098176016_7.88418905546_5.00894494098.png,Akwa Ibom,20-30
7.839901875710001_4.877084598474024_7.839901875710001_4.92200036268.png,Akwa Ibom,20-30
7.842295653085976_4.793774794171991_7.79737988888_4.778802872769999.png,Akwa Ibom,20-30
7.842295653085976_4.808746715573983_7.79737988888_4.778802872769999.png,Akwa Ibom,20-30
7.842295653085976_4.8237186369759755_7.79737988888_4.778802872769999.png,Akwa Ibom,20-30
7.843275973094025_5.055045222304023_7.8881917373000014_5.099960986509999.png,Akwa Ibom,20-30
7.843670333863622_4.119291543559113_7.87623366503_4.13359234294.png,Akwa Ibom,20-30
7.844927914905977_5.179065995299999_7.800012150700001_5.179065995299999.png,Akwa Ibom,20-30
7.844927914905977_5.2090098381039835_7.800012150700001_5.179065995299999.png,Akwa Ibom,20-30
7.846289822226016_4.103648500136016_7.87623366503_4.13359234294.png,Akwa Ibom,20-30
7.846289822226016_4.118620421538008_7.87623366503_4.13359234294.png,Akwa Ibom,20-30
7.846289822226016_4.148564264341992_7.87623366503_4.13359234294.png,Akwa Ibom,20-30
7.84630300853_4.4773504040540235_7.84630300853_4.52226616826.png,Akwa Ibom,20-30
7.84630300853_4.492322325456016_7.84630300853_4.52226616826.png,Akwa Ibom,20-30
7.84630300853_4.507294246858008_7.84630300853_4.52226616826.png,Akwa Ibom,20-30
7.847084365980001_5.278705717534024_7.847084365980001_5.32362148174.png,Akwa Ibom,20-30
7.847084365980001_5.308649560338008_7.847084365980001_5.32362148174.png,Akwa Ibom,20-30
7.847084365980001_5.368537245945976_7.847084365980001_5.32362148174.png,Akwa Ibom,20-30
7.848838467643983_4.530221506826017_7.818894624839999_4.560165349630001.png,Akwa Ibom,20-30
7.848838467643983_4.575137271031993_7.818894624839999_4.560165349630001.png,Akwa Ibom,20-30
7.854245212656016_4.979001098176016_7.88418905546_5.00894494098.png,Akwa Ibom,20-30
7.854245212656016_5.023916862381992_7.88418905546_5.00894494098.png,Akwa Ibom,20-30
7.854245212656016_5.038888783783984_7.88418905546_5.00894494098.png,Akwa Ibom,20-30
7.854873797111993_4.92200036268_7.839901875710001_4.92200036268.png,Akwa Ibom,20-30
7.854873797111993_4.966916126885977_7.839901875710001_4.92200036268.png,Akwa Ibom,20-30
7.858247894496017_5.099960986509999_7.8881917373000014_5.099960986509999.png,Akwa Ibom,20-30
7.861261743628008_4.103648500136016_7.87623366503_4.13359234294.png,Akwa Ibom,20-30
7.861261743628008_4.178508107145976_7.87623366503_4.13359234294.png,Akwa Ibom,20-30
7.861274929931992_4.492322325456016_7.84630300853_4.52226616826.png,Akwa Ibom,20-30
7.861274929931992_4.507294246858008_7.84630300853_4.52226616826.png,Akwa Ibom,20-30
7.861274929931992_4.52226616826_7.84630300853_4.52226616826.png,Akwa Ibom,20-30
7.861274929931992_4.552210011063984_7.84630300853_4.52226616826.png,Akwa Ibom,20-30
7.862056287381993_5.308649560338008_7.847084365980001_5.32362148174.png,Akwa Ibom,20-30
7.86320958848_3.91913721389_7.86320958848_3.91913721389.png,Akwa Ibom,20-30
7.863663491494024_4.672382422168008_7.9085792557_4.68735434357.png,Akwa Ibom,20-30
7.863810389045975_4.590109192433985_7.818894624839999_4.560165349630001.png,Akwa Ibom,20-30
7.869217134058008_5.00894494098_7.88418905546_5.00894494098.png,Akwa Ibom,20-30
7.873219815898009_5.114932907911991_7.8881917373000014_5.099960986509999.png,Akwa Ibom,20-30
7.874759077564023_4.603987723124024_7.919674841769999_4.64890348733.png,Akwa Ibom,20-30
7.874759077564023_4.633931565928008_7.919674841769999_4.64890348733.png,Akwa Ibom,20-30
7.874759077564023_4.6938192515359765_7.919674841769999_4.64890348733.png,Akwa Ibom,20-30
7.87623366503_4.148564264341992_7.87623366503_4.13359234294.png,Akwa Ibom,20-30
7.876246851333984_4.507294246858008_7.84630300853_4.52226616826.png,Akwa Ibom,20-30
7.878181509881992_3.934109135291992_7.86320958848_3.91913721389.png,Akwa Ibom,20-30
7.879163614953882_3.8880419496735406_7.86320958848_3.91913721389.png,Akwa Ibom,20-30
7.88418905546_4.993973019578008_7.88418905546_5.00894494098.png,Akwa Ibom,20-30
7.88418905546_5.00894494098_7.88418905546_5.00894494098.png,Akwa Ibom,20-30
7.884817639915977_4.907028441278008_7.839901875710001_4.92200036268.png,Akwa Ibom,20-30
7.884817639915977_4.966916126885977_7.839901875710001_4.92200036268.png,Akwa Ibom,20-30
7.886320845764024_4.734884556641992_7.93123660997_4.71991263524.png,Akwa Ibom,20-30
7.8881917373000014_5.144876750715976_7.8881917373000014_5.099960986509999.png,Akwa Ibom,20-30
7.889730998966015_4.64890348733_7.919674841769999_4.64890348733.png,Akwa Ibom,20-30
7.889730998966015_4.663875408731992_7.919674841769999_4.64890348733.png,Akwa Ibom,20-30
7.891205586431992_4.103648500136016_7.87623366503_4.13359234294.png,Akwa Ibom,20-30
7.891205586431992_4.148564264341992_7.87623366503_4.13359234294.png,Akwa Ibom,20-30
7.891205586431992_4.178508107145976_7.87623366503_4.13359234294.png,Akwa Ibom,20-30
7.891218772735976_4.537238089661992_7.84630300853_4.52226616826.png,Akwa Ibom,20-30
7.891218772735976_4.567181932465976_7.84630300853_4.52226616826.png,Akwa Ibom,20-30
7.893153431283984_3.874221449684024_7.86320958848_3.91913721389.png,Akwa Ibom,20-30
7.893153431283984_3.91913721389_7.86320958848_3.91913721389.png,Akwa Ibom,20-30
7.893153431283984_3.934109135291992_7.86320958848_3.91913721389.png,Akwa Ibom,20-30
7.893607334298008_4.702326264971992_7.9085792557_4.68735434357.png,Akwa Ibom,20-30
7.893607334298008_4.717298186373984_7.9085792557_4.68735434357.png,Akwa Ibom,20-30
7.899160976861992_4.964029176774024_7.88418905546_5.00894494098.png,Akwa Ibom,20-30
7.901292767166016_4.749856478043984_7.93123660997_4.71991263524.png,Akwa Ibom,20-30
7.9031636587019936_5.070017143706015_7.8881917373000014_5.099960986509999.png,Akwa Ibom,20-30
7.9031636587019936_5.144876750715976_7.8881917373000014_5.099960986509999.png,Akwa Ibom,20-30
7.904702920368007_4.64890348733_7.919674841769999_4.64890348733.png,Akwa Ibom,20-30
7.906177507833984_4.178508107145976_7.87623366503_4.13359234294.png,Akwa Ibom,20-30
7.90724604323408_4.105749143333317_7.87623366503_4.13359234294.png,Akwa Ibom,20-30
7.9081253526859765_3.964052978095976_7.86320958848_3.91913721389.png,Akwa Ibom,20-30
7.910188647600965_4.654209246994362_7.919674841769999_4.64890348733.png,Akwa Ibom,20-30
7.9141328982639845_4.964029176774024_7.88418905546_5.00894494098.png,Akwa Ibom,20-30
7.9141328982639845_4.993973019578008_7.88418905546_5.00894494098.png,Akwa Ibom,20-30
7.9141328982639845_5.038888783783984_7.88418905546_5.00894494098.png,Akwa Ibom,20-30
7.918135580103986_5.084989065108007_7.8881917373000014_5.099960986509999.png,Akwa Ibom,20-30
7.921149429235976_4.088676578734024_7.87623366503_4.13359234294.png,Akwa Ibom,20-30
7.923551177101992_4.657410500766016_7.9085792557_4.68735434357.png,Akwa Ibom,20-30
7.923551177101992_4.672382422168008_7.9085792557_4.68735434357.png,Akwa Ibom,20-30
7.929104819665977_4.979001098176016_7.88418905546_5.00894494098.png,Akwa Ibom,20-30
7.929104819665977_5.038888783783984_7.88418905546_5.00894494098.png,Akwa Ibom,20-30
7.93123660997_4.689968792436016_7.93123660997_4.71991263524.png,Akwa Ibom,20-30
7.93123660997_4.71991263524_7.93123660997_4.71991263524.png,Akwa Ibom,20-30
7.93123660997_4.734884556641992_7.93123660997_4.71991263524.png,Akwa Ibom,20-30
7.933107501505978_5.055045222304023_7.8881917373000014_5.099960986509999.png,Akwa Ibom,20-30
7.933107501505978_5.070017143706015_7.8881917373000014_5.099960986509999.png,Akwa Ibom,20-30
7.933107501505978_5.084989065108007_7.8881917373000014_5.099960986509999.png,Akwa Ibom,20-30
7.933107501505978_5.114932907911991_7.8881917373000014_5.099960986509999.png,Akwa Ibom,20-30
7.934646763171991_4.633931565928008_7.919674841769999_4.64890348733.png,Akwa Ibom,20-30
7.9385230985039845_4.642438579364024_7.9085792557_4.68735434357.png,Akwa Ibom,20-30
7.9385230985039845_4.702326264971992_7.9085792557_4.68735434357.png,Akwa Ibom,20-30
7.9385230985039845_4.717298186373984_7.9085792557_4.68735434357.png,Akwa Ibom,20-30
7.946208531371992_4.689968792436016_7.93123660997_4.71991263524.png,Akwa Ibom,20-30
7.946208531371992_4.71991263524_7.93123660997_4.71991263524.png,Akwa Ibom,20-30
7.949618684573983_4.64890348733_7.919674841769999_4.64890348733.png,Akwa Ibom,20-30
7.949618684573983_4.678847330133984_7.919674841769999_4.64890348733.png,Akwa Ibom,20-30
7.953495019905977_4.68735434357_7.9085792557_4.68735434357.png,Akwa Ibom,20-30
7.959048276411301_4.665317131061619_7.919674841769999_4.64890348733.png,Akwa Ibom,20-30
7.961180452773984_4.674996871034024_7.93123660997_4.71991263524.png,Akwa Ibom,20-30
7.961180452773984_4.704940713838008_7.93123660997_4.71991263524.png,Akwa Ibom,20-30
7.961180452773984_4.764828399445976_7.93123660997_4.71991263524.png,Akwa Ibom,20-30
7.9645906059759755_4.678847330133984_7.919674841769999_4.64890348733.png,Akwa Ibom,20-30
7.9645906059759755_4.6938192515359765_7.919674841769999_4.64890348733.png,Akwa Ibom,20-30
7.966560950708009_3.578505257828008_7.981532872110001_3.59347717923.png,Akwa Ibom,20-30
7.966560950708009_3.59347717923_7.981532872110001_3.59347717923.png,Akwa Ibom,20-30
7.98153287211_3.578505257828008_7.981532872110001_3.59347717923.png,Akwa Ibom,20-30
7.98153287211_3.623421022033984_7.981532872110001_3.59347717923.png,Akwa Ibom,20-30
7.98153287211_3.638392943435976_7.981532872110001_3.59347717923.png,Akwa Ibom,20-30
7.997058485894023_5.056183953041993_8.041974250099999_5.041212031640001.png,Akwa Ibom,20-30
8.006810268833794_3.5854976559145424_7.981532872110001_3.59347717923.png,Akwa Ibom,20-30
8.011476714913984_3.623421022033984_7.981532872110001_3.59347717923.png,Akwa Ibom,20-30
8.011476714913984_3.638392943435976_7.981532872110001_3.59347717923.png,Akwa Ibom,20-30
8.012030407296015_5.056183953041993_8.041974250099999_5.041212031640001.png,Akwa Ibom,20-30
8.022774039341499_3.582334698299665_7.981532872110001_3.59347717923.png,Akwa Ibom,20-30
8.026448636315976_3.6084491006319923_7.981532872110001_3.59347717923.png,Akwa Ibom,20-30
8.026448636315976_3.638392943435976_7.981532872110001_3.59347717923.png,Akwa Ibom,20-30
8.027002328698007_5.056183953041993_8.041974250099999_5.041212031640001.png,Akwa Ibom,20-30
8.027002328698007_5.071155874443985_8.041974250099999_5.041212031640001.png,Akwa Ibom,20-30
8.027002328698007_5.086127795845977_8.041974250099999_5.041212031640001.png,Akwa Ibom,20-30
8.035996859053984_3.3249979017940245_8.00605301625_3.3699136660000004.png,Akwa Ibom,20-30
8.035996859053984_3.3549417445980083_8.00605301625_3.3699136660000004.png,Akwa Ibom,20-30
8.035996859053984_3.3699136660000004_8.00605301625_3.3699136660000004.png,Akwa Ibom,20-30
8.035996859053984_3.3848855874019925_8.00605301625_3.3699136660000004.png,Akwa Ibom,20-30
8.041974250099999_5.011268188836016_8.041974250099999_5.041212031640001.png,Akwa Ibom,20-30
8.041974250099999_5.0262401102380085_8.041974250099999_5.041212031640001.png,Akwa Ibom,20-30
8.041974250099999_5.041212031640001_8.041974250099999_5.041212031640001.png,Akwa Ibom,20-30
8.050968780455976_3.3549417445980083_8.00605301625_3.3699136660000004.png,Akwa Ibom,20-30
8.050968780455976_3.3848855874019925_8.00605301625_3.3699136660000004.png,Akwa Ibom,20-30
8.056946171501991_5.0262401102380085_8.041974250099999_5.041212031640001.png,Akwa Ibom,20-30
8.056946171501991_5.071155874443985_8.041974250099999_5.041212031640001.png,Akwa Ibom,20-30
8.083707103834023_4.212688831914024_8.128622868039999_4.25760459612.png,Akwa Ibom,20-30
8.085080138694023_4.366041979696016_8.1299959029_4.3959858225.png,Akwa Ibom,20-30
8.085080138694023_4.410957743901992_8.1299959029_4.3959858225.png,Akwa Ibom,20-30
8.085080138694023_4.425929665303984_8.1299959029_4.3959858225.png,Akwa Ibom,20-30
8.086890014305975_5.011268188836016_8.041974250099999_5.041212031640001.png,Akwa Ibom,20-30
8.100052060096015_4.4409015867059765_8.1299959029_4.3959858225.png,Akwa Ibom,20-30
8.102200473934023_4.271439496525976_8.147116238139999_4.22652373232.png,Akwa Ibom,20-30
8.104937545064024_4.702849758858007_8.14985330927_4.717821680259999.png,Akwa Ibom,20-30
8.104937545064024_4.717821680259999_8.14985330927_4.717821680259999.png,Akwa Ibom,20-30
8.104937545064024_4.7477655230639835_8.14985330927_4.717821680259999.png,Akwa Ibom,20-30
8.113421874284024_4.235062186638008_8.15833763849_4.25003410804.png,Akwa Ibom,20-30
8.113650946638007_4.212688831914024_8.128622868039999_4.25760459612.png,Akwa Ibom,20-30
8.113650946638007_4.25760459612_8.128622868039999_4.25760459612.png,Akwa Ibom,20-30
8.113650946638007_4.287548438923984_8.128622868039999_4.25760459612.png,Akwa Ibom,20-30
8.115023981498007_4.351070058294024_8.1299959029_4.3959858225.png,Akwa Ibom,20-30
8.115023981498007_4.4409015867059765_8.1299959029_4.3959858225.png,Akwa Ibom,20-30
8.117172395336015_4.181607968114023_8.147116238139999_4.22652373232.png,Akwa Ibom,20-30
8.117172395336015_4.2115518109180075_8.147116238139999_4.22652373232.png,Akwa Ibom,20-30
8.117172395336015_4.271439496525976_8.147116238139999_4.22652373232.png,Akwa Ibom,20-30
8.119909466466016_4.702849758858007_8.14985330927_4.717821680259999.png,Akwa Ibom,20-30
8.120029155734024_4.642984162104024_8.16494491994_4.68789992631.png,Akwa Ibom,20-30
8.121633588114024_4.983596057390001_8.16654935232_4.983596057390001.png,Akwa Ibom,20-30
8.128393795686016_4.220090265236016_8.15833763849_4.25003410804.png,Akwa Ibom,20-30
8.128622868039999_4.212688831914024_8.128622868039999_4.25760459612.png,Akwa Ibom,20-30
8.128622868039999_4.272576517521992_8.128622868039999_4.25760459612.png,Akwa Ibom,20-30
8.128622868039999_4.287548438923984_8.128622868039999_4.25760459612.png,Akwa Ibom,20-30
8.1299959029_4.3959858225_8.1299959029_4.3959858225.png,Akwa Ibom,20-30
8.1299959029_4.410957743901992_8.1299959029_4.3959858225.png,Akwa Ibom,20-30
8.132144316738007_4.181607968114023_8.147116238139999_4.22652373232.png,Akwa Ibom,20-30
8.132144316738007_4.256467575123984_8.147116238139999_4.22652373232.png,Akwa Ibom,20-30
8.133468641535638_4.671291255092645_8.16494491994_4.68789992631.png,Akwa Ibom,20-30
8.134881387868008_4.702849758858007_8.14985330927_4.717821680259999.png,Akwa Ibom,20-30
8.135001077136016_4.642984162104024_8.16494491994_4.68789992631.png,Akwa Ibom,20-30
8.136605509516016_4.938680293184024_8.16654935232_4.983596057390001.png,Akwa Ibom,20-30
8.13951339133402_4.689022339574024_8.184429155539997_4.73393810378.png,Akwa Ibom,20-30
8.13951339133402_4.703994260976016_8.184429155539997_4.73393810378.png,Akwa Ibom,20-30
8.143365717088008_4.294949872245977_8.15833763849_4.25003410804.png,Akwa Ibom,20-30
8.143594789441991_4.212688831914024_8.128622868039999_4.25760459612.png,Akwa Ibom,20-30
8.143594789441991_4.227660753316016_8.128622868039999_4.25760459612.png,Akwa Ibom,20-30
8.143594789441991_4.287548438923984_8.128622868039999_4.25760459612.png,Akwa Ibom,20-30
8.147116238139999_4.181607968114023_8.147116238139999_4.22652373232.png,Akwa Ibom,20-30
8.147116238139999_4.2115518109180075_8.147116238139999_4.22652373232.png,Akwa Ibom,20-30
8.149972998538008_4.642984162104024_8.16494491994_4.68789992631.png,Akwa Ibom,20-30
8.149972998538008_4.657956083506016_8.16494491994_4.68789992631.png,Akwa Ibom,20-30
8.149972998538008_4.68789992631_8.16494491994_4.68789992631.png,Akwa Ibom,20-30
8.151577430918008_4.938680293184024_8.16654935232_4.983596057390001.png,Akwa Ibom,20-30
8.154485312736012_4.763881946583984_8.184429155539997_4.73393810378.png,Akwa Ibom,20-30
8.154485312736012_4.778853867985976_8.184429155539997_4.73393810378.png,Akwa Ibom,20-30
8.15833763849_4.220090265236016_8.15833763849_4.25003410804.png,Akwa Ibom,20-30
8.15833763849_4.235062186638008_8.15833763849_4.25003410804.png,Akwa Ibom,20-30
8.15833763849_4.25003410804_8.15833763849_4.25003410804.png,Akwa Ibom,20-30
8.15833763849_4.279977950843985_8.15833763849_4.25003410804.png,Akwa Ibom,20-30
8.158566710843983_4.272576517521992_8.128622868039999_4.25760459612.png,Akwa Ibom,20-30
8.159939745703984_4.351070058294024_8.1299959029_4.3959858225.png,Akwa Ibom,20-30
8.159939745703984_4.410957743901992_8.1299959029_4.3959858225.png,Akwa Ibom,20-30
8.162088159541991_4.271439496525976_8.147116238139999_4.22652373232.png,Akwa Ibom,20-30
8.164825230671992_4.702849758858007_8.14985330927_4.717821680259999.png,Akwa Ibom,20-30
8.164825230671992_4.732793601661991_8.14985330927_4.717821680259999.png,Akwa Ibom,20-30
8.16494491994_4.642984162104024_8.16494491994_4.68789992631.png,Akwa Ibom,20-30
8.16494491994_4.702871847711992_8.16494491994_4.68789992631.png,Akwa Ibom,20-30
8.16494491994_4.732815690515976_8.16494491994_4.68789992631.png,Akwa Ibom,20-30
8.169457234138005_4.778853867985976_8.184429155539997_4.73393810378.png,Akwa Ibom,20-30
8.173309559891992_4.279977950843985_8.15833763849_4.25003410804.png,Akwa Ibom,20-30
8.173538632245975_4.3025203603259765_8.128622868039999_4.25760459612.png,Akwa Ibom,20-30
8.174911667105976_4.381013901098008_8.1299959029_4.3959858225.png,Akwa Ibom,20-30
8.174911667105976_4.3959858225_8.1299959029_4.3959858225.png,Akwa Ibom,20-30
8.174911667105976_4.425929665303984_8.1299959029_4.3959858225.png,Akwa Ibom,20-30
8.175703496042237_4.7053584889972875_8.16494491994_4.68789992631.png,Akwa Ibom,20-30
8.177060080943983_4.256467575123984_8.147116238139999_4.22652373232.png,Akwa Ibom,20-30
8.179797152073984_4.687877837456015_8.14985330927_4.717821680259999.png,Akwa Ibom,20-30
8.179797152073984_4.717821680259999_8.14985330927_4.717821680259999.png,Akwa Ibom,20-30
8.179797152073984_4.732793601661991_8.14985330927_4.717821680259999.png,Akwa Ibom,20-30
8.179916841341992_4.68789992631_8.16494491994_4.68789992631.png,Akwa Ibom,20-30
8.184429155539997_4.689022339574024_8.184429155539997_4.73393810378.png,Akwa Ibom,20-30
8.184429155539997_4.778853867985976_8.184429155539997_4.73393810378.png,Akwa Ibom,20-30
8.188281481293984_4.235062186638008_8.15833763849_4.25003410804.png,Akwa Ibom,20-30
8.188281481293984_4.2650060294419925_8.15833763849_4.25003410804.png,Akwa Ibom,20-30
8.188281481293984_4.294949872245977_8.15833763849_4.25003410804.png,Akwa Ibom,20-30
8.192032002345975_4.2115518109180075_8.147116238139999_4.22652373232.png,Akwa Ibom,20-30
8.192032002345975_4.22652373232_8.147116238139999_4.22652373232.png,Akwa Ibom,20-30
8.194316223994024_4.334161520645976_8.2392319882_4.28924575644.png,Akwa Ibom,20-30
8.194769073475976_4.672905916054023_8.14985330927_4.717821680259999.png,Akwa Ibom,20-30
8.194769073475976_4.687877837456015_8.14985330927_4.717821680259999.png,Akwa Ibom,20-30
8.196674604244023_4.821121149181994_8.24159036845_4.8061492277800015.png,Akwa Ibom,20-30
8.196674604244023_4.851064991985978_8.24159036845_4.8061492277800015.png,Akwa Ibom,20-30
8.199401076941989_4.703994260976016_8.184429155539997_4.73393810378.png,Akwa Ibom,20-30
8.199401076941989_4.748910025181992_8.184429155539997_4.73393810378.png,Akwa Ibom,20-30
8.199401076941989_4.778853867985976_8.184429155539997_4.73393810378.png,Akwa Ibom,20-30
8.203253402695976_4.25003410804_8.15833763849_4.25003410804.png,Akwa Ibom,20-30
8.209860684145976_4.672928004908008_8.16494491994_4.68789992631.png,Akwa Ibom,20-30
8.209860684145976_4.68789992631_8.16494491994_4.68789992631.png,Akwa Ibom,20-30
8.211646525646016_4.791177306378009_8.24159036845_4.8061492277800015.png,Akwa Ibom,20-30
8.211646525646016_4.836093070583986_8.24159036845_4.8061492277800015.png,Akwa Ibom,20-30
8.224260066798008_4.28924575644_8.2392319882_4.28924575644.png,Akwa Ibom,20-30
8.226164051054024_4.293438184181992_8.27107981526_4.27846626278.png,Akwa Ibom,20-30
8.226164051054024_4.323382026985977_8.27107981526_4.27846626278.png,Akwa Ibom,20-30
8.226618447048008_4.776205384976017_8.24159036845_4.8061492277800015.png,Akwa Ibom,20-30
8.229344919745973_4.689022339574024_8.184429155539997_4.73393810378.png,Akwa Ibom,20-30
8.229344919745973_4.718966182378008_8.184429155539997_4.73393810378.png,Akwa Ibom,20-30
8.2392319882_4.244329992234023_8.2392319882_4.28924575644.png,Akwa Ibom,20-30
8.2392319882_4.28924575644_8.2392319882_4.28924575644.png,Akwa Ibom,20-30
8.2392319882_4.304217677841992_8.2392319882_4.28924575644.png,Akwa Ibom,20-30
8.2392319882_4.319189599243984_8.2392319882_4.28924575644.png,Akwa Ibom,20-30
8.241135972456016_4.323382026985977_8.27107981526_4.27846626278.png,Akwa Ibom,20-30
8.24159036845_4.821121149181994_8.24159036845_4.8061492277800015.png,Akwa Ibom,20-30
8.256107893858008_4.27846626278_8.27107981526_4.27846626278.png,Akwa Ibom,20-30
8.256562289851992_4.761233463574025_8.24159036845_4.8061492277800015.png,Akwa Ibom,20-30
8.256562289851992_4.836093070583986_8.24159036845_4.8061492277800015.png,Akwa Ibom,20-30
8.269175831003984_4.244329992234023_8.2392319882_4.28924575644.png,Akwa Ibom,20-30
8.269175831003984_4.2593019136360155_8.2392319882_4.28924575644.png,Akwa Ibom,20-30
8.269175831003984_4.274273835038008_8.2392319882_4.28924575644.png,Akwa Ibom,20-30
8.269175831003984_4.304217677841992_8.2392319882_4.28924575644.png,Akwa Ibom,20-30
8.27107981526_4.248522419976016_8.27107981526_4.27846626278.png,Akwa Ibom,20-30
8.271534211253984_4.791177306378009_8.24159036845_4.8061492277800015.png,Akwa Ibom,20-30
8.283502615814024_3.591198466673984_8.32841838002_3.56125462387.png,Akwa Ibom,20-30
8.284147752405977_4.274273835038008_8.2392319882_4.28924575644.png,Akwa Ibom,20-30
8.284147752405977_4.304217677841992_8.2392319882_4.28924575644.png,Akwa Ibom,20-30
8.286051736661992_4.248522419976016_8.27107981526_4.27846626278.png,Akwa Ibom,20-30
8.286051736661992_4.3084101055839845_8.27107981526_4.27846626278.png,Akwa Ibom,20-30
8.286051736661992_4.323382026985977_8.27107981526_4.27846626278.png,Akwa Ibom,20-30
8.298474537216016_3.516338859664024_8.32841838002_3.56125462387.png,Akwa Ibom,20-30
8.298474537216016_3.591198466673984_8.32841838002_3.56125462387.png,Akwa Ibom,20-30
8.298474537216016_3.606170388075976_8.32841838002_3.56125462387.png,Akwa Ibom,20-30
8.313446458618008_3.5313107810660163_8.32841838002_3.56125462387.png,Akwa Ibom,20-30
8.313446458618008_3.546282702468008_8.32841838002_3.56125462387.png,Akwa Ibom,20-30
8.313446458618008_3.56125462387_8.32841838002_3.56125462387.png,Akwa Ibom,20-30
8.315995579465977_4.263494341378008_8.27107981526_4.27846626278.png,Akwa Ibom,20-30
8.315995579465977_4.323382026985977_8.27107981526_4.27846626278.png,Akwa Ibom,20-30
8.32841838002_3.516338859664024_8.32841838002_3.56125462387.png,Akwa Ibom,20-30
8.343390301421993_3.591198466673984_8.32841838002_3.56125462387.png,Akwa Ibom,20-30
8.358362222823985_3.5313107810660163_8.32841838002_3.56125462387.png,Akwa Ibom,20-30
8.358362222823985_3.56125462387_8.32841838002_3.56125462387.png,Akwa Ibom,20-30
8.358362222823985_3.576226545271992_8.32841838002_3.56125462387.png,Akwa Ibom,20-30
8.373334144225977_3.56125462387_8.32841838002_3.56125462387.png,Akwa Ibom,20-30
8.385835501644024_4.544026629656016_8.43075126585_4.57397047246.png,Akwa Ibom,20-30
8.385835501644024_4.558998551058008_8.43075126585_4.57397047246.png,Akwa Ibom,20-30
8.400807423046016_4.544026629656016_8.43075126585_4.57397047246.png,Akwa Ibom,20-30
8.400807423046016_4.603914315263984_8.43075126585_4.57397047246.png,Akwa Ibom,20-30
8.415779344448008_4.558998551058008_8.43075126585_4.57397047246.png,Akwa Ibom,20-30
8.426155597584023_3.3504782372240243_8.471071361789999_3.39539400143.png,Akwa Ibom,20-30
8.426155597584023_3.3654501586260164_8.471071361789999_3.39539400143.png,Akwa Ibom,20-30
8.426155597584023_3.380422080028008_8.471071361789999_3.39539400143.png,Akwa Ibom,20-30
8.426155597584023_3.39539400143_8.471071361789999_3.39539400143.png,Akwa Ibom,20-30
8.426155597584023_3.4103659228319922_8.471071361789999_3.39539400143.png,Akwa Ibom,20-30
8.426155597584023_3.425337844233984_8.471071361789999_3.39539400143.png,Akwa Ibom,20-30
8.426155597584023_3.440309765635976_8.471071361789999_3.39539400143.png,Akwa Ibom,20-30
8.43075126585_4.588942393861992_8.43075126585_4.57397047246.png,Akwa Ibom,20-30
8.441127518986015_3.3504782372240243_8.471071361789999_3.39539400143.png,Akwa Ibom,20-30
8.441127518986015_3.3654501586260164_8.471071361789999_3.39539400143.png,Akwa Ibom,20-30
8.441127518986015_3.380422080028008_8.471071361789999_3.39539400143.png,Akwa Ibom,20-30
8.441127518986015_3.39539400143_8.471071361789999_3.39539400143.png,Akwa Ibom,20-30
8.441127518986015_3.4103659228319922_8.471071361789999_3.39539400143.png,Akwa Ibom,20-30
8.441127518986015_3.425337844233984_8.471071361789999_3.39539400143.png,Akwa Ibom,20-30
8.441127518986015_3.440309765635976_8.471071361789999_3.39539400143.png,Akwa Ibom,20-30
8.442183483694023_4.510445488914024_8.4870992479_4.55536125312.png,Akwa Ibom,20-30
8.442183483694023_4.525417410316016_8.4870992479_4.55536125312.png,Akwa Ibom,20-30
8.442183483694023_4.540389331718008_8.4870992479_4.55536125312.png,Akwa Ibom,20-30
8.442183483694023_4.55536125312_8.4870992479_4.55536125312.png,Akwa Ibom,20-30
8.442183483694023_4.570333174521992_8.4870992479_4.55536125312.png,Akwa Ibom,20-30
8.442183483694023_4.585305095923984_8.4870992479_4.55536125312.png,Akwa Ibom,20-30
8.445723187251993_4.558998551058008_8.43075126585_4.57397047246.png,Akwa Ibom,20-30
8.445723187251993_4.57397047246_8.43075126585_4.57397047246.png,Akwa Ibom,20-30
8.449753561004023_4.517514793174024_8.49466932521_4.56243055738.png,Akwa Ibom,20-30
8.449753561004023_4.532486714576016_8.49466932521_4.56243055738.png,Akwa Ibom,20-30
8.449753561004023_4.547458635978008_8.49466932521_4.56243055738.png,Akwa Ibom,20-30
8.449753561004023_4.56243055738_8.49466932521_4.56243055738.png,Akwa Ibom,20-30
8.449753561004023_4.577402478781992_8.49466932521_4.56243055738.png,Akwa Ibom,20-30
8.451481495700227_4.558888670963137_8.4870992479_4.55536125312.png,Akwa Ibom,20-30
8.45237377143402_4.5203293467680075_8.497289535639997_4.53530126817.png,Akwa Ibom,20-30
8.45237377143402_4.550273189571992_8.497289535639997_4.53530126817.png,Akwa Ibom,20-30
8.456099440388007_3.3504782372240243_8.471071361789999_3.39539400143.png,Akwa Ibom,20-30
8.456099440388007_3.3654501586260164_8.471071361789999_3.39539400143.png,Akwa Ibom,20-30
8.456099440388007_3.380422080028008_8.471071361789999_3.39539400143.png,Akwa Ibom,20-30
8.456099440388007_3.39539400143_8.471071361789999_3.39539400143.png,Akwa Ibom,20-30
8.456099440388007_3.4103659228319922_8.471071361789999_3.39539400143.png,Akwa Ibom,20-30
8.456099440388007_3.425337844233984_8.471071361789999_3.39539400143.png,Akwa Ibom,20-30
8.456099440388007_3.440309765635976_8.471071361789999_3.39539400143.png,Akwa Ibom,20-30
8.456953346704024_4.5042403632440235_8.50186911091_4.54915612745.png,Akwa Ibom,20-30
8.456953346704024_4.519212284646016_8.50186911091_4.54915612745.png,Akwa Ibom,20-30
8.456953346704024_4.534184206048008_8.50186911091_4.54915612745.png,Akwa Ibom,20-30
8.456953346704024_4.54915612745_8.50186911091_4.54915612745.png,Akwa Ibom,20-30
8.456953346704024_4.564128048851992_8.50186911091_4.54915612745.png,Akwa Ibom,20-30
8.457155405096016_4.510445488914024_8.4870992479_4.55536125312.png,Akwa Ibom,20-30
8.457155405096016_4.525417410316016_8.4870992479_4.55536125312.png,Akwa Ibom,20-30
8.457155405096016_4.540389331718008_8.4870992479_4.55536125312.png,Akwa Ibom,20-30
8.457155405096016_4.55536125312_8.4870992479_4.55536125312.png,Akwa Ibom,20-30
8.457155405096016_4.570333174521992_8.4870992479_4.55536125312.png,Akwa Ibom,20-30
8.460528473354024_4.472449330994023_8.50544423756_4.5173650952.png,Akwa Ibom,20-30
8.460528473354024_4.4874212523960155_8.50544423756_4.5173650952.png,Akwa Ibom,20-30
8.460528473354024_4.547308938003984_8.50544423756_4.5173650952.png,Akwa Ibom,20-30
8.460632922564024_4.472797612918008_8.50554868677_4.48776953432.png,Akwa Ibom,20-30
8.460632922564024_4.48776953432_8.50554868677_4.48776953432.png,Akwa Ibom,20-30
8.460695108653985_4.558998551058008_8.43075126585_4.57397047246.png,Akwa Ibom,20-30
8.464725482406015_4.517514793174024_8.49466932521_4.56243055738.png,Akwa Ibom,20-30
8.464725482406015_4.532486714576016_8.49466932521_4.56243055738.png,Akwa Ibom,20-30
8.464725482406015_4.547458635978008_8.49466932521_4.56243055738.png,Akwa Ibom,20-30
8.465080560734023_4.467940975344024_8.50999632494_4.51285673955.png,Akwa Ibom,20-30
8.465080560734023_4.482912896746016_8.50999632494_4.51285673955.png,Akwa Ibom,20-30
8.465080560734023_4.527828660951992_8.50999632494_4.51285673955.png,Akwa Ibom,20-30
8.465779292044024_4.505277833616016_8.51069505625_4.53522167642.png,Akwa Ibom,20-30
8.467345692836012_4.505357425366015_8.497289535639997_4.53530126817.png,Akwa Ibom,20-30
8.467345692836012_4.5203293467680075_8.497289535639997_4.53530126817.png,Akwa Ibom,20-30
8.467436191854024_4.464155690404024_8.51235195606_4.50907145461.png,Akwa Ibom,20-30
8.467436191854024_4.553987218815976_8.51235195606_4.50907145461.png,Akwa Ibom,20-30
8.471071361789999_3.3504782372240243_8.471071361789999_3.39539400143.png,Akwa Ibom,20-30
8.471071361789999_3.3654501586260164_8.471071361789999_3.39539400143.png,Akwa Ibom,20-30
8.471071361789999_3.380422080028008_8.471071361789999_3.39539400143.png,Akwa Ibom,20-30
8.471071361789999_3.39539400143_8.471071361789999_3.39539400143.png,Akwa Ibom,20-30
8.471071361789999_3.4103659228319922_8.471071361789999_3.39539400143.png,Akwa Ibom,20-30
8.471071361789999_3.425337844233984_8.471071361789999_3.39539400143.png,Akwa Ibom,20-30
8.471071361789999_3.440309765635976_8.471071361789999_3.39539400143.png,Akwa Ibom,20-30
8.471925268106016_4.5042403632440235_8.50186911091_4.54915612745.png,Akwa Ibom,20-30
8.471925268106016_4.519212284646016_8.50186911091_4.54915612745.png,Akwa Ibom,20-30
8.471925268106016_4.534184206048008_8.50186911091_4.54915612745.png,Akwa Ibom,20-30
8.472127326498008_4.510445488914024_8.4870992479_4.55536125312.png,Akwa Ibom,20-30
8.472127326498008_4.525417410316016_8.4870992479_4.55536125312.png,Akwa Ibom,20-30
8.472127326498008_4.540389331718008_8.4870992479_4.55536125312.png,Akwa Ibom,20-30
8.475500394756017_4.502393173798008_8.50544423756_4.5173650952.png,Akwa Ibom,20-30
8.477650158469855_4.523950935955518_8.4870992479_4.55536125312.png,Akwa Ibom,20-30
8.479697403808007_4.517514793174024_8.49466932521_4.56243055738.png,Akwa Ibom,20-30
8.479697403808007_4.532486714576016_8.49466932521_4.56243055738.png,Akwa Ibom,20-30
8.480751213446016_4.490305912214024_8.51069505625_4.53522167642.png,Akwa Ibom,20-30
8.480751213446016_4.505277833616016_8.51069505625_4.53522167642.png,Akwa Ibom,20-30
8.481408727276303_4.51883744301176_8.51069505625_4.53522167642.png,Akwa Ibom,20-30
8.482408113256016_4.464155690404024_8.51235195606_4.50907145461.png,Akwa Ibom,20-30
8.482408113256016_4.524043376011992_8.51235195606_4.50907145461.png,Akwa Ibom,20-30
8.485657053884022_4.508283977954024_8.530572818089999_4.55319974216.png,Akwa Ibom,20-30
8.485657053884022_4.523255899356016_8.530572818089999_4.55319974216.png,Akwa Ibom,20-30
8.486043283191991_3.3504782372240243_8.471071361789999_3.39539400143.png,Akwa Ibom,20-30
8.486043283191991_3.3654501586260164_8.471071361789999_3.39539400143.png,Akwa Ibom,20-30
8.486043283191991_3.380422080028008_8.471071361789999_3.39539400143.png,Akwa Ibom,20-30
8.486043283191991_3.39539400143_8.471071361789999_3.39539400143.png,Akwa Ibom,20-30
8.486043283191991_3.4103659228319922_8.471071361789999_3.39539400143.png,Akwa Ibom,20-30
8.486043283191991_3.425337844233984_8.471071361789999_3.39539400143.png,Akwa Ibom,20-30
8.486043283191991_3.440309765635976_8.471071361789999_3.39539400143.png,Akwa Ibom,20-30
8.486897189508008_4.5042403632440235_8.50186911091_4.54915612745.png,Akwa Ibom,20-30
8.486897189508008_4.519212284646016_8.50186911091_4.54915612745.png,Akwa Ibom,20-30
8.4870992479_4.510445488914024_8.4870992479_4.55536125312.png,Akwa Ibom,20-30
8.488864941484085_3.4338450933343543_8.471071361789999_3.39539400143.png,Akwa Ibom,20-30
8.490576765368008_4.472797612918008_8.50554868677_4.48776953432.png,Akwa Ibom,20-30
8.490576765368008_4.48776953432_8.50554868677_4.48776953432.png,Akwa Ibom,20-30
8.495024403538007_4.467940975344024_8.50999632494_4.51285673955.png,Akwa Ibom,20-30
8.495024403538007_4.482912896746016_8.50999632494_4.51285673955.png,Akwa Ibom,20-30
8.495024403538007_4.497884818148008_8.50999632494_4.51285673955.png,Akwa Ibom,20-30
8.495723134848008_4.505277833616016_8.51069505625_4.53522167642.png,Akwa Ibom,20-30
8.497380034658008_4.494099533208008_8.51235195606_4.50907145461.png,Akwa Ibom,20-30
8.501015204593983_3.3504782372240243_8.471071361789999_3.39539400143.png,Akwa Ibom,20-30
8.501015204593983_3.3654501586260164_8.471071361789999_3.39539400143.png,Akwa Ibom,20-30
8.501015204593983_3.380422080028008_8.471071361789999_3.39539400143.png,Akwa Ibom,20-30
8.501015204593983_3.39539400143_8.471071361789999_3.39539400143.png,Akwa Ibom,20-30
8.501015204593983_3.4103659228319922_8.471071361789999_3.39539400143.png,Akwa Ibom,20-30
8.501015204593983_3.425337844233984_8.471071361789999_3.39539400143.png,Akwa Ibom,20-30
8.501015204593983_3.440309765635976_8.471071361789999_3.39539400143.png,Akwa Ibom,20-30
8.50554868677_4.472797612918008_8.50554868677_4.48776953432.png,Akwa Ibom,20-30
8.512443556979925_3.3775252927783463_8.471071361789999_3.39539400143.png,Akwa Ibom,20-30
8.515987125995975_3.3504782372240243_8.471071361789999_3.39539400143.png,Akwa Ibom,20-30
8.515987125995975_3.3654501586260164_8.471071361789999_3.39539400143.png,Akwa Ibom,20-30
8.515987125995975_3.380422080028008_8.471071361789999_3.39539400143.png,Akwa Ibom,20-30
8.515987125995975_3.39539400143_8.471071361789999_3.39539400143.png,Akwa Ibom,20-30
8.515987125995975_3.4103659228319922_8.471071361789999_3.39539400143.png,Akwa Ibom,20-30
8.515987125995975_3.425337844233984_8.471071361789999_3.39539400143.png,Akwa Ibom,20-30
8.515987125995975_3.440309765635976_8.471071361789999_3.39539400143.png,Akwa Ibom,20-30
8.610043350504025_2.939140724936016_8.654959114710001_2.96908456774.png,Akwa Ibom,20-30
8.610043350504025_2.954112646338008_8.654959114710001_2.96908456774.png,Akwa Ibom,20-30
8.625015271906017_2.924168803534024_8.654959114710001_2.96908456774.png,Akwa Ibom,20-30
8.625015271906017_2.96908456774_8.654959114710001_2.96908456774.png,Akwa Ibom,20-30
8.625015271906017_2.984056489141992_8.654959114710001_2.96908456774.png,Akwa Ibom,20-30
8.634931006554025_3.412325459371992_8.679846770760001_3.39735353797.png,Akwa Ibom,20-30
8.63998719330801_2.924168803534024_8.654959114710001_2.96908456774.png,Akwa Ibom,20-30
8.63998719330801_2.954112646338008_8.654959114710001_2.96908456774.png,Akwa Ibom,20-30
8.64498781438667_3.427178131876423_8.679846770760001_3.39735353797.png,Akwa Ibom,20-30
8.649902927956017_3.412325459371992_8.679846770760001_3.39735353797.png,Akwa Ibom,20-30
8.654959114710001_2.924168803534024_8.654959114710001_2.96908456774.png,Akwa Ibom,20-30
8.664874849358009_3.382381616568008_8.679846770760001_3.39735353797.png,Akwa Ibom,20-30
8.664874849358009_3.442269302175976_8.679846770760001_3.39735353797.png,Akwa Ibom,20-30
8.669931036111993_2.9990284105439837_8.654959114710001_2.96908456774.png,Akwa Ibom,20-30
8.679846770760001_3.352437773764024_8.679846770760001_3.39735353797.png,Akwa Ibom,20-30
8.679846770760001_3.367409695166016_8.679846770760001_3.39735353797.png,Akwa Ibom,20-30
8.684902957513986_2.984056489141992_8.654959114710001_2.96908456774.png,Akwa Ibom,20-30
8.694818692161993_3.382381616568008_8.679846770760001_3.39735353797.png,Akwa Ibom,20-30
8.694818692161993_3.4272973807739837_8.679846770760001_3.39735353797.png,Akwa Ibom,20-30
8.699874878915978_2.954112646338008_8.654959114710001_2.96908456774.png,Akwa Ibom,20-30
8.699874878915978_2.9990284105439837_8.654959114710001_2.96908456774.png,Akwa Ibom,20-30
8.699874878915978_3.014000331945976_8.654959114710001_2.96908456774.png,Akwa Ibom,20-30
8.703161855047709_3.356051094734842_8.679846770760001_3.39735353797.png,Akwa Ibom,20-30
8.709790613563985_3.4272973807739837_8.679846770760001_3.39735353797.png,Akwa Ibom,20-30
8.724762534965977_3.39735353797_8.679846770760001_3.39735353797.png,Akwa Ibom,20-30
8.724762534965977_3.4272973807739837_8.679846770760001_3.39735353797.png,Akwa Ibom,20-30
9.013673232474023_3.5203770465660162_9.05858899668_3.55032088937.png,Akwa Ibom,20-30
9.013673232474023_3.535348967968008_9.05858899668_3.55032088937.png,Akwa Ibom,20-30
9.013673232474023_3.55032088937_9.05858899668_3.55032088937.png,Akwa Ibom,20-30
9.013673232474023_3.5802647321739838_9.05858899668_3.55032088937.png,Akwa Ibom,20-30
9.028645153876015_3.505405125164024_9.05858899668_3.55032088937.png,Akwa Ibom,20-30
9.028645153876015_3.5203770465660162_9.05858899668_3.55032088937.png,Akwa Ibom,20-30
9.028645153876015_3.535348967968008_9.05858899668_3.55032088937.png,Akwa Ibom,20-30
9.043617075278007_3.5203770465660162_9.05858899668_3.55032088937.png,Akwa Ibom,20-30
9.05858899668_3.535348967968008_9.05858899668_3.55032088937.png,Akwa Ibom,20-30
9.05858899668_3.55032088937_9.05858899668_3.55032088937.png,Akwa Ibom,20-30
9.073560918081991_3.535348967968008_9.05858899668_3.55032088937.png,Akwa Ibom,20-30
9.088532839483983_3.5203770465660162_9.05858899668_3.55032088937.png,Akwa Ibom,20-30
9.088532839483983_3.5802647321739838_9.05858899668_3.55032088937.png,Akwa Ibom,20-30
7.694139911454025_11.407995883296016_7.739055675660001_11.4379397261.png,Katsina,30-40
7.694139911454025_11.452911647501992_7.739055675660001_11.4379397261.png,Kano,20-30
7.724083754258009_11.4379397261_7.739055675660001_11.4379397261.png,Kano,20-30
7.724083754258009_11.452911647501992_7.739055675660001_11.4379397261.png,Kano,20-30
7.739055675660001_11.393023961894023_7.739055675660001_11.4379397261.png,Kano,20-30
7.739055675660001_11.422967804698008_7.739055675660001_11.4379397261.png,Kano,20-30
7.739055675660001_11.482855490305976_7.739055675660001_11.4379397261.png,Kano,20-30
7.754027597061993_11.467883568903984_7.739055675660001_11.4379397261.png,Kano,20-30
7.7689995184639855_11.422967804698008_7.739055675660001_11.4379397261.png,Kano,20-30
7.783971439865978_11.393023961894023_7.739055675660001_11.4379397261.png,Kano,20-30
7.783971439865978_11.452911647501992_7.739055675660001_11.4379397261.png,Kano,20-30
7.783971439865978_11.467883568903984_7.739055675660001_11.4379397261.png,Kano,20-30
7.783971439865978_11.482855490305976_7.739055675660001_11.4379397261.png,Kano,20-30
8.257753868164023_12.059405621301993_8.30266963237_12.0444336999.png,Kano,20-30
8.257753868164023_12.089349464105977_8.30266963237_12.0444336999.png,Kano,20-30
8.272725789566016_12.074377542703985_8.30266963237_12.0444336999.png,Kano,20-30
8.287697710968008_12.029461778498009_8.30266963237_12.0444336999.png,Kano,20-30
8.296296450911724_12.088313654565033_8.30266963237_12.0444336999.png,Kano,20-30
8.297533139460786_12.049246365864642_8.30266963237_12.0444336999.png,Kano,20-30
8.30266963237_11.999517935694024_8.30266963237_12.0444336999.png,Kano,20-30
8.30266963237_12.0444336999_8.30266963237_12.0444336999.png,Kano,20-30
8.30266963237_12.059405621301993_8.30266963237_12.0444336999.png,Kano,20-30
8.30266963237_12.074377542703985_8.30266963237_12.0444336999.png,Kano,20-30
8.317641553771992_12.014489857096017_8.30266963237_12.0444336999.png,Kano,20-30
8.317641553771992_12.059405621301993_8.30266963237_12.0444336999.png,Kano,20-30
8.317641553771992_12.089349464105977_8.30266963237_12.0444336999.png,Kano,20-30
8.332613475173984_12.014489857096017_8.30266963237_12.0444336999.png,Kano,20-30
8.576903026774024_10.770034332194024_8.62181879098_10.8149500964.png,Kano,20-30
8.576903026774024_10.785006253596016_8.62181879098_10.8149500964.png,Kano,20-30
8.576903026774024_10.799978174998008_8.62181879098_10.8149500964.png,Kano,20-30
8.576903026774024_10.8149500964_8.62181879098_10.8149500964.png,Kano,20-30
8.576903026774024_10.829922017801993_8.62181879098_10.8149500964.png,Kano,20-30
8.576903026774024_10.844893939203985_8.62181879098_10.8149500964.png,Kano,20-30
8.591874948176017_10.770034332194024_8.62181879098_10.8149500964.png,Kano,20-30
8.591874948176017_10.785006253596016_8.62181879098_10.8149500964.png,Kano,20-30
8.591874948176017_10.799978174998008_8.62181879098_10.8149500964.png,Kano,20-30
8.591874948176017_10.8149500964_8.62181879098_10.8149500964.png,Kano,20-30
8.591874948176017_10.829922017801993_8.62181879098_10.8149500964.png,Kano,20-30
8.591874948176017_10.844893939203985_8.62181879098_10.8149500964.png,Kano,20-30
8.591874948176017_10.859865860605977_8.62181879098_10.8149500964.png,Kano,20-30
8.606846869578009_10.770034332194024_8.62181879098_10.8149500964.png,Kano,20-30
8.606846869578009_10.785006253596016_8.62181879098_10.8149500964.png,Kano,20-30
8.606846869578009_10.799978174998008_8.62181879098_10.8149500964.png,Kano,20-30
8.606846869578009_10.8149500964_8.62181879098_10.8149500964.png,Kano,20-30
8.606846869578009_10.829922017801993_8.62181879098_10.8149500964.png,Kano,20-30
8.606846869578009_10.844893939203985_8.62181879098_10.8149500964.png,Kano,20-30
8.606846869578009_10.859865860605977_8.62181879098_10.8149500964.png,Kano,20-30
8.615720557408297_10.786048504614659_8.62181879098_10.8149500964.png,Kano,20-30
8.62181879098_10.770034332194024_8.62181879098_10.8149500964.png,Kano,20-30
8.62181879098_10.785006253596016_8.62181879098_10.8149500964.png,Kano,20-30
8.62181879098_10.799978174998008_8.62181879098_10.8149500964.png,Kano,20-30
8.62181879098_10.8149500964_8.62181879098_10.8149500964.png,Kano,20-30
8.62181879098_10.829922017801993_8.62181879098_10.8149500964.png,Kano,20-30
8.62181879098_10.844893939203985_8.62181879098_10.8149500964.png,Kano,20-30
8.62181879098_10.859865860605977_8.62181879098_10.8149500964.png,Kano,20-30
8.636790712381993_10.770034332194024_8.62181879098_10.8149500964.png,Kano,20-30
8.636790712381993_10.785006253596016_8.62181879098_10.8149500964.png,Kano,20-30
8.636790712381993_10.799978174998008_8.62181879098_10.8149500964.png,Kano,20-30
8.636790712381993_10.8149500964_8.62181879098_10.8149500964.png,Kano,20-30
8.636790712381993_10.829922017801993_8.62181879098_10.8149500964.png,Kano,20-30
8.636790712381993_10.844893939203985_8.62181879098_10.8149500964.png,Kano,20-30
8.636790712381993_10.859865860605977_8.62181879098_10.8149500964.png,Kano,20-30
8.651762633783985_10.770034332194024_8.62181879098_10.8149500964.png,Kano,20-30
8.651762633783985_10.785006253596016_8.62181879098_10.8149500964.png,Kano,20-30
8.651762633783985_10.799978174998008_8.62181879098_10.8149500964.png,Kano,20-30
8.651762633783985_10.8149500964_8.62181879098_10.8149500964.png,Kano,20-30
8.651762633783985_10.829922017801993_8.62181879098_10.8149500964.png,Kano,20-30
8.651762633783985_10.844893939203985_8.62181879098_10.8149500964.png,Kano,20-30
8.651762633783985_10.859865860605977_8.62181879098_10.8149500964.png,Kano,20-30
8.654826901314022_11.412232512003985_8.699742665519999_11.382288669200001.png,Kano,20-30
8.654826901314022_11.427204433405977_8.699742665519999_11.382288669200001.png,Kano,20-30
8.665240461110226_10.826511462594588_8.62181879098_10.8149500964.png,Kano,20-30
8.666734555185977_10.770034332194024_8.62181879098_10.8149500964.png,Kano,20-30
8.666734555185977_10.785006253596016_8.62181879098_10.8149500964.png,Kano,20-30
8.666734555185977_10.799978174998008_8.62181879098_10.8149500964.png,Kano,20-30
8.666734555185977_10.8149500964_8.62181879098_10.8149500964.png,Kano,20-30
8.666734555185977_10.829922017801993_8.62181879098_10.8149500964.png,Kano,20-30
8.666734555185977_10.844893939203985_8.62181879098_10.8149500964.png,Kano,20-30
8.666734555185977_10.859865860605977_8.62181879098_10.8149500964.png,Kano,20-30
8.669798822716015_11.352344826396017_8.699742665519999_11.382288669200001.png,Kano,20-30
8.669798822716015_11.382288669200001_8.699742665519999_11.382288669200001.png,Kano,20-30
8.669798822716015_11.397260590601993_8.699742665519999_11.382288669200001.png,Kano,20-30
8.669798822716015_11.427204433405977_8.699742665519999_11.382288669200001.png,Kano,20-30
8.684770744118007_11.367316747798009_8.699742665519999_11.382288669200001.png,Kano,20-30
8.699742665519999_11.337372904994025_8.699742665519999_11.382288669200001.png,Kano,20-30
8.71471458692199_11.412232512003985_8.699742665519999_11.382288669200001.png,Kano,20-30
8.729686508323983_11.337372904994025_8.699742665519999_11.382288669200001.png,Kano,20-30
8.729686508323983_11.397260590601993_8.699742665519999_11.382288669200001.png,Kano,20-30
8.729686508323983_11.427204433405977_8.699742665519999_11.382288669200001.png,Kano,20-30
8.744658429725975_11.397260590601993_8.699742665519999_11.382288669200001.png,Kano,20-30
8.778572902134023_11.062079482996015_8.82348866634_11.0920233258.png,Kano,20-30
8.778572902134023_11.121967168603984_8.82348866634_11.0920233258.png,Kano,20-30
8.793544823536015_11.136939090005976_8.82348866634_11.0920233258.png,Kano,20-30
8.795455725616016_11.134167894194023_8.82539956842_11.1790836584.png,Kano,20-30
8.795455725616016_11.149139815596016_8.82539956842_11.1790836584.png,Kano,20-30
8.795455725616016_11.164111736998008_8.82539956842_11.1790836584.png,Kano,20-30
8.795455725616016_11.194055579801992_8.82539956842_11.1790836584.png,Kano,20-30
8.808516744938007_11.106995247201992_8.82348866634_11.0920233258.png,Kano,20-30
8.810427647018008_11.1790836584_8.82539956842_11.1790836584.png,Kano,20-30
8.82348866634_11.121967168603984_8.82348866634_11.0920233258.png,Kano,20-30
8.82539956842_11.164111736998008_8.82539956842_11.1790836584.png,Kano,20-30
8.82539956842_11.1790836584_8.82539956842_11.1790836584.png,Kano,20-30
8.82539956842_11.223999422605976_8.82539956842_11.1790836584.png,Kano,20-30
8.838460587741992_11.121967168603984_8.82348866634_11.0920233258.png,Kano,20-30
8.840371489821992_11.194055579801992_8.82539956842_11.1790836584.png,Kano,20-30
8.853432509143984_11.106995247201992_8.82348866634_11.0920233258.png,Kano,20-30
8.855343411223984_11.194055579801992_8.82539956842_11.1790836584.png,Kano,20-30
8.855343411223984_11.223999422605976_8.82539956842_11.1790836584.png,Kano,20-30
8.868404430545976_11.136939090005976_8.82348866634_11.0920233258.png,Kano,20-30
8.870315332625976_11.209027501203984_8.82539956842_11.1790836584.png,Kano,20-30
8.870315332625976_11.223999422605976_8.82539956842_11.1790836584.png,Kano,20-30
8.914455213754024_12.124370220796015_8.95937097796_12.1543140636.png,Kano,20-30
8.91933408516402_11.329850952194025_8.964249849369997_11.374766716400002.png,Kano,20-30
8.919920130812908_12.171695812514228_8.95937097796_12.1543140636.png,Kano,20-30
8.925177032244024_11.758084045796014_8.97009279645_11.788027888599999.png,Kano,20-30
8.925177032244024_11.773055967198006_8.97009279645_11.788027888599999.png,Kano,20-30
8.925177032244024_11.788027888599999_8.97009279645_11.788027888599999.png,Kano,20-30
8.929427135156017_12.1543140636_8.95937097796_12.1543140636.png,Kano,20-30
8.934306006566013_11.35979479499801_8.964249849369997_11.374766716400002.png,Kano,20-30
8.934306006566013_11.374766716400002_8.964249849369997_11.374766716400002.png,Kano,20-30
8.940148953646016_11.743112124394022_8.97009279645_11.788027888599999.png,Kano,20-30
8.949277927968005_11.329850952194025_8.964249849369997_11.374766716400002.png,Kano,20-30
8.949277927968005_11.404710559203986_8.964249849369997_11.374766716400002.png,Kano,20-30
8.955120875048008_11.743112124394022_8.97009279645_11.788027888599999.png,Kano,20-30
8.955120875048008_11.773055967198006_8.97009279645_11.788027888599999.png,Kano,20-30
8.955120875048008_11.788027888599999_8.97009279645_11.788027888599999.png,Kano,20-30
8.964249849369997_11.35979479499801_8.964249849369997_11.374766716400002.png,Kano,20-30
8.964249849369997_11.389738637801994_8.964249849369997_11.374766716400002.png,Kano,20-30
8.964249849369997_11.419682480605978_8.964249849369997_11.374766716400002.png,Kano,20-30
8.97009279645_11.817971731403983_8.97009279645_11.788027888599999.png,Kano,20-30
8.97299116821909_11.418485165625635_8.964249849369997_11.374766716400002.png,Kano,20-30
8.97922177077199_11.35979479499801_8.964249849369997_11.374766716400002.png,Kano,20-30
8.985064717851992_11.743112124394022_8.97009279645_11.788027888599999.png,Kano,20-30
8.985064717851992_11.773055967198006_8.97009279645_11.788027888599999.png,Kano,20-30
8.985064717851992_11.80299981000199_8.97009279645_11.788027888599999.png,Kano,20-30
8.985064717851992_11.817971731403983_8.97009279645_11.788027888599999.png,Kano,20-30
8.994193692173981_11.389738637801994_8.964249849369997_11.374766716400002.png,Kano,20-30
8.999401594485107_11.371964190183148_8.964249849369997_11.374766716400002.png,Kano,20-30
9.009165613575973_11.374766716400002_8.964249849369997_11.374766716400002.png,Kano,20-30
9.019073418954024_11.650091797694024_9.06398918316_11.6950075619.png,Kano,20-30
9.019073418954024_11.680035640498009_9.06398918316_11.6950075619.png,Kano,20-30
9.019073418954024_11.739923326105977_9.06398918316_11.6950075619.png,Kano,20-30
9.023212587165368_11.727979592272058_9.06398918316_11.6950075619.png,Kano,20-30
9.034045340356016_11.739923326105977_9.06398918316_11.6950075619.png,Kano,20-30
9.038865579846517_11.656143988414824_9.06398918316_11.6950075619.png,Kano,20-30
9.049017261758008_11.650091797694024_9.06398918316_11.6950075619.png,Kano,20-30
9.049017261758008_11.665063719096016_9.06398918316_11.6950075619.png,Kano,20-30
9.06398918316_11.650091797694024_9.06398918316_11.6950075619.png,Kano,20-30
9.06398918316_11.665063719096016_9.06398918316_11.6950075619.png,Kano,20-30
9.078961104561992_11.6950075619_9.06398918316_11.6950075619.png,Kano,20-30
9.093933025963985_11.680035640498009_9.06398918316_11.6950075619.png,Kano,20-30
9.108904947365977_11.650091797694024_9.06398918316_11.6950075619.png,Kano,20-30
9.108904947365977_11.6950075619_9.06398918316_11.6950075619.png,Kano,20-30
9.196253216394023_11.610631016998006_9.2411689806_11.625602938399998.png,Kano,20-30
9.196253216394023_11.655546781203983_9.2411689806_11.625602938399998.png,Kano,20-30
9.211225137796015_11.595659095596014_9.2411689806_11.625602938399998.png,Kano,20-30
9.226197059198007_11.580687174194022_9.2411689806_11.625602938399998.png,Kano,20-30
9.226197059198007_11.625602938399998_9.2411689806_11.625602938399998.png,Kano,20-30
9.226197059198007_11.670518702605975_9.2411689806_11.625602938399998.png,Kano,20-30
9.2411689806_11.580687174194022_9.2411689806_11.625602938399998.png,Kano,20-30
9.2411689806_11.625602938399998_9.2411689806_11.625602938399998.png,Kano,20-30
9.2411689806_11.655546781203983_9.2411689806_11.625602938399998.png,Kano,20-30
9.271112823403984_11.580687174194022_9.2411689806_11.625602938399998.png,Kano,20-30
9.271112823403984_11.610631016998006_9.2411689806_11.625602938399998.png,Kano,20-30
7.786390425814022_6.626007967466016_7.8313061900199985_6.65595181027.png,Ebonyi,30-40
7.801362347216014_6.626007967466016_7.8313061900199985_6.65595181027.png,Ebonyi,30-40
7.816334268618006_6.626007967466016_7.8313061900199985_6.65595181027.png,Ebonyi,30-40
7.872328893934022_5.727196754504023_7.917244658139999_5.772112518709999.png,Ebonyi,30-40
7.8873008153360145_5.772112518709999_7.917244658139999_5.772112518709999.png,Ebonyi,30-40
7.8873008153360145_5.8020563615139835_7.917244658139999_5.772112518709999.png,Ebonyi,30-40
7.902272736738007_5.817028282915976_7.917244658139999_5.772112518709999.png,Ebonyi,30-40
7.932216579541991_5.8020563615139835_7.917244658139999_5.772112518709999.png,Ebonyi,30-40
7.932216579541991_5.817028282915976_7.917244658139999_5.772112518709999.png,Ebonyi,30-40
7.935694445134023_5.942045196904023_7.980610209339999_5.986960961109999.png,Ebonyi,30-40
7.935694445134023_5.957017118306015_7.980610209339999_5.986960961109999.png,Ebonyi,30-40
7.935694445134023_6.016904803913984_7.980610209339999_5.986960961109999.png,Ebonyi,30-40
7.935694445134023_6.031876725315976_7.980610209339999_5.986960961109999.png,Ebonyi,30-40
7.965638287938007_5.942045196904023_7.980610209339999_5.986960961109999.png,Ebonyi,30-40
7.980610209339998_5.957017118306015_7.980610209339999_5.986960961109999.png,Ebonyi,30-40
7.980610209339998_5.986960961109999_7.980610209339999_5.986960961109999.png,Ebonyi,30-40
7.99558213074199_6.0019328825119915_7.980610209339999_5.986960961109999.png,Ebonyi,30-40
7.99558213074199_6.031876725315976_7.980610209339999_5.986960961109999.png,Ebonyi,30-40
8.010554052143982_6.031876725315976_7.980610209339999_5.986960961109999.png,Ebonyi,30-40
7.816334268618006_6.640979888868008_7.8313061900199985_6.65595181027.png,Benue,30-40
7.816334268618006_6.65595181027_7.8313061900199985_6.65595181027.png,Benue,30-40
7.8313061900199985_6.6709237316719925_7.8313061900199985_6.65595181027.png,Benue,30-40
7.8313061900199985_6.685895653073985_7.8313061900199985_6.65595181027.png,Benue,30-40
7.861250032823983_6.626007967466016_7.8313061900199985_6.65595181027.png,Benue,30-40
7.861250032823983_6.65595181027_7.8313061900199985_6.65595181027.png,Benue,30-40
7.876221954225975_6.6709237316719925_7.8313061900199985_6.65595181027.png,Benue,30-40
7.903032183864022_7.804684868474023_7.947947948069999_7.84960063268.png,Benue,30-40
7.903032183864022_7.84960063268_7.947947948069999_7.84960063268.png,Benue,30-40
7.9329760266680065_7.84960063268_7.947947948069999_7.84960063268.png,Benue,30-40
7.947947948069999_7.804684868474023_7.947947948069999_7.84960063268.png,Benue,30-40
7.947947948069999_7.84960063268_7.947947948069999_7.84960063268.png,Benue,30-40
7.962919869471991_7.84960063268_7.947947948069999_7.84960063268.png,Benue,30-40
7.977891790873983_7.864572554081992_7.947947948069999_7.84960063268.png,Benue,30-40
7.977891790873983_7.879544475483984_7.947947948069999_7.84960063268.png,Benue,30-40
7.992863712275975_7.804684868474023_7.947947948069999_7.84960063268.png,Benue,30-40
7.992863712275975_7.84960063268_7.947947948069999_7.84960063268.png,Benue,30-40
7.992863712275975_7.864572554081992_7.947947948069999_7.84960063268.png,Benue,30-40
7.992863712275975_7.879544475483984_7.947947948069999_7.84960063268.png,Benue,30-40
8.040287547154024_6.8124399973319925_8.08520331136_6.79746807593.png,Benue,30-40
8.055259468556017_6.79746807593_8.08520331136_6.79746807593.png,Benue,30-40
8.055259468556017_6.827411918733985_8.08520331136_6.79746807593.png,Benue,30-40
8.070231389958009_6.752552311724024_8.08520331136_6.79746807593.png,Benue,30-40
8.08520331136_6.827411918733985_8.08520331136_6.79746807593.png,Benue,30-40
8.100175232761993_6.827411918733985_8.08520331136_6.79746807593.png,Benue,30-40
8.115147154163985_6.767524233126016_8.08520331136_6.79746807593.png,Benue,30-40
8.115147154163985_6.79746807593_8.08520331136_6.79746807593.png,Benue,30-40
8.115147154163985_6.827411918733985_8.08520331136_6.79746807593.png,Benue,30-40
8.115147154163985_6.842383840135977_8.08520331136_6.79746807593.png,Benue,30-40
8.126992985194024_6.903032529798008_8.1719087494_6.9180044512.png,Benue,30-40
8.126992985194024_6.947948294003984_8.1719087494_6.9180044512.png,Benue,30-40
8.130119075565977_6.767524233126016_8.08520331136_6.79746807593.png,Benue,30-40
8.130119075565977_6.782496154528008_8.08520331136_6.79746807593.png,Benue,30-40
8.141964906596016_6.903032529798008_8.1719087494_6.9180044512.png,Benue,30-40
8.141964906596016_6.9180044512_8.1719087494_6.9180044512.png,Benue,30-40
8.156936827998008_6.903032529798008_8.1719087494_6.9180044512.png,Benue,30-40
8.156936827998008_6.9180044512_8.1719087494_6.9180044512.png,Benue,30-40
8.1719087494_6.903032529798008_8.1719087494_6.9180044512.png,Benue,30-40
8.1719087494_6.9180044512_8.1719087494_6.9180044512.png,Benue,30-40
8.186880670801992_6.9180044512_8.1719087494_6.9180044512.png,Benue,30-40
8.201852592203984_6.962920215405976_8.1719087494_6.9180044512.png,Benue,30-40
8.216824513605976_6.903032529798008_8.1719087494_6.9180044512.png,Benue,30-40
8.216824513605976_6.932976372601992_8.1719087494_6.9180044512.png,Benue,30-40
8.216824513605976_6.947948294003984_8.1719087494_6.9180044512.png,Benue,30-40
8.481971680174027_7.536265716418007_8.526887444380003_7.551237637819999.png,Benue,30-40
8.481971680174027_7.581181480623983_8.526887444380003_7.551237637819999.png,Benue,30-40
8.49694360157602_7.506321873614023_8.526887444380003_7.551237637819999.png,Benue,30-40
8.49694360157602_7.581181480623983_8.526887444380003_7.551237637819999.png,Benue,30-40
8.511915522978011_7.566209559221991_8.526887444380003_7.551237637819999.png,Benue,30-40
8.526887444380003_7.536265716418007_8.526887444380003_7.551237637819999.png,Benue,30-40
8.526887444380003_7.596153402025975_8.526887444380003_7.551237637819999.png,Benue,30-40
8.541859365781995_7.566209559221991_8.526887444380003_7.551237637819999.png,Benue,30-40
8.541859365781995_7.581181480623983_8.526887444380003_7.551237637819999.png,Benue,30-40
8.556831287183988_7.566209559221991_8.526887444380003_7.551237637819999.png,Benue,30-40
8.556831287183988_7.596153402025975_8.526887444380003_7.551237637819999.png,Benue,30-40
8.57180320858598_7.536265716418007_8.526887444380003_7.551237637819999.png,Benue,30-40
8.57180320858598_7.566209559221991_8.526887444380003_7.551237637819999.png,Benue,30-40
8.597597229398009_8.101423874168008_8.6125691508_8.11639579557.png,Benue,30-40
8.615671562303463_8.107617781715772_8.6125691508_8.11639579557.png,Benue,30-40
8.627541072201993_8.086451952766016_8.6125691508_8.11639579557.png,Benue,30-40
8.657484915005977_8.071480031364024_8.6125691508_8.11639579557.png,Benue,30-40
8.657484915005977_8.101423874168008_8.6125691508_8.11639579557.png,Benue,30-40
8.911292005624023_7.238528392574024_8.95620776983_7.28344415678.png,Benue,30-40
8.911292005624023_7.253500313976016_8.95620776983_7.28344415678.png,Benue,30-40
8.911292005624023_7.268472235378008_8.95620776983_7.28344415678.png,Benue,30-40
8.911292005624023_7.28344415678_8.95620776983_7.28344415678.png,Benue,30-40
8.911292005624023_7.298416078181992_8.95620776983_7.28344415678.png,Benue,30-40
8.911292005624023_7.313387999583984_8.95620776983_7.28344415678.png,Benue,30-40
8.911292005624023_7.328359920985976_8.95620776983_7.28344415678.png,Benue,30-40
8.913869204586016_7.6631243380299985_8.94381304739_7.6631243380299985.png,Benue,30-40
8.926263927026016_7.238528392574024_8.95620776983_7.28344415678.png,Benue,30-40
8.926263927026016_7.253500313976016_8.95620776983_7.28344415678.png,Benue,30-40
8.926263927026016_7.268472235378008_8.95620776983_7.28344415678.png,Benue,30-40
8.926263927026016_7.28344415678_8.95620776983_7.28344415678.png,Benue,30-40
8.926263927026016_7.298416078181992_8.95620776983_7.28344415678.png,Benue,30-40
8.926263927026016_7.313387999583984_8.95620776983_7.28344415678.png,Benue,30-40
8.926263927026016_7.328359920985976_8.95620776983_7.28344415678.png,Benue,30-40
8.932990623577957_7.306446104250402_8.95620776983_7.28344415678.png,Benue,30-40
8.933077904922502_7.249312973957229_8.95620776983_7.28344415678.png,Benue,30-40
8.936419928094024_7.515745921944023_8.9813356923_7.56066168615.png,Benue,30-40
8.936419928094024_7.530717843346015_8.9813356923_7.56066168615.png,Benue,30-40
8.936419928094024_7.5456897647480075_8.9813356923_7.56066168615.png,Benue,30-40
8.936419928094024_7.56066168615_8.9813356923_7.56066168615.png,Benue,30-40
8.936419928094024_7.575633607551992_8.9813356923_7.56066168615.png,Benue,30-40
8.936419928094024_7.590605528953984_8.9813356923_7.56066168615.png,Benue,30-40
8.936419928094024_7.605577450355976_8.9813356923_7.56066168615.png,Benue,30-40
8.941235848428008_7.238528392574024_8.95620776983_7.28344415678.png,Benue,30-40
8.941235848428008_7.253500313976016_8.95620776983_7.28344415678.png,Benue,30-40
8.941235848428008_7.268472235378008_8.95620776983_7.28344415678.png,Benue,30-40
8.941235848428008_7.28344415678_8.95620776983_7.28344415678.png,Benue,30-40
8.941235848428008_7.298416078181992_8.95620776983_7.28344415678.png,Benue,30-40
8.941235848428008_7.313387999583984_8.95620776983_7.28344415678.png,Benue,30-40
8.941235848428008_7.328359920985976_8.95620776983_7.28344415678.png,Benue,30-40
8.942676111274725_7.6668007401364315_8.94381304739_7.6631243380299985.png,Benue,30-40
8.94381304739_7.618208573824022_8.94381304739_7.6631243380299985.png,Benue,30-40
8.94381304739_7.633180495226014_8.94381304739_7.6631243380299985.png,Benue,30-40
8.94381304739_7.648152416628006_8.94381304739_7.6631243380299985.png,Benue,30-40
8.94381304739_7.6631243380299985_8.94381304739_7.6631243380299985.png,Benue,30-40
8.951391849496016_7.515745921944023_8.9813356923_7.56066168615.png,Benue,30-40
8.951391849496016_7.530717843346015_8.9813356923_7.56066168615.png,Benue,30-40
8.951391849496016_7.5456897647480075_8.9813356923_7.56066168615.png,Benue,30-40
8.951391849496016_7.56066168615_8.9813356923_7.56066168615.png,Benue,30-40
8.951391849496016_7.575633607551992_8.9813356923_7.56066168615.png,Benue,30-40
8.951391849496016_7.590605528953984_8.9813356923_7.56066168615.png,Benue,30-40
8.951391849496016_7.605577450355976_8.9813356923_7.56066168615.png,Benue,30-40
8.95620776983_7.238528392574024_8.95620776983_7.28344415678.png,Benue,30-40
8.95620776983_7.253500313976016_8.95620776983_7.28344415678.png,Benue,30-40
8.95620776983_7.268472235378008_8.95620776983_7.28344415678.png,Benue,30-40
8.95620776983_7.28344415678_8.95620776983_7.28344415678.png,Benue,30-40
8.95620776983_7.298416078181992_8.95620776983_7.28344415678.png,Benue,30-40
8.95620776983_7.313387999583984_8.95620776983_7.28344415678.png,Benue,30-40
8.95620776983_7.328359920985976_8.95620776983_7.28344415678.png,Benue,30-40
8.958784968791992_7.678096259431991_8.94381304739_7.6631243380299985.png,Benue,30-40
8.966363770898008_7.515745921944023_8.9813356923_7.56066168615.png,Benue,30-40
8.966363770898008_7.530717843346015_8.9813356923_7.56066168615.png,Benue,30-40
8.966363770898008_7.5456897647480075_8.9813356923_7.56066168615.png,Benue,30-40
8.966363770898008_7.56066168615_8.9813356923_7.56066168615.png,Benue,30-40
8.966363770898008_7.575633607551992_8.9813356923_7.56066168615.png,Benue,30-40
8.966363770898008_7.590605528953984_8.9813356923_7.56066168615.png,Benue,30-40
8.966363770898008_7.605577450355976_8.9813356923_7.56066168615.png,Benue,30-40
8.97096699591316_7.675759194277303_8.94381304739_7.6631243380299985.png,Benue,30-40
8.971179691231992_7.238528392574024_8.95620776983_7.28344415678.png,Benue,30-40
8.971179691231992_7.253500313976016_8.95620776983_7.28344415678.png,Benue,30-40
8.971179691231992_7.268472235378008_8.95620776983_7.28344415678.png,Benue,30-40
8.971179691231992_7.28344415678_8.95620776983_7.28344415678.png,Benue,30-40
8.971179691231992_7.298416078181992_8.95620776983_7.28344415678.png,Benue,30-40
8.971179691231992_7.313387999583984_8.95620776983_7.28344415678.png,Benue,30-40
8.971179691231992_7.328359920985976_8.95620776983_7.28344415678.png,Benue,30-40
8.973756890193984_7.6631243380299985_8.94381304739_7.6631243380299985.png,Benue,30-40
8.979240246665244_7.578388548854077_8.9813356923_7.56066168615.png,Benue,30-40
8.9813356923_7.515745921944023_8.9813356923_7.56066168615.png,Benue,30-40
8.9813356923_7.530717843346015_8.9813356923_7.56066168615.png,Benue,30-40
8.9813356923_7.5456897647480075_8.9813356923_7.56066168615.png,Benue,30-40
8.9813356923_7.575633607551992_8.9813356923_7.56066168615.png,Benue,30-40
8.9813356923_7.590605528953984_8.9813356923_7.56066168615.png,Benue,30-40
8.9813356923_7.605577450355976_8.9813356923_7.56066168615.png,Benue,30-40
8.986151612633984_7.238528392574024_8.95620776983_7.28344415678.png,Benue,30-40
8.986151612633984_7.253500313976016_8.95620776983_7.28344415678.png,Benue,30-40
8.986151612633984_7.268472235378008_8.95620776983_7.28344415678.png,Benue,30-40
8.986151612633984_7.28344415678_8.95620776983_7.28344415678.png,Benue,30-40
8.986151612633984_7.298416078181992_8.95620776983_7.28344415678.png,Benue,30-40
8.986151612633984_7.313387999583984_8.95620776983_7.28344415678.png,Benue,30-40
8.986151612633984_7.328359920985976_8.95620776983_7.28344415678.png,Benue,30-40
8.988728811595976_7.633180495226014_8.94381304739_7.6631243380299985.png,Benue,30-40
8.988728811595976_7.648152416628006_8.94381304739_7.6631243380299985.png,Benue,30-40
8.988728811595976_7.6631243380299985_8.94381304739_7.6631243380299985.png,Benue,30-40
8.988728811595976_7.693068180833983_8.94381304739_7.6631243380299985.png,Benue,30-40
8.989370456844023_7.533274030924024_9.03428622105_7.57818979513.png,Benue,30-40
8.989370456844023_7.548245952326016_9.03428622105_7.57818979513.png,Benue,30-40
8.989370456844023_7.563217873728008_9.03428622105_7.57818979513.png,Benue,30-40
8.989370456844023_7.57818979513_9.03428622105_7.57818979513.png,Benue,30-40
8.989370456844023_7.593161716531992_9.03428622105_7.57818979513.png,Benue,30-40
8.989370456844023_7.608133637933984_9.03428622105_7.57818979513.png,Benue,30-40
8.989370456844023_7.6231055593359764_9.03428622105_7.57818979513.png,Benue,30-40
8.996307613701992_7.515745921944023_8.9813356923_7.56066168615.png,Benue,30-40
8.996307613701992_7.530717843346015_8.9813356923_7.56066168615.png,Benue,30-40
8.996307613701992_7.5456897647480075_8.9813356923_7.56066168615.png,Benue,30-40
8.996307613701992_7.56066168615_8.9813356923_7.56066168615.png,Benue,30-40
8.996307613701992_7.575633607551992_8.9813356923_7.56066168615.png,Benue,30-40
8.996307613701992_7.590605528953984_8.9813356923_7.56066168615.png,Benue,30-40
8.996307613701992_7.605577450355976_8.9813356923_7.56066168615.png,Benue,30-40
8.998136974320632_7.596524500073655_8.9813356923_7.56066168615.png,Benue,30-40
8.998188951162588_7.533923944915363_9.03428622105_7.57818979513.png,Benue,30-40
9.001123534035976_7.238528392574024_8.95620776983_7.28344415678.png,Benue,30-40
9.001123534035976_7.253500313976016_8.95620776983_7.28344415678.png,Benue,30-40
9.001123534035976_7.268472235378008_8.95620776983_7.28344415678.png,Benue,30-40
9.001123534035976_7.28344415678_8.95620776983_7.28344415678.png,Benue,30-40
9.001123534035976_7.298416078181992_8.95620776983_7.28344415678.png,Benue,30-40
9.001123534035976_7.313387999583984_8.95620776983_7.28344415678.png,Benue,30-40
9.001123534035976_7.328359920985976_8.95620776983_7.28344415678.png,Benue,30-40
9.004342378246015_7.533274030924024_9.03428622105_7.57818979513.png,Benue,30-40
9.004342378246015_7.548245952326016_9.03428622105_7.57818979513.png,Benue,30-40
9.004342378246015_7.563217873728008_9.03428622105_7.57818979513.png,Benue,30-40
9.004342378246015_7.57818979513_9.03428622105_7.57818979513.png,Benue,30-40
9.004342378246015_7.593161716531992_9.03428622105_7.57818979513.png,Benue,30-40
9.004342378246015_7.608133637933984_9.03428622105_7.57818979513.png,Benue,30-40
9.004342378246015_7.6231055593359764_9.03428622105_7.57818979513.png,Benue,30-40
9.011279535103984_7.515745921944023_8.9813356923_7.56066168615.png,Benue,30-40
9.011279535103984_7.530717843346015_8.9813356923_7.56066168615.png,Benue,30-40
9.011279535103984_7.5456897647480075_8.9813356923_7.56066168615.png,Benue,30-40
9.011279535103984_7.56066168615_8.9813356923_7.56066168615.png,Benue,30-40
9.011279535103984_7.575633607551992_8.9813356923_7.56066168615.png,Benue,30-40
9.011279535103984_7.590605528953984_8.9813356923_7.56066168615.png,Benue,30-40
9.011279535103984_7.605577450355976_8.9813356923_7.56066168615.png,Benue,30-40
9.019314299648007_7.533274030924024_9.03428622105_7.57818979513.png,Benue,30-40
9.019314299648007_7.548245952326016_9.03428622105_7.57818979513.png,Benue,30-40
9.019314299648007_7.563217873728008_9.03428622105_7.57818979513.png,Benue,30-40
9.019314299648007_7.57818979513_9.03428622105_7.57818979513.png,Benue,30-40
9.019314299648007_7.593161716531992_9.03428622105_7.57818979513.png,Benue,30-40
9.019314299648007_7.608133637933984_9.03428622105_7.57818979513.png,Benue,30-40
9.019314299648007_7.6231055593359764_9.03428622105_7.57818979513.png,Benue,30-40
9.026251456505976_7.515745921944023_8.9813356923_7.56066168615.png,Benue,30-40
9.026251456505976_7.530717843346015_8.9813356923_7.56066168615.png,Benue,30-40
9.026251456505976_7.5456897647480075_8.9813356923_7.56066168615.png,Benue,30-40
9.026251456505976_7.56066168615_8.9813356923_7.56066168615.png,Benue,30-40
9.026251456505976_7.575633607551992_8.9813356923_7.56066168615.png,Benue,30-40
9.026251456505976_7.590605528953984_8.9813356923_7.56066168615.png,Benue,30-40
9.026251456505976_7.605577450355976_8.9813356923_7.56066168615.png,Benue,30-40
9.03428622105_7.533274030924024_9.03428622105_7.57818979513.png,Benue,30-40
9.03428622105_7.548245952326016_9.03428622105_7.57818979513.png,Benue,30-40
9.03428622105_7.563217873728008_9.03428622105_7.57818979513.png,Benue,30-40
9.03428622105_7.57818979513_9.03428622105_7.57818979513.png,Benue,30-40
9.03428622105_7.593161716531992_9.03428622105_7.57818979513.png,Benue,30-40
9.03428622105_7.608133637933984_9.03428622105_7.57818979513.png,Benue,30-40
9.03428622105_7.6231055593359764_9.03428622105_7.57818979513.png,Benue,30-40
9.043251301404023_7.330425707561993_9.08816706561_7.315453786160001.png,Benue,30-40
9.043251301404023_7.360369550365977_9.08816706561_7.315453786160001.png,Benue,30-40
9.047200493543647_7.5891965323134105_9.03428622105_7.57818979513.png,Benue,30-40
9.049258142451992_7.533274030924024_9.03428622105_7.57818979513.png,Benue,30-40
9.049258142451992_7.548245952326016_9.03428622105_7.57818979513.png,Benue,30-40
9.049258142451992_7.563217873728008_9.03428622105_7.57818979513.png,Benue,30-40
9.049258142451992_7.57818979513_9.03428622105_7.57818979513.png,Benue,30-40
9.049258142451992_7.593161716531992_9.03428622105_7.57818979513.png,Benue,30-40
9.049258142451992_7.608133637933984_9.03428622105_7.57818979513.png,Benue,30-40
9.049258142451992_7.6231055593359764_9.03428622105_7.57818979513.png,Benue,30-40
9.054225902184024_7.264678773478008_9.09914166639_7.27965069488.png,Benue,30-40
9.056280229316016_7.268745738034023_9.08622407212_7.31366150224.png,Benue,30-40
9.058223222806015_7.315453786160001_9.08816706561_7.315453786160001.png,Benue,30-40
9.058223222806015_7.360369550365977_9.08816706561_7.315453786160001.png,Benue,30-40
9.060199061113481_7.3027581559776795_9.08622407212_7.31366150224.png,Benue,30-40
9.064230063853984_7.533274030924024_9.03428622105_7.57818979513.png,Benue,30-40
9.064230063853984_7.548245952326016_9.03428622105_7.57818979513.png,Benue,30-40
9.064230063853984_7.563217873728008_9.03428622105_7.57818979513.png,Benue,30-40
9.064230063853984_7.57818979513_9.03428622105_7.57818979513.png,Benue,30-40
9.064230063853984_7.593161716531992_9.03428622105_7.57818979513.png,Benue,30-40
9.064230063853984_7.608133637933984_9.03428622105_7.57818979513.png,Benue,30-40
9.064230063853984_7.6231055593359764_9.03428622105_7.57818979513.png,Benue,30-40
9.068210920242027_7.309332825867306_9.08622407212_7.31366150224.png,Benue,30-40
9.071252150718008_7.268745738034023_9.08622407212_7.31366150224.png,Benue,30-40
9.073195144208007_7.330425707561993_9.08816706561_7.315453786160001.png,Benue,30-40
9.073195144208007_7.345397628963985_9.08816706561_7.315453786160001.png,Benue,30-40
9.079201985255976_7.533274030924024_9.03428622105_7.57818979513.png,Benue,30-40
9.079201985255976_7.548245952326016_9.03428622105_7.57818979513.png,Benue,30-40
9.079201985255976_7.563217873728008_9.03428622105_7.57818979513.png,Benue,30-40
9.079201985255976_7.57818979513_9.03428622105_7.57818979513.png,Benue,30-40
9.079201985255976_7.593161716531992_9.03428622105_7.57818979513.png,Benue,30-40
9.079201985255976_7.608133637933984_9.03428622105_7.57818979513.png,Benue,30-40
9.079201985255976_7.6231055593359764_9.03428622105_7.57818979513.png,Benue,30-40
9.084169744988008_7.324566459085976_9.09914166639_7.27965069488.png,Benue,30-40
9.08622407212_7.283717659436015_9.08622407212_7.31366150224.png,Benue,30-40
9.08622407212_7.328633423641992_9.08622407212_7.31366150224.png,Benue,30-40
9.093457398874024_7.244812127433984_9.13837316308_7.21486828463.png,Benue,30-40
9.093457398874024_7.259784048835976_9.13837316308_7.21486828463.png,Benue,30-40
9.09914166639_7.234734930674024_9.09914166639_7.27965069488.png,Benue,30-40
9.09914166639_7.294622616281992_9.09914166639_7.27965069488.png,Benue,30-40
9.09914166639_7.324566459085976_9.09914166639_7.27965069488.png,Benue,30-40
9.101195993521992_7.328633423641992_9.08622407212_7.31366150224.png,Benue,30-40
9.101195993521992_7.358577266445976_9.08622407212_7.31366150224.png,Benue,30-40
9.103138987011992_7.300481864758009_9.08816706561_7.315453786160001.png,Benue,30-40
9.103138987011992_7.330425707561993_9.08816706561_7.315453786160001.png,Benue,30-40
9.103138987011992_7.345397628963985_9.08816706561_7.315453786160001.png,Benue,30-40
9.103138987011992_7.360369550365977_9.08816706561_7.315453786160001.png,Benue,30-40
9.104275326234024_7.311649266304025_9.14919109044_7.356565030510001.png,Benue,30-40
9.104275326234024_7.326621187706017_9.14919109044_7.356565030510001.png,Benue,30-40
9.104275326234024_7.341593109108009_9.14919109044_7.356565030510001.png,Benue,30-40
9.104275326234024_7.356565030510001_9.14919109044_7.356565030510001.png,Benue,30-40
9.104275326234024_7.3715369519119935_9.14919109044_7.356565030510001.png,Benue,30-40
9.104275326234024_7.386508873313986_9.14919109044_7.356565030510001.png,Benue,30-40
9.104275326234024_7.401480794715978_9.14919109044_7.356565030510001.png,Benue,30-40
9.112004748943415_7.275715336231705_9.09914166639_7.27965069488.png,Benue,30-40
9.11382819361517_7.348915828291578_9.14919109044_7.356565030510001.png,Benue,30-40
9.114113587791993_7.309594537683984_9.09914166639_7.27965069488.png,Benue,30-40
9.116167914923984_7.2986895808380075_9.08622407212_7.31366150224.png,Benue,30-40
9.116167914923984_7.328633423641992_9.08622407212_7.31366150224.png,Benue,30-40
9.116167914923984_7.343605345043984_9.08622407212_7.31366150224.png,Benue,30-40
9.119247247636016_7.311649266304025_9.14919109044_7.356565030510001.png,Benue,30-40
9.119247247636016_7.326621187706017_9.14919109044_7.356565030510001.png,Benue,30-40
9.119247247636016_7.341593109108009_9.14919109044_7.356565030510001.png,Benue,30-40
9.119247247636016_7.356565030510001_9.14919109044_7.356565030510001.png,Benue,30-40
9.119247247636016_7.3715369519119935_9.14919109044_7.356565030510001.png,Benue,30-40
9.119247247636016_7.386508873313986_9.14919109044_7.356565030510001.png,Benue,30-40
9.119247247636016_7.401480794715978_9.14919109044_7.356565030510001.png,Benue,30-40
9.123401241678009_7.184924441826015_9.13837316308_7.21486828463.png,Benue,30-40
9.123401241678009_7.229840206031992_9.13837316308_7.21486828463.png,Benue,30-40
9.129085509193985_7.249706852076016_9.09914166639_7.27965069488.png,Benue,30-40
9.129085509193985_7.309594537683984_9.09914166639_7.27965069488.png,Benue,30-40
9.129085509193985_7.324566459085976_9.09914166639_7.27965069488.png,Benue,30-40
9.131139836325977_7.2986895808380075_9.08622407212_7.31366150224.png,Benue,30-40
9.131139836325977_7.343605345043984_9.08622407212_7.31366150224.png,Benue,30-40
9.133082829815976_7.2705380219540245_9.08816706561_7.315453786160001.png,Benue,30-40
9.133082829815976_7.345397628963985_9.08816706561_7.315453786160001.png,Benue,30-40
9.134219169038008_7.311649266304025_9.14919109044_7.356565030510001.png,Benue,30-40
9.134219169038008_7.326621187706017_9.14919109044_7.356565030510001.png,Benue,30-40
9.134219169038008_7.341593109108009_9.14919109044_7.356565030510001.png,Benue,30-40
9.134219169038008_7.356565030510001_9.14919109044_7.356565030510001.png,Benue,30-40
9.134219169038008_7.3715369519119935_9.14919109044_7.356565030510001.png,Benue,30-40
9.134219169038008_7.386508873313986_9.14919109044_7.356565030510001.png,Benue,30-40
9.134219169038008_7.401480794715978_9.14919109044_7.356565030510001.png,Benue,30-40
9.13837316308_7.184924441826015_9.13837316308_7.21486828463.png,Benue,30-40
9.144057430595977_7.264678773478008_9.09914166639_7.27965069488.png,Benue,30-40
9.144057430595977_7.294622616281992_9.09914166639_7.27965069488.png,Benue,30-40
9.14919109044_7.311649266304025_9.14919109044_7.356565030510001.png,Benue,30-40
9.14919109044_7.326621187706017_9.14919109044_7.356565030510001.png,Benue,30-40
9.14919109044_7.341593109108009_9.14919109044_7.356565030510001.png,Benue,30-40
9.14919109044_7.356565030510001_9.14919109044_7.356565030510001.png,Benue,30-40
9.14919109044_7.3715369519119935_9.14919109044_7.356565030510001.png,Benue,30-40
9.14919109044_7.386508873313986_9.14919109044_7.356565030510001.png,Benue,30-40
9.14919109044_7.401480794715978_9.14919109044_7.356565030510001.png,Benue,30-40
9.153345084481993_7.184924441826015_9.13837316308_7.21486828463.png,Benue,30-40
9.153345084481993_7.244812127433984_9.13837316308_7.21486828463.png,Benue,30-40
9.154630848974024_7.165079577694025_9.19954661318_7.209995341900001.png,Benue,30-40
9.154630848974024_7.195023420498009_9.19954661318_7.209995341900001.png,Benue,30-40
9.154630848974024_7.254911106105977_9.19954661318_7.209995341900001.png,Benue,30-40
9.164163011841993_7.311649266304025_9.14919109044_7.356565030510001.png,Benue,30-40
9.164163011841993_7.326621187706017_9.14919109044_7.356565030510001.png,Benue,30-40
9.164163011841993_7.341593109108009_9.14919109044_7.356565030510001.png,Benue,30-40
9.164163011841993_7.356565030510001_9.14919109044_7.356565030510001.png,Benue,30-40
9.164163011841993_7.3715369519119935_9.14919109044_7.356565030510001.png,Benue,30-40
9.164163011841993_7.386508873313986_9.14919109044_7.356565030510001.png,Benue,30-40
9.164163011841993_7.401480794715978_9.14919109044_7.356565030510001.png,Benue,30-40
9.168317005883985_7.169952520424023_9.13837316308_7.21486828463.png,Benue,30-40
9.168317005883985_7.184924441826015_9.13837316308_7.21486828463.png,Benue,30-40
9.168317005883985_7.229840206031992_9.13837316308_7.21486828463.png,Benue,30-40
9.168317005883985_7.259784048835976_9.13837316308_7.21486828463.png,Benue,30-40
9.169602770376017_7.195023420498009_9.19954661318_7.209995341900001.png,Benue,30-40
9.169602770376017_7.254911106105977_9.19954661318_7.209995341900001.png,Benue,30-40
9.179134933243985_7.311649266304025_9.14919109044_7.356565030510001.png,Benue,30-40
9.179134933243985_7.326621187706017_9.14919109044_7.356565030510001.png,Benue,30-40
9.179134933243985_7.341593109108009_9.14919109044_7.356565030510001.png,Benue,30-40
9.179134933243985_7.356565030510001_9.14919109044_7.356565030510001.png,Benue,30-40
9.179134933243985_7.3715369519119935_9.14919109044_7.356565030510001.png,Benue,30-40
9.179134933243985_7.386508873313986_9.14919109044_7.356565030510001.png,Benue,30-40
9.179134933243985_7.401480794715978_9.14919109044_7.356565030510001.png,Benue,30-40
9.183288927285977_7.169952520424023_9.13837316308_7.21486828463.png,Benue,30-40
9.186082854044384_7.390523647714928_9.14919109044_7.356565030510001.png,Benue,30-40
9.194106854645977_7.311649266304025_9.14919109044_7.356565030510001.png,Benue,30-40
9.194106854645977_7.326621187706017_9.14919109044_7.356565030510001.png,Benue,30-40
9.194106854645977_7.341593109108009_9.14919109044_7.356565030510001.png,Benue,30-40
9.194106854645977_7.356565030510001_9.14919109044_7.356565030510001.png,Benue,30-40
9.194106854645977_7.3715369519119935_9.14919109044_7.356565030510001.png,Benue,30-40
9.194106854645977_7.386508873313986_9.14919109044_7.356565030510001.png,Benue,30-40
9.194106854645977_7.401480794715978_9.14919109044_7.356565030510001.png,Benue,30-40
9.19954661318_7.195023420498009_9.19954661318_7.209995341900001.png,Benue,30-40
9.19954661318_7.209995341900001_9.19954661318_7.209995341900001.png,Benue,30-40
9.213037720034023_7.407861103851992_9.25795348424_7.39288918245.png,Benue,30-40
9.214518534581993_7.209995341900001_9.19954661318_7.209995341900001.png,Benue,30-40
9.214518534581993_7.239939184703985_9.19954661318_7.209995341900001.png,Benue,30-40
9.228009641436016_7.407861103851992_9.25795348424_7.39288918245.png,Benue,30-40
9.228009641436016_7.437804946655977_9.25795348424_7.39288918245.png,Benue,30-40
9.229490455983985_7.239939184703985_9.19954661318_7.209995341900001.png,Benue,30-40
9.232176282204025_7.0561601111280075_9.27709204641_7.07113203253.png,Benue,30-40
9.232176282204025_7.101075875333984_9.27709204641_7.07113203253.png,Benue,30-40
9.242981562838008_7.362945339646016_9.25795348424_7.39288918245.png,Benue,30-40
9.242981562838008_7.4228330252539845_9.25795348424_7.39288918245.png,Benue,30-40
9.244462377385977_7.209995341900001_9.19954661318_7.209995341900001.png,Benue,30-40
9.244462377385977_7.239939184703985_9.19954661318_7.209995341900001.png,Benue,30-40
9.247094084404024_7.797975340004023_9.29200984861_7.84289110421.png,Benue,30-40
9.247148203606017_7.0561601111280075_9.27709204641_7.07113203253.png,Benue,30-40
9.247148203606017_7.116047796735976_9.27709204641_7.07113203253.png,Benue,30-40
9.25795348424_7.4228330252539845_9.25795348424_7.39288918245.png,Benue,30-40
9.262120125008009_7.026216268324023_9.27709204641_7.07113203253.png,Benue,30-40
9.262120125008009_7.07113203253_9.27709204641_7.07113203253.png,Benue,30-40
9.262120125008009_7.101075875333984_9.27709204641_7.07113203253.png,Benue,30-40
9.272925405641992_7.347973418244024_9.25795348424_7.39288918245.png,Benue,30-40
9.272925405641992_7.362945339646016_9.25795348424_7.39288918245.png,Benue,30-40
9.272925405641992_7.407861103851992_9.25795348424_7.39288918245.png,Benue,30-40
9.27709204641_7.026216268324023_9.27709204641_7.07113203253.png,Benue,30-40
9.287897327043984_7.4228330252539845_9.25795348424_7.39288918245.png,Benue,30-40
9.29200984861_7.812947261406015_9.29200984861_7.84289110421.png,Benue,30-40
9.292063967811993_7.026216268324023_9.27709204641_7.07113203253.png,Benue,30-40
9.302869248445976_7.347973418244024_9.25795348424_7.39288918245.png,Benue,30-40
9.302869248445976_7.437804946655977_9.25795348424_7.39288918245.png,Benue,30-40
9.306981770011992_7.797975340004023_9.29200984861_7.84289110421.png,Benue,30-40
9.307035889213985_7.116047796735976_9.27709204641_7.07113203253.png,Benue,30-40
9.322007810615977_7.041188189726015_9.27709204641_7.07113203253.png,Benue,30-40
9.322007810615977_7.116047796735976_9.27709204641_7.07113203253.png,Benue,30-40
9.411447167534023_7.389996582238006_9.45636293174_7.404968503639998.png,Benue,30-40
9.411447167534023_7.449884267845975_9.45636293174_7.404968503639998.png,Benue,30-40
9.426419088936015_7.375024660836014_9.45636293174_7.404968503639998.png,Benue,30-40
9.433329818231075_7.4186312253219295_9.45636293174_7.404968503639998.png,Benue,30-40
9.441391010338007_7.404968503639998_9.45636293174_7.404968503639998.png,Benue,30-40
9.451883092044433_7.429835770803402_9.45636293174_7.404968503639998.png,Benue,30-40
9.45636293174_7.404968503639998_9.45636293174_7.404968503639998.png,Benue,30-40
9.45636293174_7.449884267845975_9.45636293174_7.404968503639998.png,Benue,30-40
9.471334853141991_7.4199404250419905_9.45636293174_7.404968503639998.png,Benue,30-40
9.471334853141991_7.434912346443983_9.45636293174_7.404968503639998.png,Benue,30-40
9.501278695945976_7.360052739434022_9.45636293174_7.404968503639998.png,Benue,30-40
9.501278695945976_7.375024660836014_9.45636293174_7.404968503639998.png,Benue,30-40
9.501278695945976_7.434912346443983_9.45636293174_7.404968503639998.png,Benue,30-40
9.538385898746016_6.504710449144024_9.56832974155_6.549626213350001.png,Benue,30-40
9.538385898746016_6.579570056153985_9.56832974155_6.549626213350001.png,Benue,30-40
9.538385898746016_6.594541977555977_9.56832974155_6.549626213350001.png,Benue,30-40
9.552247543904025_6.505204438114023_9.597163308110002_6.55012020232.png,Benue,30-40
9.552247543904025_6.520176359516015_9.597163308110002_6.55012020232.png,Benue,30-40
9.552247543904025_6.5351482809180075_9.597163308110002_6.55012020232.png,Benue,30-40
9.552247543904025_6.55012020232_9.597163308110002_6.55012020232.png,Benue,30-40
9.552247543904025_6.565092123721992_9.597163308110002_6.55012020232.png,Benue,30-40
9.552247543904025_6.580064045123984_9.597163308110002_6.55012020232.png,Benue,30-40
9.552247543904025_6.595035966525976_9.597163308110002_6.55012020232.png,Benue,30-40
9.553357820148008_6.5196823705460165_9.56832974155_6.549626213350001.png,Benue,30-40
9.553357820148008_6.564598134751993_9.56832974155_6.549626213350001.png,Benue,30-40
9.567219465306017_6.505204438114023_9.597163308110002_6.55012020232.png,Benue,30-40
9.567219465306017_6.520176359516015_9.597163308110002_6.55012020232.png,Benue,30-40
9.567219465306017_6.5351482809180075_9.597163308110002_6.55012020232.png,Benue,30-40
9.567219465306017_6.55012020232_9.597163308110002_6.55012020232.png,Benue,30-40
9.567219465306017_6.565092123721992_9.597163308110002_6.55012020232.png,Benue,30-40
9.567219465306017_6.580064045123984_9.597163308110002_6.55012020232.png,Benue,30-40
9.567219465306017_6.595035966525976_9.597163308110002_6.55012020232.png,Benue,30-40
9.56832974155_6.5196823705460165_9.56832974155_6.549626213350001.png,Benue,30-40
9.56832974155_6.579570056153985_9.56832974155_6.549626213350001.png,Benue,30-40
9.58219138670801_6.505204438114023_9.597163308110002_6.55012020232.png,Benue,30-40
9.58219138670801_6.520176359516015_9.597163308110002_6.55012020232.png,Benue,30-40
9.58219138670801_6.5351482809180075_9.597163308110002_6.55012020232.png,Benue,30-40
9.58219138670801_6.55012020232_9.597163308110002_6.55012020232.png,Benue,30-40
9.58219138670801_6.565092123721992_9.597163308110002_6.55012020232.png,Benue,30-40
9.58219138670801_6.580064045123984_9.597163308110002_6.55012020232.png,Benue,30-40
9.58219138670801_6.595035966525976_9.597163308110002_6.55012020232.png,Benue,30-40
9.583301662951992_6.504710449144024_9.56832974155_6.549626213350001.png,Benue,30-40
9.583301662951992_6.534654291948009_9.56832974155_6.549626213350001.png,Benue,30-40
9.586433033824024_6.409219086163985_9.63134879803_6.37927524336.png,Benue,30-40
9.592244818814024_6.907129813848008_9.63716058302_6.92210173525.png,Benue,30-40
9.592244818814024_6.92210173525_9.63716058302_6.92210173525.png,Benue,30-40
9.592244818814024_6.937073656651992_9.63716058302_6.92210173525.png,Benue,30-40
9.592244818814024_6.967017499455976_9.63716058302_6.92210173525.png,Benue,30-40
9.597163308110002_6.505204438114023_9.597163308110002_6.55012020232.png,Benue,30-40
9.597163308110002_6.520176359516015_9.597163308110002_6.55012020232.png,Benue,30-40
9.597163308110002_6.5351482809180075_9.597163308110002_6.55012020232.png,Benue,30-40
9.597163308110002_6.55012020232_9.597163308110002_6.55012020232.png,Benue,30-40
9.597163308110002_6.565092123721992_9.597163308110002_6.55012020232.png,Benue,30-40
9.597163308110002_6.580064045123984_9.597163308110002_6.55012020232.png,Benue,30-40
9.597163308110002_6.595035966525976_9.597163308110002_6.55012020232.png,Benue,30-40
9.601404955226016_6.334359479154024_9.63134879803_6.37927524336.png,Benue,30-40
9.607216740216016_6.967017499455976_9.63716058302_6.92210173525.png,Benue,30-40
9.616376876628008_6.349331400556016_9.63134879803_6.37927524336.png,Benue,30-40
9.616376876628008_6.37927524336_9.63134879803_6.37927524336.png,Benue,30-40
9.619962487204024_6.8286777638240235_9.66487825141_6.87359352803.png,Benue,30-40
9.63134879803_6.364303321958008_9.63134879803_6.37927524336.png,Benue,30-40
9.63134879803_6.409219086163985_9.63134879803_6.37927524336.png,Benue,30-40
9.634934408606016_6.888565449431992_9.66487825141_6.87359352803.png,Benue,30-40
9.63716058302_6.92210173525_9.63716058302_6.92210173525.png,Benue,30-40
9.63716058302_6.952045578053984_9.63716058302_6.92210173525.png,Benue,30-40
9.63716058302_6.967017499455976_9.63716058302_6.92210173525.png,Benue,30-40
9.646320719431992_6.37927524336_9.63134879803_6.37927524336.png,Benue,30-40
9.646320719431992_6.3942471647619925_9.63134879803_6.37927524336.png,Benue,30-40
9.649906330008008_6.918509292235976_9.66487825141_6.87359352803.png,Benue,30-40
9.652132504421992_6.967017499455976_9.63716058302_6.92210173525.png,Benue,30-40
9.661292640833985_6.334359479154024_9.63134879803_6.37927524336.png,Benue,30-40
9.661292640833985_6.3942471647619925_9.63134879803_6.37927524336.png,Benue,30-40
9.667104425823984_6.967017499455976_9.63716058302_6.92210173525.png,Benue,30-40
9.676264562235977_6.37927524336_9.63134879803_6.37927524336.png,Benue,30-40
